t,ax,ay,az,gx,gy,gz
788201245,0.0874,-0.0117,-1.0571,0.201,0.005,-0.000
788214245,0.0937,-0.0078,-1.0581,-0.165,0.067,0.061
788227245,0.0947,-0.0103,-1.0586,-0.104,-0.056,0.122
788240245,0.0903,-0.0132,-1.0542,-0.104,-0.117,-0.061
788253245,0.0894,-0.0146,-1.0562,-0.043,-0.056,-0.000
788266245,0.0952,-0.0098,-1.0630,-0.287,-0.178,-0.366
788279245,0.0894,-0.0112,-1.0605,0.018,-0.056,0.122
788292245,0.0908,-0.0117,-1.0596,0.079,-0.117,-0.122
788305245,0.0918,-0.0117,-1.0591,-0.104,0.005,-0.183
788318245,0.0913,-0.0098,-1.0547,-0.104,0.128,-0.061
788331245,0.0933,-0.0137,-1.0562,-0.043,0.128,0.183
788344245,0.0884,-0.0127,-1.0576,0.201,-0.056,0.061
788357245,0.0889,-0.0088,-1.0610,-0.104,0.128,0.183
788370245,0.0913,-0.0098,-1.0503,0.079,-0.056,0.061
788383245,0.0918,-0.0117,-1.0542,0.018,0.005,0.061
788396245,0.0942,-0.0137,-1.0566,0.018,0.189,0.122
788409245,0.0903,-0.0107,-1.0649,0.201,0.128,0.061
788422245,0.0889,-0.0127,-1.0557,-0.104,0.311,0.122
788435245,0.0923,-0.0127,-1.0601,-0.349,0.189,-0.061
788448245,0.0952,-0.0151,-1.0620,0.079,0.189,0.061
788461245,0.0894,-0.0098,-1.0576,0.018,-0.056,-0.061
788474245,0.0884,-0.0103,-1.0566,-0.104,0.005,-0.122
788487245,0.0898,-0.0132,-1.0576,0.140,-0.056,0.122
788500245,0.0952,-0.0112,-1.0562,0.018,0.067,0.061
788513245,0.0908,-0.0103,-1.0552,0.018,0.005,-0.122
788526245,0.0903,-0.0107,-1.0596,0.079,0.189,0.122
788539245,0.0957,-0.0103,-1.0591,0.079,0.005,-0.000
788552245,0.0894,-0.0088,-1.0610,-0.043,0.067,-0.183
788565245,0.0913,-0.0127,-1.0635,0.018,-0.117,0.244
788578245,0.0913,-0.0093,-1.0625,-0.104,0.128,0.366
788591245,0.0933,-0.0146,-1.0596,0.018,0.189,-0.000
788604245,0.0854,-0.0112,-1.0537,-0.104,0.189,0.061
788617245,0.0967,-0.0088,-1.0586,-0.165,-0.117,-0.061
788630245,0.0864,-0.0122,-1.0615,0.140,0.067,-0.000
788643245,0.0928,-0.0156,-1.0576,-0.043,-0.117,0.305
788656245,0.0913,-0.0103,-1.0591,0.079,0.005,-0.122
788669245,0.0903,-0.0132,-1.0601,0.018,-0.117,-0.061
788682245,0.0908,-0.0098,-1.0659,0.323,0.005,0.061
788695245,0.0889,-0.0103,-1.0645,0.018,-0.361,-0.061
788708245,0.0913,-0.0151,-1.0581,0.384,-0.239,-0.000
788721245,0.0903,-0.0122,-1.0532,-0.043,-0.300,-0.000
788734245,0.0894,-0.0078,-1.0649,0.262,-0.117,-0.000
788747245,0.0889,-0.0137,-1.0659,-0.043,-0.239,0.122
788760245,0.0889,-0.0112,-1.0576,0.079,-0.056,-0.000
788773245,0.0908,-0.0073,-1.0576,0.262,0.067,0.122
788786245,0.0879,-0.0107,-1.0488,-0.043,-0.056,-0.183
788799245,0.0898,-0.0112,-1.0596,-0.226,0.067,0.061
788812245,0.0923,-0.0107,-1.0566,0.262,-0.117,-0.183
788825245,0.0908,-0.0093,-1.0552,-0.043,0.067,0.244
788838245,0.0923,-0.0146,-1.0601,0.262,-0.056,0.122
788851245,0.0918,-0.0088,-1.0620,-0.043,-0.178,-0.061
788864245,0.0918,-0.0137,-1.0542,0.079,0.128,-0.000
788877245,0.0947,-0.0127,-1.0581,-0.043,-0.178,0.122
788890245,0.0889,-0.0142,-1.0640,0.018,0.005,0.061
788903245,0.0903,-0.0103,-1.0630,-0.165,0.005,-0.122
788916245,0.0894,-0.0122,-1.0679,0.140,0.067,-0.061
788929245,0.0947,-0.0112,-1.0557,0.140,0.067,0.061
788942245,0.0884,-0.0132,-1.0601,-0.226,0.067,0.244
788955245,0.0952,-0.0117,-1.0503,-0.104,0.067,0.061
788968245,0.0889,-0.0112,-1.0654,-0.287,0.067,0.122
788981245,0.0962,-0.0137,-1.0576,0.323,0.067,0.061
788994245,0.0898,-0.0107,-1.0596,0.201,-0.056,-0.122
789007245,0.0933,-0.0103,-1.0518,0.018,0.005,0.061
789020245,0.0889,-0.0117,-1.0571,0.018,0.005,-0.122
789033245,0.0908,-0.0117,-1.0557,0.079,0.189,-0.122
789046245,0.0908,-0.0088,-1.0557,0.140,-0.178,0.122
789059245,0.0894,-0.0068,-1.0571,0.018,-0.056,-0.183
789072245,0.0928,-0.0156,-1.0566,0.018,-0.056,-0.183
789085245,0.0898,-0.0098,-1.0571,-0.043,0.311,0.183
789098245,0.0952,-0.0103,-1.0537,0.079,0.067,-0.122
789111245,0.0908,-0.0088,-1.0571,-0.104,0.189,-0.061
789124245,0.0879,-0.0112,-1.0630,0.018,0.189,-0.183
789137245,0.0928,-0.0132,-1.0566,-0.165,0.128,0.061
789150245,0.0923,-0.0093,-1.0640,0.079,-0.117,-0.061
789163245,0.0913,-0.0117,-1.0552,0.140,-0.056,-0.061
789176245,0.0957,-0.0107,-1.0605,0.018,0.128,0.305
789189245,0.0903,-0.0112,-1.0596,-0.104,0.128,0.122
789202245,0.0903,-0.0127,-1.0605,-0.165,-0.300,0.061
789215245,0.0933,-0.0103,-1.0601,-0.043,0.005,-0.122
789228245,0.0908,-0.0137,-1.0581,-0.287,0.067,-0.122
789241245,0.0894,-0.0117,-1.0571,-0.104,-0.117,-0.000
789254245,0.0874,-0.0112,-1.0654,0.018,0.067,-0.366
789267245,0.0913,-0.0107,-1.0610,-0.043,0.250,-0.061
789280245,0.0933,-0.0093,-1.0615,0.018,0.311,-0.000
789293245,0.0894,-0.0098,-1.0591,0.140,-0.056,0.305
789306245,0.0933,-0.0132,-1.0615,-0.043,-0.056,0.244
789319245,0.0923,-0.0142,-1.0537,-0.165,-0.239,0.061
789332245,0.0942,-0.0093,-1.0591,-0.043,-0.422,0.061
789345245,0.0908,-0.0112,-1.0596,-0.043,0.128,-0.000
789358245,0.0923,-0.0137,-1.0610,0.201,-0.056,-0.061
789371245,0.0894,-0.0088,-1.0630,0.140,0.005,0.061
789384245,0.0947,-0.0127,-1.0522,0.201,0.005,-0.061
789397245,0.0908,-0.0098,-1.0435,-0.104,0.433,-0.000
789410245,0.0903,-0.0127,-1.0806,-0.104,0.005,-0.183
789423245,0.0894,-0.0083,-1.0508,0.384,-0.300,-0.000
789436245,0.0928,0.0122,-1.0273,-2.973,1.592,-0.611
789449245,0.1421,-0.0649,-1.2383,-0.654,3.057,-0.427
789462245,0.0796,-0.0151,-1.0391,-0.043,-0.117,0.122
789475245,0.0923,-0.0137,-1.0640,-0.898,0.005,-0.244
789488245,0.1113,-0.0156,-1.0718,0.079,0.494,0.183
789501245,0.1040,0.0693,-0.9717,-3.156,3.546,-0.183
789514245,0.0659,0.0059,-1.0005,-2.363,1.470,-0.183
789527245,0.1060,-0.0054,-1.0874,-0.287,0.067,0.183
789540245,0.0464,-0.0005,-1.0020,1.483,-3.962,0.671
789553245,-0.0205,-0.0542,-0.8574,6.243,-7.380,1.281
789566245,0.1001,-0.0132,-1.0513,1.055,0.372,0.244
789579245,0.0845,-0.0137,-1.0508,-0.043,-0.300,0.061
789592245,0.0942,-0.0142,-1.0571,-0.043,0.189,-0.244
789605245,0.0962,-0.0078,-1.0601,0.018,-0.117,-0.183
789618245,0.0859,-0.0132,-1.0503,0.262,-0.483,0.061
789631245,0.0933,-0.0103,-1.0581,0.201,0.189,-0.122
789644245,0.0957,-0.0088,-1.0591,0.506,-0.178,0.061
789657245,0.0859,-0.0034,-1.0630,-2.241,1.592,-0.550
789670245,0.1230,-0.0166,-1.0967,0.201,0.677,-0.244
789683245,0.0869,-0.0146,-1.0552,-0.410,-0.056,-0.000
789696245,0.0781,-0.0039,-1.0342,0.140,-0.422,0.061
789709245,0.0864,-0.0161,-1.0532,0.201,0.250,0.122
789722245,0.0903,-0.0239,-1.0649,1.544,-0.849,0.305
789735245,0.0889,-0.0156,-1.0576,0.262,0.433,-0.183
789748245,0.0903,-0.0107,-1.0679,0.445,-1.154,0.122
789761245,0.0918,-0.0073,-1.0547,0.262,-0.056,-0.061
789774245,0.0928,-0.0107,-1.0581,0.018,-0.056,-0.000
789787245,0.0928,-0.0127,-1.0571,0.323,-0.239,0.305
789800245,0.0879,-0.0112,-1.0610,0.323,-0.239,-0.000
789813245,0.0884,-0.0156,-1.0596,0.567,-0.483,-0.000
789826245,0.0942,-0.0137,-1.0601,0.384,-0.300,-0.000
789839245,0.0947,-0.0112,-1.0581,0.018,-0.117,0.061
789852245,0.0908,-0.0122,-1.0605,0.201,0.005,0.122
789865245,0.0889,-0.0117,-1.0591,0.079,0.128,0.183
789878245,0.0874,-0.0122,-1.0581,-0.104,0.005,0.061
789891245,0.0879,-0.0063,-1.0591,-0.165,-0.117,-0.000
789904245,0.0937,-0.0112,-1.0586,-0.043,0.189,0.061
789917245,0.0928,-0.0107,-1.0605,-0.104,0.067,-0.122
789930245,0.0928,-0.0103,-1.0571,-0.104,-0.056,-0.061
789943245,0.0864,-0.0225,-1.0796,1.422,-1.032,0.244
789956245,0.0894,-0.0049,-1.0581,0.201,-0.056,0.122
789969245,0.0923,-0.0127,-1.0557,0.079,0.128,-0.061
789982245,0.0933,-0.0103,-1.0586,0.140,0.128,-0.000
789995245,0.0874,-0.0093,-1.0498,0.018,0.128,-0.000
790008245,0.0903,-0.0044,-1.0542,0.018,0.189,-0.183
790021245,0.0923,-0.0068,-1.0557,0.262,-0.178,-0.000
790034245,0.0947,-0.0146,-1.0601,0.689,-0.117,0.183
790047245,0.0898,-0.0142,-1.0679,2.398,-0.422,0.366
790060245,0.0903,-0.0073,-1.0610,3.130,0.067,0.244
790073245,0.0918,-0.0039,-1.0469,-0.898,-0.178,-0.366
790086245,0.0913,-0.0161,-1.0737,0.933,-0.178,0.061
790099245,0.0898,-0.0039,-1.0518,0.689,-0.056,0.183
790112245,0.0933,0.0020,-1.0342,-1.325,-0.056,0.305
790125245,0.0854,-0.0259,-1.0762,0.079,-0.178,0.366
790138245,0.1006,0.0073,-1.0591,1.177,-0.605,1.892
790151245,0.1001,0.0195,-1.0444,-0.410,-0.239,5.371
790164245,0.0757,-0.0322,-1.0381,-1.447,-0.117,2.807
790177245,0.0645,-0.0273,-1.0464,-3.400,-0.727,0.915
790190245,0.0898,-0.0430,-1.1265,0.567,0.311,2.258
790203245,0.1045,0.0117,-1.0703,-0.471,-0.239,2.868
790216245,0.0889,-0.0464,-1.0776,-0.043,0.250,6.042
790229245,0.1143,0.0283,-1.0371,-1.630,0.189,6.592
790242245,0.1553,0.0464,-1.1001,-1.752,0.982,13.550
790255245,0.0923,-0.0054,-1.0464,-1.142,-1.398,16.968
790268245,0.1191,-0.0332,-1.1631,-0.715,3.362,17.517
790281245,0.0376,-0.0347,-0.9653,-1.569,-2.619,16.479
790294245,0.0703,-0.0425,-1.0410,-0.715,-0.056,9.033
790307245,0.0552,-0.0337,-1.0576,-0.410,0.189,2.441
790320245,0.0908,-0.0151,-1.0542,-0.104,0.005,1.098
790333245,0.1118,0.0181,-1.0610,-0.532,-0.178,2.624
790346245,0.1094,-0.0010,-1.0776,0.201,-0.239,0.793
790359245,0.1182,0.0298,-1.0464,-0.532,0.067,2.990
790372245,-0.1592,-0.0220,-0.7529,6.793,-17.451,9.460
790385245,0.1523,0.0474,-1.0894,-1.020,0.616,8.362
790398245,0.1284,0.0928,-1.0430,-3.889,0.677,15.320
790411245,0.1255,0.0605,-1.0225,-4.377,2.874,20.263
790424245,0.0303,-0.0308,-1.0610,-9.687,0.799,19.653
790437245,0.0049,-0.3550,-1.0415,7.220,-0.788,2.685
790450245,0.1001,-0.0146,-1.0742,-0.104,0.372,0.488
790463245,0.0947,-0.0142,-1.0952,1.360,-0.971,-1.099
790476245,0.0869,0.0029,-1.0610,1.238,-1.276,0.305
790489245,0.0952,-0.0171,-1.0596,3.069,-3.351,0.427
790502245,0.1333,0.0112,-1.0679,0.079,-2.375,6.408
790515245,0.0708,-0.0366,-1.0601,-0.165,-0.178,0.366
790528245,0.0879,-0.0112,-1.0518,0.323,-0.666,0.122
790541245,0.0815,-0.0078,-1.0571,-0.471,0.005,-0.000
790554245,0.0874,-0.0093,-1.0610,-0.532,0.067,-0.000
790567245,0.0923,-0.0171,-1.0576,0.445,-0.178,-0.122
790580245,0.0894,-0.0098,-1.0508,0.079,-0.300,0.122
790593245,0.0933,-0.0107,-1.0601,0.689,-0.544,0.122
790606245,0.0928,-0.0103,-1.0596,1.055,-1.154,0.976
790619245,0.0972,-0.0107,-1.0576,-0.410,-0.056,3.784
790632245,0.0898,-0.0142,-1.0610,0.018,0.005,2.380
790645245,0.0767,-0.0459,-1.0630,1.605,-0.727,0.061
790658245,0.0928,-0.0073,-1.0586,-0.104,0.189,0.061
790671245,0.0918,-0.0083,-1.0425,0.506,-0.239,0.122
790684245,0.0933,-0.0073,-1.0547,1.360,-2.619,0.732
790697245,0.0859,-0.0044,-1.0405,-0.104,-0.178,-0.061
790710245,0.0918,-0.0073,-1.0586,-0.165,-0.117,-0.000
790723245,0.0913,-0.0093,-1.0459,0.323,0.311,0.122
790736245,0.0913,-0.0151,-1.0601,0.140,-0.239,-0.061
790749245,0.0957,-0.0142,-1.0547,0.201,0.189,-0.061
790762245,0.0908,-0.0137,-1.0737,0.018,-0.056,0.122
790775245,0.0933,-0.0117,-1.0532,0.140,0.128,-0.000
790788245,0.1099,-0.0459,-1.1030,2.398,0.738,0.427
790801245,0.0913,-0.0146,-1.0449,-0.104,0.250,-0.183
790814245,0.0908,-0.0088,-1.0601,0.018,0.189,-0.061
790827245,0.0972,-0.0103,-1.0664,0.079,-0.422,-0.000
790840245,0.0923,-0.0078,-1.0571,0.323,-0.361,-0.061
790853245,0.0889,-0.0156,-1.0420,0.750,-0.422,0.122
790866245,0.0889,-0.0166,-1.0654,-0.043,0.250,-0.183
790879245,0.0898,-0.0088,-1.0581,-0.226,0.250,-0.122
790892245,0.0928,-0.0107,-1.0439,-0.043,0.372,0.061
790905245,0.0933,-0.0117,-1.0625,-0.104,0.005,-0.000
790918245,0.0942,-0.0107,-1.0522,-0.104,0.128,-0.000
790931245,0.0937,-0.0063,-1.0571,-0.226,-0.056,0.122
790944245,0.0898,-0.0117,-1.0581,-0.104,-0.056,0.122
790957245,0.0898,-0.0107,-1.0557,0.018,0.189,0.061
790970245,0.0928,-0.0088,-1.0552,-0.165,0.311,-0.305
790983245,0.0937,-0.0122,-1.0557,-0.043,-0.117,-0.061
790996245,0.0928,-0.0093,-1.0635,-0.226,-0.056,-0.183
791009245,0.0894,-0.0127,-1.0640,-0.104,0.067,-0.122
791022245,0.0898,-0.0088,-1.0571,-0.043,-0.056,0.183
791035245,0.0923,-0.0117,-1.0601,-0.104,0.372,-0.122
791048245,0.0928,-0.0127,-1.0625,-0.043,-0.056,-0.183
791061245,0.0933,-0.0073,-1.0596,-0.226,0.311,0.122
791074245,0.0928,-0.0132,-1.0654,-0.226,0.372,-0.122
791087245,0.0903,-0.0098,-1.0562,0.079,-0.056,-0.122
791100245,0.0903,-0.0049,-1.0542,0.018,0.005,0.122
791113245,0.0884,-0.0122,-1.0605,-0.287,0.250,-0.183
791126245,0.0933,-0.0132,-1.0562,-0.287,0.494,0.061
791139245,0.0898,-0.0117,-1.0508,-0.165,0.311,-0.000
791152245,0.0918,-0.0117,-1.0552,0.018,0.128,-0.000
791165245,0.0913,-0.0142,-1.0581,-0.043,0.189,0.061
791178245,0.0889,-0.0176,-1.0625,-0.104,0.250,0.061
791191245,0.0933,-0.0117,-1.0576,0.018,0.128,-0.000
791204245,0.0942,-0.0039,-1.0552,-0.104,0.067,-0.000
791217245,0.0908,-0.0107,-1.0576,-0.104,0.128,-0.000
791230245,0.0879,-0.0093,-1.0620,-0.776,1.043,-0.000
791243245,0.0483,-0.0156,-1.0132,0.567,-24.286,0.915
791256245,0.1177,-0.0132,-1.0679,-3.339,1.898,-0.855
791269245,0.1084,-0.0161,-1.0498,0.445,5.560,0.488
791282245,0.1592,0.0396,-1.0381,-0.593,0.738,2.807
791295245,0.1289,-0.0312,-1.0371,-0.471,0.860,-1.465
791308245,0.1499,-0.0029,-1.0469,0.750,-2.131,-3.540
791321245,0.0581,-0.0288,-1.0308,1.055,0.616,-7.813
791334245,0.0400,-0.0312,-1.0601,1.055,-0.239,-6.531
791347245,-0.0083,-0.0161,-1.0796,0.262,0.616,-0.977
791360245,0.0908,-0.0137,-1.0498,0.201,0.921,0.122
791373245,0.0991,-0.0098,-1.0615,0.140,1.531,-0.061
791386245,0.1250,-0.0151,-1.0967,-0.043,5.499,-0.183
791399245,0.0957,-0.0137,-1.0615,-0.349,0.982,0.061
791412245,0.0933,-0.0151,-1.0542,-0.410,0.799,-0.000
791425245,0.0898,-0.0117,-1.0630,-0.532,0.921,-0.427
791438245,0.0962,-0.0078,-1.0596,-0.776,0.799,-0.550
791451245,0.0903,-0.0117,-1.0425,-0.104,-0.422,-2.381
791464245,0.0864,-0.0117,-1.0459,0.506,-13.178,-0.122
791477245,0.0864,-0.0137,-1.0576,-0.471,4.339,-0.061
791490245,0.0898,-0.0117,-1.0640,0.445,3.240,0.244
791503245,0.1494,0.0835,-1.0752,-0.837,15.875,6.408
791516245,0.1064,0.0737,-1.0308,-0.715,14.410,24.109
791529245,0.0947,0.0122,-1.0610,-3.705,34.185,27.832
791542245,0.1807,-0.0337,-1.1128,-1.264,59.393,25.879
791555245,0.0083,-0.0513,-1.0845,-1.752,57.134,24.292
791568245,-0.0020,-0.0410,-1.0171,-1.142,49.688,17.334
791581245,-0.0112,-0.0244,-1.0366,-0.165,38.458,14.465
791594245,0.1216,0.0410,-1.1006,4.229,15.814,15.808
791607245,-0.0186,-0.0596,-1.0723,3.008,9.344,12.756
791620245,0.0337,0.0503,-1.0806,2.154,11.846,11.474
791633245,0.0225,0.0396,-1.0532,0.079,10.565,16.723
791646245,0.0288,-0.0020,-1.0889,0.140,10.626,16.968
791659245,0.0146,-0.0049,-1.1060,-0.471,8.856,17.090
791672245,-0.0200,-0.0459,-1.0464,-0.349,8.795,15.503
791685245,0.0054,-0.0532,-1.0508,2.947,6.170,11.596
791698245,0.0229,-0.0562,-1.0830,8.380,6.414,8.423
791711245,0.0239,-0.0972,-1.1040,9.112,8.917,2.807
791724245,0.0259,-0.1206,-1.2173,7.830,20.696,-6.348
791737245,0.0264,-0.0190,-1.2280,4.473,29.730,-10.865
791750245,0.0205,0.0635,-1.1587,4.656,37.603,-7.630
791763245,0.0098,0.0688,-1.0996,8.196,40.533,-1.770
791776245,0.0620,-0.0190,-1.1211,10.333,47.125,-8.362
791789245,0.0034,-0.0923,-1.1289,8.196,48.162,-11.658
791802245,-0.0542,-0.0684,-1.0703,-13.044,53.411,-16.236
791815245,-0.0332,-0.0029,-1.1138,-28.852,57.928,-20.386
791828245,-0.0361,-0.0244,-1.1719,-25.556,66.900,-20.813
791841245,-0.0479,-0.0024,-1.1626,-20.429,75.872,-20.325
791854245,-0.0322,0.0083,-1.1426,-19.147,84.905,-18.433
791867245,-0.1118,-0.0249,-1.0972,-26.105,89.605,-22.217
791880245,-0.1787,0.0254,-1.0410,-41.303,89.483,-21.057
791893245,-0.2124,0.0215,-1.0244,-53.266,90.582,-14.527
791906245,-0.2407,-0.0415,-1.1069,-54.243,93.084,-11.902
791919245,-0.2983,-0.0728,-1.0845,-50.947,98.394,-10.559
791932245,-0.2686,-0.0498,-1.0845,-44.904,105.901,-12.085
791945245,-0.2510,-0.0571,-1.0068,-44.111,104.254,-13.550
791958245,-0.2466,-0.1323,-1.0459,-42.646,105.901,-18.555
791971245,-0.2515,-0.1055,-1.0254,-46.735,106.695,-21.790
791984245,-0.2729,-0.0908,-0.9883,-51.618,106.268,-22.217
791997245,-0.3477,-0.0874,-0.8696,-59.675,101.507,-18.799
792010245,-0.3491,-0.0991,-0.9121,-67.182,99.798,-16.419
792023245,-0.3511,-0.1157,-0.9248,-68.036,94.366,-14.832
792036245,-0.3188,-0.2202,-0.9502,-56.684,88.751,-15.198
792049245,-0.3799,-0.1963,-0.9849,-38.740,83.807,-23.194
792062245,-0.4253,-0.1865,-0.9448,-25.312,87.103,-25.818
792075245,-0.4922,-0.0796,-0.9404,-31.965,89.361,-27.344
792088245,-0.4224,-0.1294,-0.9346,-45.637,89.788,-25.330
792101245,-0.4141,-0.1777,-0.8721,-49.726,95.464,-26.123
792114245,-0.3540,-0.2368,-0.8491,-43.561,78.680,-28.382
792127245,-0.4687,-0.2407,-0.8638,-36.420,66.900,-32.166
792140245,-0.5796,-0.1528,-0.7964,-33.552,67.510,-28.931
792153245,-0.5864,-0.1367,-0.8428,-28.730,64.459,-23.987
792166245,-0.5679,-0.2012,-0.8589,-26.105,65.679,-24.109
792179245,-0.5537,-0.2437,-0.8433,-20.429,64.764,-28.931
792192245,-0.5215,-0.2778,-0.8315,-13.471,51.214,-27.954
792205245,-0.7549,-0.5312,-1.2715,89.312,23.016,-43.335
792218245,-0.6743,0.0562,-0.7549,-20.978,41.021,-16.724
792231245,-0.6733,-0.2104,-0.9536,-36.115,46.819,-17.456
792244245,-0.6802,-0.2397,-0.8291,-37.458,67.693,-20.691
792257245,-0.6182,-0.1519,-0.7788,-46.003,63.909,-22.339
792270245,-0.6040,-0.1406,-0.6846,-48.261,52.740,-20.386
792283245,-0.6592,-0.1465,-0.6855,-45.453,38.946,-14.405
792296245,-0.7275,-0.1504,-0.7002,-45.698,33.575,-9.705
792309245,-0.7412,-0.1851,-0.7812,-42.646,39.373,-8.911
792322245,-0.6987,-0.2280,-0.7827,-46.430,45.294,-12.818
792335245,-0.6934,-0.2627,-0.7979,-47.590,44.378,-16.846
792348245,-0.6543,-0.1855,-0.7056,-42.829,39.129,-14.221
792361245,-0.6533,-0.1851,-0.6611,-38.923,26.678,-11.353
792374245,-0.6821,-0.2129,-0.6230,-30.683,12.151,-5.249
792387245,-0.7300,-0.2178,-0.6880,-22.504,6.292,0.366
792400245,-0.7446,-0.2441,-0.7500,-19.697,7.818,0.244
792413245,-0.7202,-0.2837,-0.7578,-23.908,10.992,-3.601
792426245,-0.7124,-0.3154,-0.7666,-24.152,12.945,-9.766
792439245,-0.6929,-0.2290,-0.6855,-22.687,9.466,-9.278
792452245,-0.7056,-0.2407,-0.6538,-21.772,0.433,-4.578
792465245,-0.8013,-0.4751,-0.6943,-17.682,-0.422,-9.217
792478245,-0.7310,-0.1870,-0.7056,-1.142,0.189,-10.987
792491245,-0.7515,-0.1499,-0.6943,-11.945,-3.229,-1.953
792504245,-0.7305,-0.2964,-0.6738,-7.123,-3.229,-0.733
792517245,-0.7393,-0.2319,-0.6714,-0.349,-7.441,-1.038
792530245,-0.7046,-0.2100,-0.6553,0.811,-9.821,2.014
792543245,-0.8022,-0.2178,-0.5767,0.689,-20.807,5.981
792556245,-0.7207,-0.2783,-0.6963,4.412,-24.653,5.859
792569245,-0.6865,-0.2910,-0.7729,2.764,-24.470,2.685
792582245,-0.6890,-0.2788,-0.7251,-7.673,-30.146,1.831
792595245,-0.6743,-0.2329,-0.7021,-10.969,-31.489,2.441
792608245,-0.6372,-0.2051,-0.6465,-1.569,-43.024,10.437
792621245,-0.5972,-0.2930,-0.5625,1.544,-62.922,13.977
792634245,-0.5605,-0.2095,-0.5376,4.351,-91.181,23.437
792647245,-0.6304,-0.1929,-0.5635,14.239,-111.628,33.142
792660245,-0.6914,-0.2109,-0.6543,24.981,-124.201,36.926
792673245,-0.6680,-0.2500,-0.7568,37.982,-124.750,36.010
792686245,-0.5879,-0.2817,-0.8315,48.724,-128.657,34.240
792699245,-0.5332,-0.2368,-0.7944,48.419,-131.342,32.043
792712245,-0.4551,-0.2627,-0.8257,48.419,-137.446,28.381
792725245,-0.4922,-0.2075,-0.8203,46.160,-142.267,26.367
792738245,-0.4902,-0.1445,-0.8682,55.743,-143.610,29.114
792751245,-0.4575,-0.2134,-0.8271,66.668,-145.380,28.259
792764245,-0.3296,-0.1104,-0.8203,85.833,-154.841,35.705
792777245,-0.2485,-0.0645,-0.9077,101.397,-159.540,45.349
792790245,-0.1826,-0.1382,-0.9854,110.674,-169.367,55.176
792803245,-0.2261,-0.3687,-0.9380,107.195,-170.893,44.250
792816245,-0.1284,-0.3120,-1.2715,97.430,-148.127,28.991
792829245,-0.1670,-0.2847,-1.3857,86.016,-131.037,12.756
792842245,-0.1738,-0.1528,-1.1689,62.396,-130.244,9.521
792855245,-0.1587,-0.0474,-0.9766,32.855,-141.840,9.216
792868245,-0.1772,0.0542,-0.8721,12.652,-148.493,14.099
792881245,-0.1812,-0.0361,-0.8965,9.966,-142.817,13.611
792894245,-0.0669,-0.0859,-0.9775,22.845,-127.497,12.817
792907245,0.0273,-0.1021,-1.1040,39.874,-118.281,6.164
792920245,0.0806,-0.1201,-1.2041,62.396,-89.167,-0.794
792933245,0.0474,-0.0366,-1.2617,57.086,-72.016,-3.906
792946245,-0.0479,-0.0513,-1.3750,-3.339,-100.580,8.117
792959245,0.1548,-0.1904,-1.3257,-27.387,-87.214,6.958
792972245,-0.0117,-0.0791,-1.1465,-9.016,-95.026,9.582
792985245,-0.1631,0.1162,-1.3042,60.198,-49.555,-5.493
792998245,-0.0513,0.0078,-1.1802,-6.330,-45.161,9.155
793011245,0.1465,-0.0728,-1.0786,-27.570,-42.414,-0.183
793024245,0.0923,-0.1499,-1.0493,-7.245,-52.607,-0.855
793037245,0.1533,-0.0483,-1.1514,1.483,-74.518,3.357
793050245,0.2358,-0.0430,-1.0903,-10.236,-95.392,9.216
793063245,0.2896,-0.0996,-1.0391,-12.922,-106.928,14.038
793076245,0.3003,-0.1040,-1.0044,-22.138,-122.187,14.770
793089245,0.2842,-0.0996,-1.0132,-31.599,-135.065,13.183
793102245,0.2700,-0.0933,-0.9829,-26.288,-143.732,11.291
793115245,0.3193,-0.0898,-1.0508,-16.218,-144.282,9.704
793128245,0.3604,-0.1689,-0.9932,-9.321,-134.577,1.587
793141245,0.3486,-0.1582,-0.9814,-8.710,-134.028,-5.921
793154245,0.2979,-0.1074,-1.0176,-15.790,-140.375,-7.324
793167245,0.3223,-0.1670,-1.1084,-1.691,-142.512,-8.118
793180245,0.3203,-0.1055,-0.9521,-39.228,-132.624,-13.367
793193245,0.3374,-0.0645,-0.9409,-39.228,-121.027,-13.184
793206245,0.3799,-0.0386,-0.9536,-30.988,-115.412,-4.944
793219245,0.3799,-0.1035,-0.9248,-15.058,-102.778,-2.625
793232245,0.4043,-0.0874,-0.9199,-1.569,-93.256,-0.244
793245245,0.3984,-0.1450,-0.9360,-0.471,-91.486,-3.479
793258245,0.4263,-0.0908,-0.9639,-7.368,-83.185,-3.113
793271245,0.5181,-0.1665,-0.9014,-18.537,-80.744,-5.554
793284245,0.5859,-0.1558,-0.8394,-31.660,-93.806,-5.799
793297245,0.5942,-0.1587,-0.8677,-40.571,-108.759,-6.165
793310245,0.5698,-0.1313,-0.9097,-44.172,-117.914,-1.465
793323245,0.5933,-0.1045,-0.8823,-49.238,-114.435,0.244
793336245,0.6050,-0.0288,-0.8271,-44.782,-109.919,8.545
793349245,0.6475,-0.1689,-0.8188,-36.481,-97.468,12.329
793362245,0.6787,-0.2310,-0.8193,-28.364,-89.533,6.714
793375245,0.7339,-0.2158,-0.7905,-32.453,-90.937,5.737
793388245,0.6924,-0.2607,-0.8638,-41.974,-97.773,-2.564
793401245,0.6895,-0.1948,-0.7876,-56.989,-102.473,-7.752
793414245,0.7368,-0.1978,-0.7275,-66.877,-108.393,-6.165
793427245,0.8022,-0.1929,-0.6387,-69.868,-124.445,0.305
793440245,0.8687,-0.2192,-0.5815,-67.304,-151.423,3.540
793453245,0.9512,-0.2939,-0.5259,-71.271,-172.663,3.357
793466245,0.8872,-0.2769,-0.5986,-75.117,-178.644,-0.000
793479245,0.7822,-0.2588,-0.7798,-74.811,-164.057,-5.738
793492245,0.7524,-0.2852,-0.7764,-69.257,-133.417,-6.775
793505245,0.7905,-0.2061,-0.6758,-69.562,-111.689,-7.019
793518245,0.8125,-0.2119,-0.5474,-65.046,-102.411,-3.418
793531245,0.8848,-0.2676,-0.3550,-63.703,-96.186,-2.747
793544245,0.8789,-0.2139,-0.3208,-62.604,-106.196,2.197
793557245,0.9268,-0.2568,-0.3833,-53.266,-112.787,-1.831
793570245,0.9048,-0.3540,-0.3408,-41.547,-104.914,-2.747
793583245,0.8857,-0.3174,-0.3208,-37.092,-94.477,-8.789
793596245,0.8442,-0.3193,-0.3726,-40.204,-88.740,-9.461
793609245,0.8130,-0.3052,-0.3682,-43.012,-73.420,-10.926
793622245,0.8555,-0.2749,-0.2559,-39.289,-75.068,-12.329
793635245,0.8359,-0.2476,-0.2266,-33.246,-75.739,-7.202
793648245,0.8408,-0.3198,-0.2085,-30.256,-64.753,-4.883
793661245,0.8813,-0.3223,-0.1650,-23.725,-58.954,-3.174
793674245,0.9272,-0.3398,-0.1108,-23.176,-52.668,-3.174
793687245,0.8770,-0.3267,-0.1763,-23.786,-63.471,-1.709
793700245,0.8906,-0.2920,-0.1846,-32.819,-68.415,2.685
793713245,0.8975,-0.3345,-0.2031,-34.467,-65.851,4.394
793726245,0.8286,-0.3301,-0.1514,-29.523,-67.988,-0.550
793739245,0.8745,-0.3149,-0.1284,-26.716,-73.786,-0.855
793752245,0.8740,-0.3320,-0.1206,-28.181,-72.687,-3.662
793765245,0.8931,-0.3140,-0.0610,-25.617,-78.364,-2.564
793778245,0.9434,-0.3203,-0.0425,-25.983,-89.411,-0.733
793791245,0.9077,-0.3608,0.1094,-32.758,-44.306,3.174
793804245,0.9614,-0.3115,-0.0205,-12.800,-53.828,3.479
793817245,0.9087,-0.3276,-0.0615,-10.114,-48.456,3.052
793830245,0.9287,-0.3149,-0.0493,-12.250,-40.644,2.136
793843245,0.9087,-0.3091,-0.0425,-15.180,-35.700,5.798
793856245,0.9355,-0.2534,-0.3081,16.558,-33.259,6.103
793869245,0.8467,-0.3042,0.1602,-16.706,-28.681,1.159
793882245,0.7935,-0.3657,-0.1772,8.318,0.250,6.042
793895245,0.8530,-0.2993,-0.0420,-9.748,22.222,4.760
793908245,0.8306,-0.3721,-0.0503,-3.828,24.114,8.667
793921245,0.9233,-0.3340,0.0718,-6.635,21.246,10.010
793934245,0.9033,-0.3120,0.0371,-3.156,17.278,8.178
793947245,0.9146,-0.3589,-0.0181,-1.203,26.739,7.019
793960245,0.8950,-0.3403,-0.0615,-0.593,41.143,3.235
793973245,0.9185,-0.2983,-0.0015,-0.349,49.078,0.488
793986245,0.9219,-0.2451,0.0317,4.656,49.444,5.310
793999245,0.9092,-0.2568,-0.0186,16.131,51.092,10.925
794012245,0.9097,-0.2925,-0.0903,19.793,64.886,13.977
794025245,0.9341,-0.3423,-0.1191,21.258,77.581,10.742
794038245,0.9438,-0.3403,-0.1221,20.464,85.027,9.460
794051245,1.0352,-0.3574,-0.0142,17.169,77.581,4.699
794064245,1.0352,-0.3306,-0.0439,19.976,63.055,3.906
794077245,0.9893,-0.2803,-0.1226,19.793,56.890,5.737
794090245,0.9106,-0.2695,-0.2314,14.422,61.346,4.883
794103245,0.8403,-0.2280,-0.3271,19.732,83.196,15.442
794116245,0.8833,-0.2920,-0.3804,25.714,121.099,18.493
794129245,1.0571,-0.2974,-0.3037,48.480,145.269,2.868
794142245,0.9561,-0.2520,-0.2227,43.597,143.499,1.404
794155245,0.9937,-0.1924,-0.2041,32.977,133.001,5.005
794168245,0.8872,-0.1929,-0.2793,31.207,130.743,9.460
794181245,0.8540,-0.2158,-0.3672,40.606,145.147,15.625
794194245,0.8237,-0.1646,-0.4492,34.991,165.777,20.874
794207245,0.8252,-0.2998,-0.5020,29.803,179.388,12.085
794220245,0.8359,-0.2856,-0.5171,29.315,186.102,9.582
794233245,0.8267,-0.2676,-0.5400,43.597,189.398,7.202
794246245,0.7935,-0.2583,-0.5132,54.949,197.393,5.737
794259245,0.7686,-0.1841,-0.5327,63.311,201.238,12.085
794272245,0.8003,-0.2393,-0.5527,75.274,201.238,12.878
794285245,0.8027,-0.2461,-0.6040,76.006,200.750,11.963
794298245,0.7812,-0.2271,-0.6699,76.983,192.388,10.498
794311245,0.7041,-0.1846,-0.7246,78.082,180.364,12.817
794324245,0.6128,-0.1875,-0.7988,77.288,176.336,13.122
794337245,0.5928,-0.1587,-0.8496,75.396,177.740,12.817
794350245,0.5854,-0.1118,-0.8218,73.504,176.519,13.794
794363245,0.5737,-0.0703,-0.8223,70.025,174.566,19.043
794376245,0.5220,-0.0791,-0.9023,67.095,190.496,22.278
794389245,0.4995,-0.1123,-0.9434,62.396,219.061,22.644
794402245,0.5142,-0.1514,-0.9736,57.269,261.297,20.630
794415245,0.2896,-0.0840,-1.1191,67.706,217.474,18.371
794428245,0.3784,0.0293,-1.0635,45.794,153.692,17.212
794441245,0.3872,-0.2031,-1.0137,35.601,158.026,23.193
794454245,0.4463,0.0264,-0.9951,40.728,137.640,12.451
794467245,0.3994,-0.0801,-0.9033,48.480,121.160,11.230
794480245,0.4214,0.1650,-0.8052,50.860,86.675,21.423
794493245,0.3955,0.1899,-0.7710,47.564,50.298,38.635
794506245,0.3354,-0.0898,-0.6973,48.846,41.265,36.621
794519245,0.2368,-0.1509,-1.1108,72.711,50.543,17.578
794532245,0.0967,-0.0742,-1.2451,72.344,63.055,7.995
794545245,0.0562,0.0044,-1.2427,51.043,64.276,5.493
794558245,0.0703,0.0078,-1.1812,24.676,65.984,3.906
794571245,0.1313,0.0928,-1.0986,10.272,68.487,2.746
794584245,0.1226,0.0610,-1.0894,8.685,65.557,0.610
794597245,0.1543,0.0723,-1.0537,9.295,54.205,-2.930
794610245,0.1479,0.0908,-1.0264,5.389,39.800,-3.540
794623245,0.1240,0.0684,-1.0723,-0.104,25.640,-3.418
794636245,0.1318,0.0732,-1.1133,-5.048,23.870,-4.822
794649245,0.0986,0.1440,-1.1074,-12.800,21.063,-2.808
794662245,0.0635,0.1064,-1.0894,-19.391,21.795,2.136
794675245,0.1143,0.1343,-1.1064,-10.969,20.941,5.859
794688245,0.0806,0.1777,-1.0381,-1.508,15.142,13.977
794701245,0.0835,0.1665,-1.0313,3.680,6.964,24.109
794714245,0.1313,0.1055,-1.0640,4.839,0.860,25.146
794727245,0.1514,0.0791,-1.0479,4.901,-6.464,26.062
794740245,0.1240,0.0557,-1.0552,-0.104,-20.136,29.175
794753245,0.1025,0.1162,-1.0225,-9.138,-36.921,37.353
794766245,0.0518,0.1187,-1.0576,-15.668,-47.236,46.875
794779245,0.0728,0.1353,-1.0513,-17.194,-46.198,52.002
794792245,0.0210,0.1592,-1.0283,-15.302,-42.902,63.110
794805245,0.0703,0.1475,-1.0923,-12.189,-43.818,77.514
794818245,0.1846,0.1440,-1.1069,-13.227,-51.447,85.449
794831245,0.2168,0.1221,-1.0195,-19.697,-49.372,88.989
794844245,0.0835,0.0723,-1.0293,-19.025,-46.015,90.393
794857245,0.0737,0.2998,-0.8706,-34.894,-62.189,113.830
794870245,0.1328,0.2622,-0.9004,-50.519,-85.688,144.653
794883245,0.1460,0.2705,-0.9043,-57.538,-106.684,178.955
794896245,0.2358,0.1196,-1.0820,-51.191,-106.440,201.355
794909245,0.3979,-0.0850,-1.1890,-35.871,-96.308,192.810
794922245,0.5063,-0.1655,-1.1304,-27.570,-73.054,150.451
794935245,0.4814,-0.0391,-1.0396,-20.368,-39.118,103.149
794948245,0.1260,0.0811,-0.6909,1.177,-14.460,96.008
794961245,0.1299,0.1841,-0.9233,-6.696,-14.094,86.548
794974245,0.2402,0.0044,-0.9712,-57.477,-5.244,84.839
794987245,0.1592,0.1289,-0.8721,-69.929,-20.563,113.403
795000245,0.2690,0.0332,-1.2168,-73.163,-34.113,132.019
795013245,0.3682,-0.1523,-1.3052,-48.688,-20.746,134.948
795026245,0.3823,-0.0625,-1.1216,-21.894,-20.746,121.460
795039245,0.4673,-0.0942,-1.2124,17.230,-7.319,99.975
795052245,0.1675,-0.0366,-0.5630,2.764,5.804,67.566
795065245,0.2666,0.0928,-0.8081,1.971,-5.793,73.364
795078245,0.2529,0.1562,-0.9585,-15.424,-7.258,68.908
795091245,0.2295,0.1826,-0.9878,-10.236,8.367,67.932
795104245,0.1514,0.0981,-0.9194,-9.870,18.316,67.505
795117245,0.2666,0.1699,-1.0190,-20.551,31.500,71.228
795130245,0.2832,0.1055,-1.0298,-21.100,37.115,72.876
795143245,0.2612,-0.0200,-1.0361,-20.063,33.697,67.444
795156245,0.3799,-0.0366,-1.0562,-14.203,34.918,56.518
795169245,0.4185,0.0288,-1.0947,-0.043,37.603,44.677
795182245,0.3369,0.0635,-1.0278,8.502,30.279,47.180
795195245,0.2446,0.1309,-1.0254,1.666,12.518,57.068
795208245,0.1558,0.1401,-0.9531,-7.917,-6.464,67.138
795221245,0.1147,0.0137,-0.9683,-19.086,-18.061,65.613
795234245,0.1782,0.0913,-1.0420,-21.955,-18.366,61.401
795247245,0.1665,0.0513,-1.0562,-15.485,1.043,52.856
795260245,0.2207,0.0942,-1.1025,-6.513,24.908,41.748
795273245,0.2388,0.1753,-1.0825,3.192,41.693,39.062
795286245,0.2544,0.1304,-1.0537,7.525,46.148,39.551
795299245,0.3003,0.1304,-0.9990,4.839,38.214,41.748
795312245,0.3174,-0.0059,-1.0469,3.619,32.598,34.973
795325245,0.2529,0.0303,-0.9946,-3.400,20.208,21.728
795338245,0.1816,0.0020,-0.9604,-12.800,1.959,9.277
795351245,0.1890,0.1206,-1.0229,-16.340,-4.999,1.770
795364245,0.1494,0.1260,-0.9692,-16.584,-2.680,-6.897
795377245,0.2095,0.0933,-1.0181,-3.766,9.893,-17.273
795390245,0.1973,0.0322,-1.0142,10.882,18.499,-30.579
795403245,0.2231,0.0010,-0.9868,14.483,19.720,-47.119
795416245,0.2612,0.0762,-1.0391,12.042,15.203,-58.655
795429245,0.2603,0.1846,-1.1377,-4.865,5.193,-57.984
795442245,0.2095,0.1211,-1.0225,0.689,-2.497,-50.293
795455245,0.2241,0.0449,-1.0947,-3.034,-9.882,-58.655
795468245,0.2026,-0.0396,-1.0684,-2.973,-10.126,-73.792
795481245,0.2183,0.0015,-1.1245,-3.950,-5.427,-88.440
795494245,0.2095,0.1851,-1.1870,-3.156,11.053,-90.576
795507245,0.1284,0.1104,-1.0718,-0.959,15.386,-90.821
795520245,0.1558,0.0356,-1.0684,6.182,26.495,-93.994
795533245,0.0894,-0.0190,-1.1191,19.732,25.091,-100.891
795546245,0.1201,-0.1079,-1.0728,11.981,38.030,-120.423
795559245,0.1582,-0.1641,-0.9731,-8.588,50.176,-158.753
795572245,0.1079,0.0913,-1.2349,23.882,75.567,-154.969
795585245,-0.0098,-0.0708,-0.6250,30.657,36.382,-158.936
795598245,0.4517,0.4468,-0.8701,26.019,5.132,-112.000
795611245,0.1255,0.4648,-0.9551,61.297,-25.812,-73.914
795624245,0.2017,0.0542,-0.8667,48.663,-27.338,-81.299
795637245,0.2012,-0.1035,-1.0522,56.536,-8.173,-116.944
795650245,0.1333,-0.1304,-0.9219,49.944,-2.497,-132.752
795663245,0.1299,-0.1567,-1.0518,34.991,-29.536,-153.504
795676245,0.4331,0.3105,-1.4712,29.620,-16.291,-140.259
795689245,0.1899,0.4189,-1.1489,24.432,8.917,-108.765
795702245,0.0425,0.2573,-0.9287,13.995,2.020,-82.459
795715245,0.1235,0.1929,-0.9038,1.483,-12.629,-75.440
795728245,0.2539,-0.0483,-0.9409,-9.748,-15.925,-94.544
795741245,0.2368,-0.1821,-1.0269,-9.321,-13.605,-130.371
795754245,0.3472,-0.1060,-0.9795,-12.250,-4.999,-162.720
795767245,0.6436,0.4082,-1.0674,-0.287,4.095,-169.007
795780245,0.2109,-0.0845,-1.0073,10.821,-4.816,-170.655
795793245,0.3174,0.2202,-1.2798,21.929,-8.661,-163.025
795806245,0.3584,0.2437,-1.0791,32.366,10.015,-153.443
795819245,0.3418,0.4199,-1.0098,33.526,27.838,-132.263
795832245,0.3145,0.4136,-0.8628,29.254,36.199,-110.779
795845245,0.2427,-0.0796,-0.9526,27.361,64.947,-124.146
795858245,0.2319,-0.1021,-0.9829,31.390,66.046,-137.757
795871245,0.1509,0.1230,-1.0620,44.512,30.462,-124.146
795884245,0.1523,0.1382,-1.2417,38.836,6.964,-109.009
795897245,0.1650,0.0391,-1.1406,17.352,16.302,-114.014
795910245,0.1343,0.1587,-1.0674,-1.325,39.312,-122.498
795923245,0.1011,0.1118,-1.0874,2.703,63.848,-125.000
795936245,0.1084,-0.0122,-1.2041,11.492,80.816,-137.512
795949245,0.1577,0.0898,-1.1416,10.089,85.882,-143.372
795962245,0.1001,0.3042,-1.0386,20.159,68.731,-120.484
795975245,0.0254,0.1099,-1.0688,25.652,56.707,-104.737
795988245,0.0430,0.0415,-1.0991,23.760,62.933,-111.389
796001245,0.0249,-0.0430,-1.0640,10.211,67.327,-127.564
796014245,0.0425,0.0195,-0.8115,12.713,57.684,-136.536
796027245,0.0425,0.1338,-1.0176,28.033,64.398,-131.104
796040245,0.0942,0.0176,-1.1123,24.920,69.647,-128.418
796053245,0.0254,0.1069,-1.0166,3.619,55.853,-131.958
796066245,0.0234,-0.0591,-1.1494,17.291,71.172,-127.564
796079245,0.0308,0.1357,-1.0664,14.056,58.538,-126.221
796092245,0.1699,0.2520,-0.9590,12.042,69.280,-119.080
796105245,0.1333,0.2427,-0.9204,22.601,71.722,-111.573
796118245,0.1040,-0.0361,-1.0815,64.654,89.544,-113.770
796131245,-0.0703,0.0620,-0.7578,79.119,68.853,-119.507
796144245,-0.0894,0.2417,-0.8110,60.748,45.355,-106.446
796157245,-0.1035,0.2378,-0.9214,49.029,35.406,-98.450
796170245,-0.0664,0.0752,-1.0322,52.935,28.143,-95.398
796183245,-0.0469,0.2183,-1.0005,53.851,28.265,-92.407
796196245,-0.0659,0.1909,-1.0117,48.358,26.434,-86.548
796209245,-0.1099,0.2349,-0.9429,35.235,12.579,-76.294
796222245,-0.1035,0.2671,-1.0073,32.122,-3.657,-64.148
796235245,-0.1304,0.0913,-1.0181,26.324,-5.060,-74.280
796248245,-0.1240,0.1919,-1.0830,33.709,-3.779,-66.529
796261245,-0.0835,0.2798,-1.0913,34.564,1.714,-62.073
796274245,-0.0942,0.3643,-1.1641,18.939,16.485,-62.744
796287245,-0.1289,0.3560,-1.0854,19.732,10.870,-56.946
796300245,-0.1572,0.1587,-1.0400,21.563,13.738,-55.725
796313245,-0.0786,0.3037,-1.0156,17.230,9.954,-38.697
796326245,-0.0576,0.3193,-1.0190,15.399,7.269,-32.715
796339245,-0.1353,0.1992,-1.0352,20.831,6.292,-32.715
796352245,-0.1772,0.2632,-1.1084,30.169,7.635,-28.687
796365245,-0.1333,0.3774,-1.1011,19.305,6.597,-16.602
796378245,-0.1763,0.3950,-1.0278,11.004,-4.328,-2.930
796391245,-0.0977,0.4722,-1.0376,8.013,-24.042,14.221
796404245,-0.1440,0.3892,-0.9404,-1.020,-32.343,41.198
796417245,-0.1675,0.3169,-1.0337,18.389,-44.001,70.007
796430245,-0.1177,0.2852,-1.1396,11.981,-41.193,78.796
796443245,-0.0757,0.2871,-1.1104,-16.889,-25.080,75.989
796456245,-0.0776,0.3481,-1.0342,-23.847,-22.822,86.731
796469245,-0.0737,0.3354,-1.0317,-2.057,-38.874,96.924
796482245,-0.1753,0.3809,-0.8735,5.755,-61.274,111.328
796495245,-0.1724,0.4624,-0.9932,3.436,-87.702,137.573
796508245,-0.1206,0.4175,-1.0298,-1.935,-103.449,170.105
796521245,-0.0859,0.3633,-1.1890,-4.438,-113.337,187.134
796534245,-0.0449,0.0464,-1.1152,-19.208,-102.900,176.635
796547245,0.0288,0.1138,-1.0225,-43.561,-57.001,134.582
796560245,-0.0068,0.0791,-1.0786,-27.143,-12.446,101.990
796573245,-0.0864,0.2720,-1.0576,-0.165,33.819,102.173
796586245,-0.2871,0.4878,-1.1426,38.531,75.323,116.699
796599245,-0.2441,0.4741,-1.0347,41.888,83.990,124.084
796612245,0.0811,0.3804,-0.8657,41.094,80.450,119.323
796625245,0.2026,0.1382,-0.8018,45.367,47.064,105.591
796638245,0.2373,0.0820,-0.8984,59.344,22.222,91.919
796651245,0.0078,0.1357,-0.9346,49.578,-42.719,91.797
796664245,-0.0410,0.1470,-1.2314,12.591,-53.278,88.073
796677245,-0.2437,0.3623,-1.2300,-32.880,-33.625,92.102
796690245,-0.2217,0.0889,-1.2422,-40.815,-7.197,99.975
796703245,0.0742,0.3613,-1.0278,-35.566,14.349,105.835
796716245,0.0034,0.3389,-0.9404,-25.861,-3.657,104.248
796729245,-0.0420,0.2764,-0.8296,-19.697,-36.310,100.830
796742245,-0.1367,0.4824,-0.7080,-30.256,-80.561,97.290
796755245,-0.1235,0.3125,-0.9570,-34.040,-133.906,114.441
796768245,-0.0933,0.1372,-1.3706,-34.894,-146.906,128.357
796781245,-0.0889,0.2646,-1.3774,-66.633,-146.967,156.555
796794245,0.0576,0.4199,-1.2607,-124.921,-115.351,179.626
796807245,-0.0742,0.3135,-1.1318,-135.847,-94.538,179.260
796820245,0.0820,0.2559,-0.8555,-103.498,-77.631,181.152
796833245,0.1401,0.2187,-0.7549,-66.938,-71.711,182.983
796846245,-0.0586,0.1626,-0.7197,-27.631,-75.800,186.523
796859245,0.0186,0.2075,-0.9429,-7.245,-75.373,180.725
796872245,0.1260,0.2173,-1.0962,-17.133,-71.528,185.241
796885245,0.1924,0.1885,-1.1343,-39.594,-83.552,197.815
796898245,0.1802,0.0435,-1.1025,-70.417,-101.801,183.960
796911245,0.3120,0.2012,-0.9839,-113.630,-134.150,180.359
796924245,0.1875,0.0034,-1.0693,-150.129,-153.864,169.800
796937245,0.0039,0.0688,-1.0039,-152.387,-145.441,155.639
796950245,0.0210,0.1162,-0.8789,-123.640,-118.830,161.743
796963245,0.2998,-0.0249,-1.0371,-57.416,-63.593,153.381
796976245,0.4116,-0.2715,-0.9771,22.234,13.616,111.206
796989245,0.4395,-0.1660,-1.1211,76.800,62.628,72.754
797002245,0.2549,0.1084,-1.0498,62.579,36.871,65.796
797015245,0.3047,0.0288,-1.0269,5.999,3.607,65.918
797028245,0.3730,-0.0088,-1.0488,-36.909,-3.840,55.237
797041245,0.2466,0.0107,-0.9922,-56.013,2.264,52.063
797054245,0.1484,0.0435,-1.0112,-65.656,-2.314,47.668
797067245,0.1592,0.0132,-1.0249,-52.228,-4.206,45.776
797080245,0.1895,0.0225,-0.9849,-25.434,-2.985,48.706
797093245,0.2275,-0.0601,-0.9697,-0.043,-6.281,42.907
797106245,0.3164,0.0039,-0.9419,14.910,-4.999,35.217
797119245,0.3291,-0.0835,-0.9541,7.891,-7.929,15.747
797132245,0.2231,-0.0723,-1.0210,6.548,-13.666,-1.892
797145245,0.1943,-0.0073,-1.0229,10.150,-16.413,-9.766
797158245,0.2573,-0.0127,-1.0576,4.107,-11.896,-18.433
797171245,0.2310,-0.0518,-1.0874,8.074,-3.535,-30.213
797184245,0.2280,-0.0752,-1.0757,18.511,5.682,-43.823
797197245,0.2798,-0.0889,-1.0288,29.925,13.677,-62.378
797210245,0.2720,-0.2349,-1.0186,39.874,22.772,-90.515
797223245,0.2642,-0.1304,-1.0005,43.170,30.523,-122.681
797236245,0.3237,-0.0908,-0.9785,34.930,37.420,-155.152
797249245,0.3179,0.0698,-1.0371,49.700,45.599,-163.330
797262245,0.1782,0.0850,-1.0483,64.898,44.439,-158.753
797275245,0.1582,0.0278,-1.0630,67.278,49.261,-160.706
797288245,0.1772,0.1533,-1.0552,63.189,50.421,-159.607
797301245,0.2231,0.0547,-1.0938,60.687,50.787,-164.612
797314245,0.2983,0.0049,-1.0864,55.316,55.792,-175.781
797327245,0.3481,0.2705,-0.8721,35.479,51.702,-170.044
797340245,0.1519,0.3457,-1.0278,39.996,26.800,-145.203
797353245,0.1748,0.2349,-1.0005,48.297,23.199,-133.667
797366245,0.1548,0.1523,-1.1084,56.475,43.463,-132.508
797379245,0.1274,0.1060,-0.9360,61.419,47.308,-136.292
797392245,0.1260,0.1543,-0.8950,54.278,26.312,-136.048
797405245,0.2163,0.1406,-1.0435,57.879,22.711,-136.597
797418245,0.1724,0.2744,-0.9390,67.950,13.311,-133.179
797431245,0.1885,0.3906,-0.8384,88.824,-11.225,-117.554
797444245,0.2354,0.1992,-0.9458,118.548,-20.014,-113.526
797457245,0.2241,0.0874,-1.1040,145.464,-9.150,-121.826
797470245,0.1079,0.1196,-1.2109,142.413,14.288,-135.071
797483245,0.1602,0.1396,-1.3687,121.783,27.410,-143.677
797496245,0.1743,0.2573,-1.2207,83.941,36.321,-149.353
797509245,0.2222,0.4307,-0.9731,47.442,31.805,-144.715
797522245,0.2710,0.2759,-0.9263,44.268,27.471,-143.189
797535245,0.2939,0.2393,-0.7944,63.128,21.856,-148.499
797548245,0.3237,0.2910,-0.8179,81.744,7.208,-165.772
797561245,0.3877,0.0913,-0.9189,96.575,19.293,-191.773
797574245,0.3843,0.2515,-0.8540,94.073,16.790,-198.548
797587245,0.2705,0.3965,-0.9385,72.833,-9.333,-202.759
797600245,0.3647,0.4141,-0.9307,49.578,-33.076,-194.824
797613245,0.4648,0.2661,-0.9556,36.089,-28.620,-204.651
797626245,0.6729,0.0073,-1.1035,62.823,15.630,-245.972
797639245,0.4058,0.1909,-0.9922,94.622,39.922,-261.292
797652245,-0.0356,0.6890,-0.6919,76.861,-32.343,-215.271
797665245,-0.1724,0.7642,-1.2964,53.240,-55.903,-150.940
797678245,-0.0122,0.5698,-1.3477,2.032,0.860,-133.179
797691245,0.0327,0.4492,-1.2153,-26.105,54.083,-120.117
797704245,-0.1582,0.4912,-1.0269,-23.359,58.050,-93.201
797717245,0.2930,0.6401,-1.0259,0.689,78.375,-86.060
797730245,0.1538,0.4375,-0.9521,11.004,86.370,-77.698
797743245,0.2329,0.4458,-0.6470,-3.644,50.421,-45.960
797756245,0.2295,0.4038,-0.7827,-6.574,5.865,-24.842
797769245,0.2231,0.2817,-0.9507,0.201,-7.502,-17.334
797782245,0.1650,0.3379,-1.0508,-5.353,-4.999,-10.498
797795245,0.0547,0.3628,-1.1299,-19.514,-4.633,9.460
797808245,0.0576,0.3608,-1.1885,-37.031,0.189,28.991
797821245,0.1221,0.3511,-1.1021,-48.627,18.926,24.963
797834245,0.2490,0.3301,-0.9717,-38.495,28.936,25.879
797847245,0.3047,0.3066,-0.8745,-27.997,22.405,23.865
797860245,0.2847,0.2393,-0.9487,-22.870,14.227,24.597
797873245,0.2319,0.2476,-0.9604,-24.396,8.550,27.160
797886245,0.2065,0.2783,-0.9932,-30.561,-2.741,39.673
797899245,0.2129,0.2515,-1.0962,-35.078,-7.624,58.044
797912245,0.2871,0.2744,-1.1299,-46.003,-2.253,77.942
797925245,0.0767,0.3628,-0.9932,-55.280,-14.399,82.885
797938245,-0.0303,0.4927,-0.9326,-53.815,-41.743,85.022
797951245,0.0332,0.4619,-0.9692,-52.839,-69.086,110.962
797964245,-0.1689,0.2827,-1.0649,-48.383,-90.693,138.122
797977245,0.3237,0.2090,-1.4556,-71.027,-47.236,165.222
797990245,0.4136,0.1333,-1.4209,-104.658,37.725,179.016
798003245,-0.0610,0.2217,-1.2720,-92.328,78.558,126.831
798016245,0.2729,0.3130,-1.1353,-75.910,108.343,126.098
798029245,0.2524,0.3779,-1.0171,-67.487,135.443,119.690
798042245,-0.0210,0.2847,-0.7090,-59.431,137.213,117.553
798055245,-0.0112,0.1084,-0.8760,-20.307,126.714,128.540
798068245,0.1704,0.1577,-0.8154,-3.583,85.943,139.038
798081245,0.1191,0.1206,-0.9824,-18.842,77.154,145.324
798094245,-0.0396,0.1411,-1.1040,-22.993,71.172,157.165
798107245,-0.2285,0.2578,-1.1108,-50.641,68.670,170.349
798120245,0.1045,0.2432,-1.1284,-74.506,100.408,138.366
798133245,0.0376,0.1733,-0.7656,-59.308,106.024,121.948
798146245,0.1978,0.1914,-0.5396,-33.674,60.491,116.516
798159245,0.1392,0.1777,-0.5283,-3.950,14.532,118.347
798172245,0.0757,0.0547,-0.7969,25.775,-1.642,116.821
798185245,-0.0771,0.1064,-1.0454,29.681,-17.145,131.592
798198245,-0.1689,0.2280,-1.4375,3.375,-8.661,175.964
798211245,-0.1533,0.3584,-1.3833,-54.548,-3.718,232.849
798224245,-0.4434,0.2148,-1.2993,-119.428,-42.353,236.267
798237245,-0.0107,0.2695,-1.1567,-142.438,-81.782,239.441
798250245,0.1558,0.0771,-1.0640,-194.623,-85.261,252.380
798263245,0.3384,0.1699,-0.8794,-187.665,-69.208,233.520
798276245,0.3081,0.1626,-0.7368,-146.406,-76.594,230.530
798289245,0.3340,0.4673,-0.9194,-73.530,-48.395,264.831
798302245,-0.2144,0.0283,-0.8345,36.822,-49.250,302.856
798315245,-0.3027,-0.4790,-0.4385,1.177,-15.314,281.799
798328245,0.2617,-0.4224,-1.2305,-10.847,25.945,195.801
798341245,0.5981,-0.2437,-1.2217,49.395,37.298,158.203
798354245,0.3198,-0.1943,-0.9531,38.653,-8.906,141.296
798367245,0.2056,0.0420,-0.9829,-16.462,-72.016,132.995
798380245,0.2983,-0.0093,-1.1641,-36.970,-92.219,130.615
798393245,0.1978,-0.1118,-1.1987,-10.297,-92.219,127.929
798406245,0.2573,-0.1782,-1.1343,-4.194,-89.655,114.685
798419245,0.3394,-0.2358,-1.2705,-34.467,-83.857,97.107
798432245,0.1499,-0.1455,-1.1880,-57.844,-52.790,71.716
798445245,0.1396,-0.1157,-1.1221,-44.355,-22.333,51.025
798458245,0.2397,-0.0298,-1.0649,1.360,29.913,41.076
798471245,0.2056,0.0117,-0.8950,33.099,51.031,42.358
798484245,0.2319,-0.1338,-0.9463,44.390,45.233,42.114
798497245,0.2617,-0.1558,-1.0439,33.953,27.960,35.339
798510245,0.1997,-0.1665,-1.0273,14.910,-2.192,30.273
798523245,0.2285,-0.1577,-1.0601,-3.950,-28.803,22.766
798536245,0.2876,-0.0625,-1.1123,-6.330,-36.860,19.775
798549245,0.2646,0.0640,-1.1104,-8.100,-34.907,25.024
798562245,0.3579,0.1436,-1.1279,-13.654,-28.925,34.424
798575245,0.1504,-0.1631,-1.0986,-9.077,-22.822,24.353
798588245,0.1069,-0.1992,-1.0225,-3.583,-8.723,12.878
798601245,0.2373,-0.2061,-1.0391,1.483,3.362,-9.949
798614245,0.3599,-0.0454,-1.0405,14.361,8.550,-22.339
798627245,0.3120,-0.1660,-1.0225,18.450,11.663,-41.809
798640245,0.2241,-0.0347,-0.9736,13.323,3.484,-51.331
798653245,0.2466,-0.0859,-0.9761,10.333,-3.718,-58.594
798666245,0.3013,-0.1187,-0.9370,11.187,-2.070,-76.844
798679245,0.3838,-0.2080,-0.9380,19.244,3.240,-107.422
798692245,0.2754,-0.1587,-0.9263,37.982,6.964,-130.127
798705245,0.1909,-0.1445,-0.9180,50.372,9.344,-155.030
798718245,0.2187,0.0356,-1.0205,58.367,18.804,-165.894
798731245,0.1387,0.0542,-1.0054,69.842,19.476,-161.377
798744245,0.2280,-0.0161,-1.0830,71.307,27.593,-170.532
798757245,0.2681,0.0581,-0.9785,74.114,35.955,-179.444
798770245,0.1982,-0.0640,-0.9653,81.317,29.669,-196.167
798783245,0.1704,-0.1069,-0.8555,92.852,21.429,-218.445
798796245,0.2632,-0.0923,-0.8706,103.167,-3.657,-232.544
798809245,0.5576,0.3086,-1.0103,111.041,-28.315,-226.929
798822245,0.3911,0.6943,-0.9185,108.599,-55.842,-188.050
798835245,0.2534,0.2598,-0.8408,108.416,-62.189,-164.002
798848245,0.3999,0.0923,-1.1494,132.525,-47.480,-188.843
798861245,0.4297,0.1333,-1.0493,170.489,-21.479,-198.731
798874245,0.2773,0.1665,-1.1260,167.681,-5.121,-204.529
798887245,0.1548,0.1631,-1.9180,181.231,51.458,-203.003
798900245,-0.0508,0.2295,-1.1333,135.089,57.989,-192.688
798913245,0.0967,0.3223,-1.0356,66.302,48.712,-179.627
798926245,0.2471,0.2324,-0.9834,59.893,50.543,-175.537
798939245,0.3193,0.4175,-0.8823,61.846,41.448,-160.767
798952245,0.1748,0.3774,-0.9619,34.686,39.861,-164.368
798965245,0.2100,0.1436,-1.0796,42.803,69.586,-181.092
798978245,0.0684,0.3604,-1.1631,43.414,60.919,-163.758
798991245,-0.0391,0.3984,-1.2026,39.141,39.922,-135.742
799004245,0.0562,0.3887,-1.2158,5.755,37.786,-113.587
799017245,0.1406,0.3574,-0.9902,-18.171,43.585,-107.727
799030245,0.3042,0.2368,-0.9326,5.572,50.359,-111.634
799043245,0.3149,0.1455,-0.9390,27.545,49.383,-123.657
799056245,0.1963,0.1870,-0.8301,26.202,46.331,-132.141
799069245,0.0815,0.2617,-0.9453,19.610,30.218,-117.798
799082245,0.0537,0.4106,-0.9868,8.135,7.696,-100.037
799095245,0.0967,0.2583,-1.0762,3.741,19.048,-90.454
799108245,0.0513,0.2783,-1.0376,11.370,30.157,-92.896
799121245,0.0190,0.2979,-1.0449,17.047,40.838,-81.848
799134245,0.0103,0.3398,-1.0078,10.272,30.401,-65.369
799147245,0.1294,0.2915,-0.9912,0.689,29.730,-51.270
799160245,0.2031,0.2402,-0.8281,-1.264,9.649,-44.434
799173245,0.2764,0.1763,-0.8687,2.398,-7.929,-46.875
799186245,0.1973,0.2266,-0.8960,9.356,-18.305,-50.781
799199245,0.1323,0.2368,-0.9868,13.445,-23.615,-47.058
799212245,0.0859,0.2344,-1.0835,13.568,-20.197,-41.504
799225245,0.1099,0.2217,-1.1177,4.534,-13.544,-36.011
799238245,0.1157,0.1841,-1.1719,0.933,-3.657,-35.095
799251245,0.1670,0.2109,-1.0767,-7.245,3.729,-32.715
799264245,0.1860,0.2388,-0.8940,-8.771,-6.586,-26.184
799277245,0.2124,0.2202,-0.9082,0.872,-20.869,-22.827
799290245,0.1665,0.1807,-1.1030,14.178,-13.972,-25.696
799303245,0.0747,0.2441,-1.2603,12.347,8.978,-27.283
799316245,0.0537,0.2393,-1.0791,-15.424,-3.901,-13.123
799329245,0.1763,0.2363,-1.0581,-19.819,-21.906,2.624
799342245,0.2144,0.1943,-0.9961,-20.551,-28.132,8.301
799355245,0.1885,0.2012,-1.0098,-15.241,-25.934,11.963
799368245,0.1489,0.1929,-1.0044,-8.710,-18.671,13.733
799381245,0.0898,0.0864,-0.9414,6.854,-12.873,26.733
799394245,0.0776,0.2466,-1.0010,9.295,-2.619,27.893
799407245,0.0317,0.2036,-1.0493,5.145,3.912,35.339
799420245,-0.0259,0.2588,-1.0093,1.422,12.640,33.813
799433245,0.1167,0.1592,-1.0142,2.398,24.847,38.940
799446245,0.2432,0.0972,-1.0200,7.098,32.659,33.142
799459245,0.2500,0.1187,-1.0908,0.262,35.528,31.372
799472245,0.1855,0.0981,-1.1260,-12.372,28.936,34.668
799485245,0.0859,0.1299,-1.1260,-27.570,22.283,41.015
799498245,-0.0195,0.1284,-1.0586,-37.336,20.880,39.184
799511245,0.0918,0.2075,-0.9751,-37.153,26.617,33.203
799524245,0.1660,0.1851,-1.0723,-26.960,39.068,20.080
799537245,0.1904,0.1353,-0.9971,-21.833,46.453,21.179
799550245,0.0156,0.1143,-1.0171,-17.499,49.261,15.625
799563245,-0.2446,0.0132,-0.9810,-33.674,53.533,9.155
799576245,-0.0620,0.2300,-0.9521,-42.768,48.101,29.907
799589245,0.0356,0.1743,-1.0425,-39.655,45.660,45.471
799602245,0.0752,0.2422,-1.0518,-29.584,49.505,51.269
799615245,0.0781,0.2261,-0.9849,-24.152,47.613,39.795
799628245,0.0747,0.1870,-1.0229,-12.861,47.186,39.856
799641245,0.0981,0.1621,-1.0933,-9.443,29.974,46.814
799654245,-0.0161,0.2266,-1.2056,-20.856,-3.657,71.289
799667245,-0.0381,0.1777,-1.1924,-48.505,-51.264,117.370
799680245,0.1021,0.1606,-1.2275,-89.094,-87.031,162.964
799693245,-0.0312,0.1045,-1.2891,-100.690,-78.974,201.599
799706245,0.0005,0.3721,-1.3809,-96.601,-13.544,112.976
799719245,0.1660,0.1182,-1.0854,-14.326,69.036,119.262
799732245,-0.1978,0.2300,-0.8604,65.020,107.672,128.601
799745245,-0.0796,0.3491,-0.8643,117.693,92.901,160.461
799758245,0.2588,0.0708,-1.1353,85.162,93.084,154.663
799771245,-0.0117,0.0176,-1.0044,63.128,88.934,135.071
799784245,-0.1157,0.2910,-0.8506,28.826,44.378,124.511
799797245,-0.1572,0.3223,-0.8315,11.309,-20.258,151.550
799810245,0.0210,0.0688,-1.1567,-17.133,-21.174,138.427
799823245,0.1382,0.1899,-1.0356,-37.336,13.616,106.079
799836245,0.2163,0.1226,-0.9590,3.008,21.856,99.426
799849245,0.2437,0.1919,-0.9233,6.732,17.278,86.975
799862245,0.1924,0.4512,-0.9697,-2.119,-2.680,120.544
799875245,-0.0342,0.1860,-0.9551,-1.142,-36.066,161.194
799888245,-0.2720,0.1968,-1.0015,-13.288,-67.011,176.635
799901245,-0.3979,0.2021,-1.0288,-28.791,-84.528,175.415
799914245,-0.3516,0.3164,-1.0054,-52.595,-97.712,183.105
799927245,-0.2051,0.3447,-1.0005,-66.328,-117.670,195.801
799940245,-0.1240,0.3027,-1.0044,-80.671,-138.788,218.933
799953245,0.0352,0.1870,-1.0996,-95.380,-148.981,234.558
799966245,0.1909,0.0688,-1.1816,-111.066,-152.521,250.122
799979245,0.3115,-0.0483,-1.2324,-128.095,-137.690,260.437
799992245,0.5293,0.2739,-1.0889,-146.284,-123.286,285.522
800005245,0.3257,0.2422,-0.8901,-144.758,-115.107,281.128
800018245,0.2485,0.0088,-0.8081,-132.429,-108.393,260.803
800031245,0.1274,-0.0801,-0.8115,-110.456,-96.918,225.219
800044245,0.2588,-0.1045,-0.8320,-64.557,-70.795,203.979
800057245,0.4131,-0.2856,-1.1152,27.117,6.292,176.574
800070245,0.4194,-0.1025,-0.7646,95.904,92.596,118.103
800083245,0.5630,-0.2524,-0.9683,78.936,83.318,74.219
800096245,0.6821,-0.0327,-0.8809,51.592,56.951,68.298
800109245,0.4912,-0.0640,-1.0801,21.441,9.039,40.649
800122245,0.3218,-0.1206,-1.0938,2.581,-43.452,44.800
800135245,0.2676,-0.1411,-1.0244,-20.307,-68.781,33.569
800148245,0.2383,-0.0283,-1.0562,-43.928,-70.917,31.738
800161245,0.2690,-0.0415,-0.9834,-41.913,-41.987,18.493
800174245,0.2603,-0.0903,-0.9575,-9.016,-7.929,4.455
800187245,0.3027,0.1011,-0.9580,16.802,17.339,1.465
800200245,0.3564,-0.1689,-0.9512,36.028,35.650,-9.949
800213245,0.3491,-0.0972,-0.9863,35.845,41.570,-26.917
800226245,0.3369,-0.0991,-0.9409,23.943,33.941,-40.650
800239245,0.3389,-0.0479,-1.0371,22.296,33.331,-52.857
800252245,0.3110,-0.0830,-1.0552,28.521,48.162,-72.022
800265245,0.3809,0.0005,-1.0361,20.953,54.815,-85.388
800278245,0.3169,0.0239,-0.9961,24.066,61.102,-94.116
800291245,0.2568,0.0049,-1.0742,29.376,73.004,-103.577
800304245,0.2417,0.0942,-1.0483,35.418,92.840,-114.380
800317245,0.1431,0.0586,-1.0303,50.067,99.981,-119.141
800330245,0.1919,-0.0059,-1.0854,69.232,113.897,-133.911
800343245,0.1929,0.0410,-0.9878,66.058,123.297,-136.963
800356245,0.1270,0.2305,-0.9639,61.480,125.005,-136.475
800369245,0.0220,0.2954,-1.0786,56.231,127.630,-116.883
800382245,-0.2134,0.2520,-0.8198,66.424,101.263,-97.107
800395245,-0.1577,0.1650,-0.8726,66.058,46.942,-59.632
800408245,-0.2319,1.6182,-0.2549,-198.591,-47.114,-11.841
800421245,-0.3911,0.4219,-0.9609,-94.160,45.660,-26.001
800434245,0.0410,-0.2056,-0.6509,-126.325,-57.490,-1.892
800447245,0.5239,0.5376,-2.6943,-177.961,-32.282,7.202
800460245,-0.0015,-0.0576,-2.3896,-110.273,-7.502,-10.559
800473245,-0.3306,-0.1826,-1.5713,-27.509,-2.009,-14.954
800486245,0.0698,0.0928,-1.2603,-0.959,6.841,6.286
800499245,0.0127,0.0171,-1.0352,-1.020,-1.276,0.305
800512245,0.0166,-0.0078,-1.0728,-0.410,-3.046,0.671
800525245,0.0103,-0.0020,-1.0649,0.262,-6.342,1.281
800538245,0.0229,-0.0088,-1.0645,-0.043,-9.150,2.258
800551245,0.0273,-0.0068,-1.0752,-0.104,-9.089,3.235
800564245,0.0449,0.0034,-1.0601,0.201,-5.854,7.507
800577245,0.0977,0.0034,-1.0605,-2.241,1.287,17.029
800590245,0.0459,-0.0259,-1.0771,-1.081,2.813,25.451
800603245,0.0083,0.0352,-1.0122,-1.813,-1.642,38.147
800616245,0.0146,0.0215,-1.0796,-1.386,2.752,37.048
800629245,-0.0332,-0.0068,-1.0469,-0.837,0.189,23.437
800642245,-0.0195,-0.0747,-1.0479,-0.715,-0.056,10.925
800655245,-0.1338,0.0181,-0.9629,0.628,-5.793,0.854
800668245,0.0239,-0.0112,-1.0586,1.422,-0.422,0.122
800681245,0.0127,-0.0205,-1.0698,0.994,-0.788,0.122
800694245,0.0063,-0.0107,-1.0649,0.506,-1.765,0.122
800707245,0.0210,-0.0034,-1.0547,-0.104,-0.971,-0.000
800720245,0.0220,-0.0112,-1.0747,0.140,0.250,0.122
800733245,0.0166,-0.0034,-1.0620,-0.165,-0.300,-0.000
800746245,0.0269,-0.0059,-1.0688,-0.287,0.433,-0.305
800759245,0.0200,-0.0029,-1.0620,-0.104,0.189,-0.061
800772245,0.0176,-0.0068,-1.0664,-0.226,-0.056,0.122
800785245,0.0146,-0.0059,-1.0693,-0.165,-0.361,0.244
800798245,0.0220,0.0000,-1.0659,0.201,-0.361,0.061
800811245,0.0220,-0.0024,-1.0649,-0.043,-0.178,0.122
800824245,0.0166,-0.0054,-1.0615,0.018,-0.117,-0.061
800837245,0.0190,-0.0049,-1.0610,-0.043,0.189,0.122
800850245,0.0210,-0.0044,-1.0649,0.018,0.433,0.305
800863245,0.0186,-0.0054,-1.0601,-0.165,0.372,0.061
800876245,0.0244,-0.0039,-1.0591,0.079,0.311,0.183
800889245,0.0229,-0.0029,-1.0620,0.079,-0.117,0.122
800902245,0.0195,-0.0044,-1.0654,-0.043,-0.178,-0.122
800915245,0.0190,-0.0044,-1.0625,-0.226,0.067,0.122
800928245,0.0200,-0.0054,-1.0605,0.018,0.128,0.061
800941245,0.0181,-0.0034,-1.0630,0.140,0.128,-0.122
800954245,0.0186,-0.0063,-1.0625,-0.165,0.005,-0.061
800967245,0.0176,-0.0005,-1.0630,-0.104,0.067,-0.000
800980245,0.0229,-0.0029,-1.0679,-0.043,0.189,0.061
800993245,0.0195,-0.0054,-1.0635,-0.043,0.067,-0.000
801006245,0.0215,-0.0059,-1.0547,-0.043,-0.056,0.183
801019245,0.0225,-0.0083,-1.0586,-0.043,0.189,-0.000
801032245,0.0244,-0.0044,-1.0591,-0.043,-0.300,0.061
801045245,0.0200,-0.0029,-1.0635,0.018,0.067,0.122
801058245,0.0190,-0.0054,-1.0635,0.018,0.250,0.122
801071245,0.0205,-0.0015,-1.0640,-0.104,0.005,-0.244
801084245,0.0161,-0.0078,-1.0620,-0.104,-0.056,0.183
801097245,0.0156,-0.0063,-1.0659,-0.104,-0.056,0.061
801110245,0.0146,-0.0068,-1.0596,0.079,-0.239,0.244
801123245,0.0190,-0.0044,-1.0635,-0.043,-0.056,-0.000
801136245,0.0205,-0.0078,-1.0679,-0.104,0.128,-0.000
801149245,0.0186,-0.0029,-1.0674,0.018,0.250,-0.061
801162245,0.0176,-0.0010,-1.0591,-0.043,-0.361,-0.000
801175245,0.0234,-0.0020,-1.0659,0.018,0.005,0.122
801188245,0.0234,-0.0059,-1.0542,0.262,0.189,0.244
801201245,0.0229,0.0000,-1.0669,0.140,0.189,-0.000
801214245,0.0200,-0.0063,-1.0679,-0.226,0.128,-0.061
801227245,0.0190,-0.0015,-1.0620,-0.104,0.005,0.122
801240245,0.0215,-0.0063,-1.0522,-0.165,-0.117,0.122
801253245,0.0220,-0.0068,-1.0615,-0.715,0.189,-0.366
801266245,0.0195,-0.0103,-1.0762,-0.165,0.128,0.183
801279245,0.0234,-0.0039,-1.0718,0.079,0.005,-0.061
801292245,0.0166,0.0000,-1.0547,0.262,-0.178,-0.061
801305245,0.0215,-0.0063,-1.0645,-0.349,0.128,-0.244
801318245,0.0171,-0.0044,-1.0576,-0.349,-0.056,-0.061
801331245,0.0215,-0.0083,-1.0620,-0.104,0.005,-0.000
801344245,0.0229,-0.0054,-1.0649,0.079,0.005,-0.122
801357245,0.0210,-0.0039,-1.0649,-0.226,0.128,0.061
801370245,0.0200,-0.0029,-1.0532,-0.349,0.128,0.061
801383245,0.0205,-0.0078,-1.0693,0.079,-0.117,-0.000
801396245,0.0181,-0.0054,-1.0630,-0.165,-0.239,-0.000
801409245,0.0205,0.0000,-1.0679,-0.043,0.189,0.183
801422245,0.0156,-0.0044,-1.0654,0.140,-0.178,-0.000
801435245,0.0176,-0.0039,-1.0586,-0.043,0.067,0.061
801448245,0.0181,-0.0063,-1.0615,-0.043,-0.056,-0.000
801461245,0.0190,-0.0049,-1.0605,0.018,-0.239,0.061
801474245,0.0200,-0.0044,-1.0537,-0.104,0.189,-0.183
801487245,0.0171,0.0020,-1.0625,-0.165,-0.178,-0.000
801500245,0.0181,-0.0029,-1.0649,-0.226,-0.239,-0.000
801513245,0.0200,-0.0029,-1.0654,0.018,-0.056,0.183
801526245,0.0151,-0.0068,-1.0615,-0.165,-0.117,0.244
801539245,0.0259,-0.0073,-1.0649,0.018,-0.178,-0.061
801552245,0.0234,-0.0054,-1.0635,-0.104,-0.056,-0.061
801565245,0.0181,-0.0024,-1.0615,0.079,0.067,-0.122
801578245,0.0215,-0.0073,-1.0713,-0.043,-0.117,-0.061
801591245,0.0186,-0.0078,-1.0630,-0.104,-0.178,0.122
801604245,0.0166,-0.0059,-1.0640,-0.043,-0.117,0.122
801617245,0.0186,-0.0063,-1.0620,-0.104,-0.056,0.183
801630245,0.0225,-0.0073,-1.0669,0.018,-0.239,-0.000
801643245,0.0176,-0.0054,-1.0664,0.140,-0.056,-0.000
801656245,0.0205,-0.0044,-1.0581,0.323,0.005,0.061
801669245,0.0181,-0.0063,-1.0635,-0.165,-0.361,-0.000
801682245,0.0225,-0.0005,-1.0615,-0.043,0.189,0.061
801695245,0.0166,-0.0005,-1.0645,0.079,0.067,0.122
801708245,0.0200,-0.0063,-1.0640,0.140,0.189,0.061
801721245,0.0195,-0.0044,-1.0635,-0.104,-0.178,0.122
801734245,0.0176,-0.0044,-1.0659,-0.043,-0.056,-0.061
801747245,0.0190,-0.0044,-1.0630,0.018,-0.117,0.061
801760245,0.0210,-0.0078,-1.0659,-0.043,-0.178,0.061
801773245,0.0195,0.0024,-1.0669,0.079,0.005,-0.000
801786245,0.0225,-0.0059,-1.0610,-0.165,0.067,0.122
801799245,0.0176,-0.0029,-1.0625,-0.043,-0.178,0.061
801812245,0.0205,-0.0049,-1.0620,-0.043,0.067,0.061
801825245,0.0190,-0.0029,-1.0640,-0.043,-0.178,0.122
801838245,0.0254,-0.0059,-1.0664,-0.104,-0.239,-0.122
801851245,0.0181,-0.0020,-1.0610,-0.104,-0.056,-0.000
801864245,0.0220,-0.0049,-1.0596,-0.043,-0.117,0.122
801877245,0.0215,0.0000,-1.0596,-0.226,-0.117,0.244
801890245,0.0186,-0.0054,-1.0649,0.018,0.005,0.061
801903245,0.0190,-0.0024,-1.0605,-0.104,-0.239,-0.061
801916245,0.0181,-0.0024,-1.0586,-0.165,-0.056,0.061
801929245,0.0186,-0.0029,-1.0649,0.018,-0.117,-0.061
801942245,0.0156,-0.0078,-1.0581,0.018,-0.239,0.122
801955245,0.0186,-0.0068,-1.0664,0.079,-0.300,0.183
801968245,0.0200,-0.0044,-1.0640,0.018,0.189,0.061
801981245,0.0171,-0.0029,-1.0630,0.079,-0.178,-0.000
801994245,0.0205,-0.0044,-1.0659,0.140,0.005,0.244
802007245,0.0161,-0.0039,-1.0615,0.262,-0.056,-0.122
802020245,0.0181,-0.0068,-1.0698,0.140,-0.178,0.122
802033245,0.0186,-0.0034,-1.0693,-0.226,-0.178,-0.000
802046245,0.0229,-0.0015,-1.0645,-0.104,0.005,0.122
802059245,0.0171,-0.0049,-1.0566,0.140,0.067,0.122
802072245,0.0195,-0.0005,-1.0645,-0.165,0.067,-0.122
802085245,0.0171,-0.0063,-1.0669,-0.104,0.128,0.122
802098245,0.0146,-0.0020,-1.0674,0.079,0.005,-0.122
802111245,0.0234,-0.0034,-1.0630,0.079,-0.239,0.122
802124245,0.0210,-0.0034,-1.0635,0.140,-0.056,-0.000
802137245,0.0210,-0.0073,-1.0610,0.140,0.005,-0.000
802150245,0.0205,-0.0024,-1.0591,0.140,0.005,0.061
802163245,0.0200,-0.0073,-1.0615,-0.226,-0.239,-0.122
802176245,0.0210,-0.0073,-1.0596,0.079,-0.178,0.183
802189245,0.0200,-0.0044,-1.0635,-0.165,0.005,-0.122
802202245,0.0200,-0.0015,-1.0654,0.140,0.067,-0.061
802215245,0.0234,-0.0034,-1.0635,-0.043,0.067,-0.000
802228245,0.0171,-0.0044,-1.0640,-0.043,-0.239,-0.000
802241245,0.0200,-0.0068,-1.0605,-0.043,0.189,0.183
802254245,0.0186,-0.0059,-1.0620,0.262,-0.422,-0.000
802267245,0.0215,-0.0083,-1.0684,-0.043,-0.239,0.061
802280245,0.0132,0.0020,-1.0586,0.079,0.005,-0.061
802293245,0.0210,-0.0010,-1.0562,-0.165,-0.117,-0.244
802306245,0.0151,-0.0029,-1.0591,-0.043,-0.056,0.122
802319245,0.0215,-0.0029,-1.0596,-0.226,0.128,0.061
802332245,0.0210,-0.0020,-1.0718,-0.104,-0.056,0.122
802345245,0.0205,-0.0044,-1.0664,0.201,-0.361,0.061
802358245,0.0205,-0.0039,-1.0630,-0.043,-0.117,-0.122
802371245,0.0205,0.0005,-1.0610,0.018,0.005,0.061
802384245,0.0210,-0.0078,-1.0625,-0.104,-0.117,0.061
802397245,0.0215,-0.0068,-1.0664,0.079,-0.178,-0.000
802410245,0.0220,-0.0063,-1.0635,-0.165,0.128,0.061
802423245,0.0215,-0.0093,-1.0703,-0.471,-0.056,0.183
802436245,0.0229,-0.0024,-1.0596,-0.226,0.067,0.183
802449245,0.0151,-0.0068,-1.0664,-0.165,0.005,-0.122
802462245,0.0195,-0.0054,-1.0649,0.018,0.005,0.244
802475245,0.0200,-0.0024,-1.0640,0.079,0.067,-0.183
802488245,0.0181,-0.0049,-1.0654,-0.043,0.067,0.122
802501245,0.0190,-0.0059,-1.0654,0.201,-0.056,0.305
802514245,0.0181,-0.0015,-1.0654,-0.043,-0.239,0.061
802527245,0.0186,-0.0024,-1.0630,-0.165,-0.056,-0.183
802540245,0.0215,-0.0078,-1.0601,0.018,-0.178,-0.183
802553245,0.0176,-0.0039,-1.0654,-0.104,0.005,-0.183
802566245,0.0210,-0.0063,-1.0674,-0.104,-0.239,-0.061
802579245,0.0171,-0.0063,-1.0679,-0.104,-0.117,-0.122
802592245,0.0210,-0.0073,-1.0674,0.262,-0.300,-0.000
802605245,0.0200,-0.0078,-1.0630,0.018,-0.117,-0.122
802618245,0.0195,-0.0024,-1.0630,0.079,0.067,0.061
802631245,0.0186,-0.0034,-1.0620,-0.226,0.005,-0.122
802644245,0.0225,-0.0039,-1.0640,-0.104,-0.117,0.122
802657245,0.0195,-0.0068,-1.0586,0.140,0.128,0.183
802670245,0.0210,-0.0063,-1.0688,0.140,-0.300,0.244
802683245,0.0195,-0.0078,-1.0674,-0.043,-0.056,-0.061
802696245,0.0190,-0.0049,-1.0630,-0.165,-0.300,0.061
802709245,0.0146,-0.0024,-1.0557,-0.043,-0.178,-0.061
802722245,0.0205,-0.0034,-1.0635,-0.043,0.005,-0.061
802735245,0.0190,-0.0044,-1.0625,-0.104,-0.056,-0.000
802748245,0.0151,-0.0024,-1.0635,-0.104,0.005,0.122
802761245,0.0166,-0.0083,-1.0625,-0.043,0.128,-0.061
802774245,0.0210,-0.0024,-1.0591,-0.043,0.005,-0.183
802787245,0.0234,-0.0034,-1.0576,-0.043,-0.300,0.122
802800245,0.0181,-0.0044,-1.0635,0.079,-0.300,-0.000
802813245,0.0244,-0.0039,-1.0581,0.140,-0.239,0.061
802826245,0.0205,-0.0068,-1.0586,-0.104,-0.239,0.122
802839245,0.0264,-0.0044,-1.0757,0.079,-0.239,-0.000
802852245,0.0186,-0.0059,-1.0635,-0.043,0.067,0.061
802865245,0.0166,-0.0020,-1.0591,-0.165,0.067,0.244
802878245,0.0137,-0.0029,-1.0649,0.018,0.005,0.305
802891245,0.0171,-0.0039,-1.0581,-0.043,0.005,-0.000
802904245,0.0225,-0.0054,-1.0645,0.079,-0.300,-0.000
802917245,0.0166,-0.0049,-1.0659,-0.104,0.067,-0.122
802930245,0.0229,-0.0054,-1.0654,0.018,0.128,-0.183
802943245,0.0181,-0.0005,-1.0669,0.018,-0.239,-0.000
802956245,0.0225,-0.0078,-1.0664,0.079,0.005,0.061
802969245,0.0220,-0.0088,-1.0654,0.201,0.250,-0.000
802982245,0.0210,-0.0034,-1.0605,-0.104,-0.300,-0.000
802995245,0.0166,-0.0049,-1.0625,0.201,-0.361,-0.000
803008245,0.0171,-0.0044,-1.0640,0.018,-0.178,0.244
803021245,0.0239,-0.0073,-1.0654,-0.043,-0.178,-0.000
803034245,0.0215,-0.0088,-1.0684,0.201,-0.117,-0.000
803047245,0.0210,-0.0044,-1.0610,0.140,0.005,-0.000
803060245,0.0200,-0.0054,-1.0610,-0.043,-0.056,-0.122
803073245,0.0215,-0.0020,-1.0610,-0.104,0.067,-0.122
803086245,0.0181,-0.0059,-1.0645,0.079,0.067,-0.183
803099245,0.0190,-0.0059,-1.0630,-0.104,0.005,-0.122
803112245,0.0210,-0.0039,-1.0630,0.079,-0.056,-0.000
803125245,0.0132,-0.0054,-1.0630,0.201,0.005,-0.244
803138245,0.0210,-0.0039,-1.0649,-0.226,-0.117,0.061
803151245,0.0181,-0.0098,-1.0605,0.018,0.005,0.061
803164245,0.0195,-0.0049,-1.0620,-0.349,-0.361,-0.000
803177245,0.0176,-0.0044,-1.0684,0.018,-0.178,-0.183
803190245,0.0220,-0.0020,-1.0669,0.018,-0.178,-0.244
803203245,0.0190,-0.0083,-1.0596,-0.043,0.189,-0.000
803216245,0.0205,-0.0015,-1.0688,0.140,0.372,-0.061
803229245,0.0171,-0.0068,-1.0571,-0.104,-0.239,0.061
803242245,0.0215,-0.0029,-1.0596,0.140,-0.178,-0.061
803255245,0.0176,-0.0044,-1.0645,-0.226,0.067,-0.000
803268245,0.0156,-0.0044,-1.0610,-0.226,-0.422,-0.000
803281245,0.0181,-0.0020,-1.0635,0.079,0.005,0.183
803294245,0.0161,-0.0063,-1.0581,0.079,0.128,0.183
803307245,0.0181,-0.0103,-1.0635,0.201,-0.178,-0.000
803320245,0.0195,-0.0039,-1.0654,0.018,0.005,0.061
803333245,0.0215,-0.0039,-1.0605,-0.043,-0.178,-0.061
803346245,0.0200,-0.0054,-1.0669,-0.043,-0.117,0.061
803359245,0.0176,-0.0034,-1.0620,0.140,-0.178,-0.000
803372245,0.0176,-0.0063,-1.0503,0.140,-0.300,-0.000
803385245,0.0215,-0.0049,-1.0605,-0.043,0.005,0.061
803398245,0.0220,-0.0059,-1.0576,0.140,0.005,-0.061
803411245,0.0161,-0.0059,-1.0620,0.140,-0.117,-0.061
803424245,0.0176,-0.0039,-1.0659,0.079,-0.117,0.122
803437245,0.0166,-0.0059,-1.0640,-0.165,-0.361,-0.061
803450245,0.0171,0.0010,-1.0684,0.079,-0.178,-0.122
803463245,0.0220,0.0010,-1.0601,0.140,0.005,-0.061
803476245,0.0195,-0.0044,-1.0615,0.018,-0.239,-0.061
803489245,0.0190,-0.0063,-1.0713,-0.287,0.067,-0.122
803502245,0.0210,-0.0044,-1.0654,0.018,0.005,-0.061
803515245,0.0215,-0.0049,-1.0625,-0.104,-0.239,-0.122
803528245,0.0200,-0.0093,-1.0654,-0.043,-0.178,0.061
803541245,0.0200,-0.0024,-1.0645,-0.165,0.005,0.061
803554245,0.0186,-0.0073,-1.0630,0.079,-0.056,-0.122
803567245,0.0229,-0.0024,-1.0703,-0.043,0.067,0.061
803580245,0.0200,-0.0059,-1.0674,-0.043,-0.239,0.183
803593245,0.0190,-0.0059,-1.0557,-0.226,-0.117,-0.000
803606245,0.0205,-0.0049,-1.0649,-0.226,-0.239,0.122
803619245,0.0156,-0.0044,-1.0645,-0.165,-0.056,-0.061
803632245,0.0195,-0.0024,-1.0552,0.079,-0.178,0.061
803645245,0.0195,-0.0073,-1.0649,0.140,-0.117,0.061
803658245,0.0166,-0.0078,-1.0659,-0.104,0.005,-0.000
803671245,0.0195,-0.0059,-1.0649,-0.043,0.128,-0.244
803684245,0.0161,-0.0024,-1.0708,-0.043,-0.178,-0.122
803697245,0.0181,-0.0044,-1.0581,-0.287,0.128,-0.000
803710245,0.0225,-0.0044,-1.0605,-0.043,-0.117,0.122
803723245,0.0171,-0.0034,-1.0581,0.079,-0.178,-0.061
803736245,0.0210,-0.0068,-1.0645,-0.104,-0.056,0.122
803749245,0.0171,-0.0020,-1.0635,-0.165,-0.178,-0.122
803762245,0.0225,-0.0083,-1.0615,-0.104,-0.117,-0.122
803775245,0.0181,-0.0073,-1.0522,0.079,-0.056,0.061
803788245,0.0225,0.0054,-1.0737,-0.593,0.311,0.244
803801245,0.0142,-0.0068,-1.0562,0.140,-0.117,0.061
803814245,0.0195,-0.0049,-1.0718,-0.287,-0.361,-0.000
803827245,0.0151,-0.0024,-1.0576,-0.104,-0.483,-0.183
803840245,0.0166,-0.0059,-1.0591,0.140,0.067,-0.000
803853245,0.0215,-0.0059,-1.0728,0.140,0.005,0.061
803866245,0.0200,-0.0039,-1.0635,0.018,0.005,0.061
803879245,0.0171,-0.0073,-1.0620,0.018,0.128,0.244
803892245,0.0190,-0.0015,-1.0645,0.140,-0.117,0.061
803905245,0.0151,-0.0039,-1.0688,-0.104,-0.300,-0.000
803918245,0.0171,-0.0049,-1.0688,0.201,-0.300,0.183
803931245,0.0156,-0.0063,-1.0625,-0.287,-0.178,-0.000
803944245,0.0234,-0.0059,-1.0679,0.079,-0.117,-0.061
803957245,0.0176,-0.0078,-1.0630,-0.043,0.311,0.183
803970245,0.0215,-0.0034,-1.0674,-0.104,0.067,0.366
803983245,0.0151,-0.0024,-1.0581,-0.043,-0.178,-0.000
803996245,0.0220,-0.0068,-1.0693,0.140,0.005,-0.000
804009245,0.0181,-0.0039,-1.0601,-0.043,-0.300,-0.061
804022245,0.0249,-0.0034,-1.0693,0.079,0.128,-0.183
804035245,0.0186,-0.0049,-1.0591,-0.104,-0.178,0.061
804048245,0.0190,-0.0029,-1.0698,-0.104,0.067,0.061
804061245,0.0244,-0.0098,-1.0630,0.018,0.067,0.061
804074245,0.0220,-0.0049,-1.0693,-0.226,0.067,0.061
804087245,0.0205,-0.0044,-1.0684,0.079,0.067,0.061
804100245,0.0190,-0.0088,-1.0586,-0.104,-0.056,0.061
804113245,0.0200,-0.0034,-1.0688,-0.043,0.005,-0.183
804126245,0.0181,-0.0039,-1.0669,0.079,0.067,-0.061
804139245,0.0229,-0.0029,-1.0591,0.018,0.067,0.122
804152245,0.0200,-0.0063,-1.0684,-0.165,0.189,0.122
804165245,0.0225,-0.0010,-1.0718,0.201,0.067,-0.183
804178245,0.0132,-0.0078,-1.0659,0.079,-0.056,-0.122
804191245,0.0195,-0.0039,-1.0625,0.018,0.005,0.122
804204245,0.0186,-0.0068,-1.0552,-0.104,0.067,0.122
804217245,0.0225,-0.0024,-1.0625,0.018,0.067,0.061
804230245,0.0186,-0.0054,-1.0659,0.079,-0.056,-0.122
804243245,0.0190,-0.0039,-1.0552,0.140,-0.178,0.122
804256245,0.0176,-0.0049,-1.0586,-0.104,-0.117,0.122
804269245,0.0234,-0.0020,-1.0635,0.018,0.067,0.061
804282245,0.0195,-0.0049,-1.0645,0.140,0.067,0.122
804295245,0.0181,-0.0049,-1.0649,-0.043,-0.300,0.061
804308245,0.0181,-0.0029,-1.0659,-0.104,-0.239,0.122
804321245,0.0210,-0.0078,-1.0669,-0.043,0.067,0.061
804334245,0.0190,-0.0049,-1.0640,-0.104,-0.117,0.061
804347245,0.0186,-0.0010,-1.0635,0.018,0.067,-0.061
804360245,0.0200,0.0000,-1.0625,-0.165,-0.056,0.183
804373245,0.0220,0.0000,-1.0649,-0.165,0.005,-0.122
804386245,0.0127,-0.0088,-1.0630,0.018,0.067,0.061
804399245,0.0210,-0.0054,-1.0674,-0.043,-0.178,0.122
804412245,0.0190,-0.0039,-1.0601,0.323,-0.178,0.061
804425245,0.0181,-0.0044,-1.0669,0.018,0.067,-0.122
804438245,0.0190,-0.0083,-1.0605,0.140,-0.056,0.183
804451245,0.0190,-0.0088,-1.0649,-0.104,0.005,-0.000
804464245,0.0151,-0.0059,-1.0693,-0.104,0.005,-0.000
804477245,0.0195,-0.0034,-1.0596,0.018,0.189,-0.244
804490245,0.0186,-0.0024,-1.0615,0.079,-0.239,-0.122
804503245,0.0220,-0.0049,-1.0620,0.140,-0.178,-0.122
804516245,0.0215,-0.0083,-1.0654,-0.104,-0.117,-0.000
804529245,0.0220,-0.0054,-1.0708,0.079,0.128,-0.061
804542245,0.0195,-0.0059,-1.0610,-0.104,0.128,-0.061
804555245,0.0166,-0.0034,-1.0679,-0.104,0.005,-0.000
804568245,0.0176,-0.0049,-1.0708,-0.043,-0.178,0.122
804581245,0.0225,-0.0049,-1.0610,-0.043,-0.178,-0.183
804594245,0.0181,-0.0054,-1.0630,0.201,-0.117,-0.000
804607245,0.0137,-0.0029,-1.0645,0.018,0.005,0.061
804620245,0.0190,-0.0020,-1.0615,0.018,-0.056,-0.061
804633245,0.0186,-0.0054,-1.0654,0.018,-0.178,-0.000
804646245,0.0200,-0.0068,-1.0664,-0.165,-0.056,0.122
804659245,0.0210,-0.0078,-1.0610,-0.043,-0.239,-0.122
804672245,0.0195,-0.0039,-1.0635,-0.043,-0.239,-0.000
804685245,0.0190,-0.0049,-1.0615,0.079,-0.178,-0.000
804698245,0.0195,-0.0015,-1.0703,-0.287,-0.056,0.183
804711245,0.0200,-0.0063,-1.0630,0.079,0.067,0.061
804724245,0.0210,-0.0063,-1.0649,0.262,0.128,-0.183
804737245,0.0210,-0.0068,-1.0688,-0.165,-0.361,-0.061
804750245,0.0181,-0.0020,-1.0713,0.079,0.067,-0.000
804763245,0.0195,-0.0034,-1.0586,0.018,-0.239,0.061
804776245,0.0210,-0.0044,-1.0659,0.018,-0.239,-0.061
804789245,0.0205,-0.0034,-1.0640,-0.043,-0.178,-0.061
804802245,0.0205,-0.0068,-1.0620,0.140,-0.056,-0.000
804815245,0.0176,-0.0088,-1.0669,0.201,0.005,-0.122
804828245,0.0176,-0.0054,-1.0708,0.018,0.067,-0.061
804841245,0.0195,-0.0059,-1.0645,-0.165,-0.178,-0.000
804854245,0.0215,-0.0029,-1.0527,0.018,-0.178,-0.000
804867245,0.0044,-0.0181,-1.0728,0.323,-0.117,-0.122
804880245,0.0239,-0.0088,-1.0815,0.689,0.128,0.061
804893245,0.0244,-0.0005,-1.0386,-0.349,0.067,-0.000
804906245,0.0215,-0.0020,-1.0581,-0.287,-0.117,-0.000
804919245,0.0137,-0.0063,-1.0576,0.262,-0.178,0.244
804932245,0.0161,-0.0044,-1.0703,-0.226,0.128,0.183
804945245,0.0225,-0.0039,-1.0625,-0.043,-0.178,0.122
804958245,0.0190,-0.0039,-1.0693,0.201,0.067,0.183
804971245,0.0195,-0.0063,-1.0596,0.079,0.067,0.061
804984245,0.0161,-0.0073,-1.0649,-0.104,0.005,-0.061
804997245,0.0156,-0.0068,-1.0640,-0.043,-0.117,-0.061
805010245,0.0205,-0.0039,-1.0630,0.079,0.250,-0.000
805023245,0.0225,-0.0044,-1.0684,-0.043,-0.361,0.244
805036245,0.0200,-0.0059,-1.0625,0.140,0.005,-0.061
805049245,0.0176,-0.0068,-1.0620,0.018,-0.239,0.061
805062245,0.0195,-0.0063,-1.0649,-0.226,-0.056,0.122
805075245,0.0210,-0.0044,-1.0605,-0.043,-0.300,0.122
805088245,0.0225,-0.0054,-1.0674,0.018,0.128,-0.000
805101245,0.0200,-0.0034,-1.0664,-0.043,-0.178,0.122
805114245,0.0205,-0.0059,-1.0684,-0.104,-0.056,-0.122
805127245,0.0225,-0.0068,-1.0630,-0.043,-0.178,0.061
805140245,0.0200,-0.0049,-1.0649,-0.043,0.189,0.061
805153245,0.0166,-0.0063,-1.0645,0.079,-0.300,-0.000
805166245,0.0200,-0.0044,-1.0605,0.140,-0.117,0.122
805179245,0.0186,-0.0078,-1.0649,0.018,0.067,-0.122
805192245,0.0210,-0.0029,-1.0645,0.018,0.189,0.061
805205245,0.0200,-0.0049,-1.0625,0.079,-0.178,-0.061
805218245,0.0186,-0.0054,-1.0718,-0.165,0.128,0.122
805231245,0.0190,-0.0063,-1.0586,0.140,-0.056,0.122
805244245,0.0229,-0.0068,-1.0596,0.140,-0.056,-0.000
805257245,0.0249,-0.0059,-1.0620,0.201,-0.056,-0.244
805270245,0.0166,-0.0054,-1.0664,0.140,-0.178,-0.000
805283245,0.0186,-0.0024,-1.0630,-0.165,0.005,-0.122
805296245,0.0225,-0.0063,-1.0620,0.201,0.067,-0.000
805309245,0.0190,-0.0005,-1.0654,0.140,0.067,-0.000
805322245,0.0239,-0.0068,-1.0659,-0.165,-0.178,0.061
805335245,0.0181,-0.0073,-1.0684,0.079,0.067,-0.122
805348245,0.0190,-0.0015,-1.0615,0.079,0.005,-0.000
805361245,0.0171,-0.0020,-1.0723,0.079,-0.178,0.122
805374245,0.0195,-0.0010,-1.0610,-0.043,-0.239,-0.122
805387245,0.0151,-0.0039,-1.0605,0.262,-0.117,-0.061
805400245,0.0210,-0.0034,-1.0625,-0.043,0.067,0.122
805413245,0.0210,-0.0063,-1.0620,0.018,0.005,0.122
805426245,0.0176,-0.0054,-1.0645,-0.043,0.067,0.244
805439245,0.0210,-0.0063,-1.0601,0.201,0.128,0.305
805452245,0.0190,-0.0044,-1.0620,-0.104,0.005,-0.122
805465245,0.0229,-0.0024,-1.0669,0.018,-0.178,0.183
805478245,0.0151,-0.0034,-1.0684,0.018,0.128,0.244
805491245,0.0186,-0.0049,-1.0698,-0.104,-0.178,0.122
805504245,0.0161,-0.0010,-1.0562,-1.752,1.348,-0.489
805517245,-0.0444,-0.0503,-1.0718,-3.095,-8.906,-0.427
805530245,0.0005,-0.0107,-1.0371,-0.837,-1.826,-0.244
805543245,0.0034,-0.0068,-1.0439,-0.654,-3.779,0.122
805556245,0.0249,-0.0117,-1.0679,0.201,-1.581,-0.061
805569245,0.0161,-0.0063,-1.0669,0.262,-1.154,-0.000
805582245,0.0200,-0.0078,-1.0698,0.384,0.433,-0.183
805595245,0.0312,-0.0063,-1.0796,0.628,-1.337,-0.000
805608245,0.0269,-0.0078,-1.0664,0.445,-0.727,0.122
805621245,0.0190,-0.0059,-1.0610,0.445,-0.422,0.061
805634245,0.0293,-0.0063,-1.0693,0.445,-0.849,0.183
805647245,0.0249,-0.0039,-1.0630,0.201,-0.239,-0.061
805660245,0.0205,-0.0049,-1.0703,0.140,0.067,0.183
805673245,0.0176,-0.0039,-1.0615,0.018,0.128,-0.122
805686245,0.0239,-0.0078,-1.0610,0.018,-0.361,0.061
805699245,0.0225,-0.0078,-1.0664,0.262,0.005,-0.000
805712245,0.0225,-0.0024,-1.0625,-0.043,0.067,-0.061
805725245,0.0239,-0.0049,-1.0625,-0.104,-0.178,-0.000
805738245,0.0220,-0.0039,-1.0620,-0.043,0.005,-0.122
805751245,0.0244,-0.0068,-1.0654,0.262,-0.056,-0.122
805764245,0.0337,0.0029,-1.0767,-2.424,1.470,0.244
805777245,0.0269,-0.0073,-1.0752,-1.020,2.325,0.610
805790245,0.0225,-0.0024,-1.0708,-0.898,1.165,0.488
805803245,0.0288,-0.0029,-1.0630,-3.400,6.292,1.648
805816245,0.0088,-0.0107,-1.0581,-1.386,2.874,1.098
805829245,0.0161,-0.0088,-1.0635,-0.165,0.433,0.488
805842245,0.0190,-0.0078,-1.0688,0.018,0.311,0.366
805855245,0.0229,-0.0054,-1.0586,0.018,0.128,0.732
805868245,0.0200,-0.0039,-1.0601,-0.165,0.005,0.976
805881245,0.0205,-0.0117,-1.0601,-0.654,-0.239,1.953
805894245,0.0112,-0.0049,-1.0640,-0.349,0.189,2.075
805907245,0.0176,-0.0068,-1.0703,-0.165,0.433,0.915
805920245,0.0200,-0.0068,-1.0708,-0.349,0.067,0.549
805933245,0.0220,-0.0098,-1.0684,-0.226,0.189,0.122
805946245,0.0181,-0.0044,-1.0669,-0.104,0.189,0.122
805959245,0.0190,-0.0059,-1.0752,-0.104,-0.300,0.061
805972245,0.0161,-0.0098,-1.0664,0.140,-0.117,0.183
805985245,0.0176,-0.0044,-1.0625,0.384,-0.422,0.244
805998245,0.0166,-0.0078,-1.0649,0.445,-0.483,0.244
806011245,0.0215,-0.0088,-1.0596,0.506,-0.422,0.732
806024245,0.0269,-0.0103,-1.0713,0.384,-0.727,1.098
806037245,0.0127,-0.0093,-1.0640,0.384,-0.300,-0.000
806050245,0.0195,-0.0059,-1.0640,0.506,-0.300,-0.061
806063245,0.0146,-0.0122,-1.0562,0.323,-0.544,-0.122
806076245,0.0166,-0.0098,-1.0610,0.445,-0.666,0.122
806089245,0.0215,-0.0029,-1.0640,0.689,-0.422,-0.000
806102245,0.0215,-0.0117,-1.0532,0.811,-0.483,-0.122
806115245,0.0205,-0.0034,-1.0664,0.323,-0.483,0.183
806128245,0.0161,-0.0083,-1.0649,-0.043,-0.300,0.122
806141245,0.0195,-0.0049,-1.0674,0.201,0.005,0.061
806154245,0.0205,-0.0054,-1.0625,-0.043,-0.117,-0.000
806167245,0.0225,-0.0073,-1.0645,0.018,-0.117,0.061
806180245,0.0186,-0.0049,-1.0674,0.140,-0.117,-0.122
806193245,0.0225,-0.0068,-1.0679,0.079,-0.178,0.061
806206245,0.0186,-0.0049,-1.0649,-0.043,0.067,-0.061
806219245,0.0186,-0.0039,-1.0679,0.201,0.005,-0.000
806232245,0.0186,-0.0039,-1.0625,0.140,-0.117,0.183
806245245,0.0190,-0.0098,-1.0635,-0.104,0.005,-0.122
806258245,0.0171,-0.0068,-1.0713,0.079,-0.300,0.183
806271245,0.0239,-0.0039,-1.0596,0.079,-0.117,0.061
806284245,0.0176,-0.0068,-1.0674,0.018,-0.178,0.061
806297245,0.0225,-0.0054,-1.0630,0.079,-0.178,-0.061
806310245,0.0244,-0.0063,-1.0723,0.018,-0.056,0.061
806323245,0.0186,-0.0029,-1.0703,-0.226,0.005,-0.000
806336245,0.0171,-0.0054,-1.0620,0.079,-0.056,-0.000
806349245,0.0205,-0.0049,-1.0571,0.079,0.128,-0.061
806362245,0.0210,-0.0073,-1.0693,-0.043,-0.117,-0.061
806375245,0.0176,-0.0039,-1.0615,-0.104,-0.117,-0.122
806388245,0.0229,-0.0034,-1.0645,-0.104,0.067,-0.000
806401245,0.0205,-0.0078,-1.0630,0.201,-0.239,-0.061
806414245,0.0195,-0.0059,-1.0728,-0.104,0.005,-0.000
806427245,0.0210,-0.0054,-1.0610,0.079,-0.117,0.122
806440245,0.0195,-0.0044,-1.0620,-0.226,0.067,-0.000
806453245,0.0166,-0.0088,-1.0581,0.018,-0.117,0.122
806466245,0.0181,-0.0044,-1.0630,-0.104,0.067,-0.183
806479245,0.0210,-0.0049,-1.0654,0.201,-0.056,-0.000
806492245,0.0176,-0.0044,-1.0610,0.140,-0.056,-0.000
806505245,0.0171,-0.0083,-1.0591,-0.226,-0.178,-0.244
806518245,0.0195,-0.0063,-1.0625,0.079,-0.056,0.122
806531245,0.0176,-0.0059,-1.0571,0.079,-0.117,-0.000
806544245,0.0220,-0.0073,-1.0693,-0.226,0.128,0.305
806557245,0.0151,-0.0034,-1.0654,0.018,-0.117,-0.122
806570245,0.0220,-0.0034,-1.0684,0.079,-0.178,-0.061
806583245,0.0239,-0.0029,-1.0723,0.079,-0.239,-0.061
806596245,0.0234,-0.0054,-1.0630,0.079,-0.239,0.122
806609245,0.0132,-0.0073,-1.0703,-0.226,0.067,-0.305
806622245,0.0161,-0.0068,-1.0630,0.018,-0.361,-0.000
806635245,0.0205,-0.0068,-1.0620,0.140,-0.178,-0.000
806648245,0.0195,-0.0083,-1.0615,-0.104,0.067,0.183
806661245,0.0190,-0.0107,-1.0659,-0.043,-0.056,-0.305
806674245,0.0181,-0.0122,-1.0586,-0.287,-0.117,-0.000
806687245,0.0181,-0.0034,-1.0635,-0.165,0.005,-0.061
806700245,0.0229,-0.0059,-1.0693,-0.104,-0.056,0.061
806713245,0.0166,-0.0049,-1.0703,0.018,-0.178,0.061
806726245,0.0220,-0.0034,-1.0571,-0.043,0.005,0.122
806739245,0.0225,-0.0049,-1.0654,-0.104,-0.056,0.122
806752245,0.0200,-0.0059,-1.0596,0.018,-0.056,-0.000
806765245,0.0215,-0.0088,-1.0659,-0.043,-0.117,0.122
806778245,0.0205,-0.0098,-1.0669,-0.043,0.005,0.061
806791245,0.0244,-0.0073,-1.0630,0.079,0.067,-0.183
806804245,0.0200,-0.0054,-1.0645,0.018,0.005,0.183
806817245,0.0200,-0.0093,-1.0649,0.140,0.005,0.061
806830245,0.0229,-0.0049,-1.0649,-0.165,-0.300,0.122
806843245,0.0220,-0.0063,-1.0620,-0.165,0.005,-0.000
806856245,0.0176,-0.0059,-1.0615,0.079,-0.056,0.061
806869245,0.0229,-0.0059,-1.0630,0.018,-0.056,0.061
806882245,0.0195,-0.0088,-1.0645,0.018,0.005,0.244
806895245,0.0190,-0.0078,-1.0659,-0.349,0.067,0.122
806908245,0.0156,-0.0063,-1.0640,-0.165,0.005,0.061
806921245,0.0171,-0.0054,-1.0708,-0.104,0.005,-0.000
806934245,0.0195,-0.0049,-1.0625,0.018,-0.056,-0.061
806947245,0.0200,-0.0054,-1.0649,0.018,0.067,-0.122
806960245,0.0151,-0.0063,-1.0601,0.201,0.067,-0.122
806973245,0.0166,-0.0039,-1.0645,0.079,0.005,-0.122
806986245,0.0161,-0.0039,-1.0635,-0.104,-0.056,0.061
806999245,0.0200,-0.0059,-1.0605,0.018,0.005,0.061
807012245,0.0186,-0.0054,-1.0645,0.079,-0.483,0.061
807025245,0.0161,-0.0024,-1.0645,0.140,0.128,-0.000
807038245,0.0205,-0.0068,-1.0698,-0.043,-0.300,-0.061
807051245,0.0259,-0.0054,-1.0605,0.140,-0.117,0.122
807064245,0.0161,-0.0044,-1.0645,0.079,-0.178,-0.061
807077245,0.0220,-0.0049,-1.0659,0.018,-0.056,-0.122
807090245,0.0220,-0.0068,-1.0649,-0.104,-0.117,-0.000
807103245,0.0200,-0.0088,-1.0581,-0.165,0.067,-0.122
807116245,0.0200,-0.0029,-1.0688,0.018,0.311,-0.122
807129245,0.0205,-0.0059,-1.0640,-0.043,0.128,-0.000
807142245,0.0210,-0.0083,-1.0591,0.201,0.067,0.244
807155245,0.0186,-0.0049,-1.0630,0.079,-0.117,-0.061
807168245,0.0195,-0.0034,-1.0679,-0.104,0.067,-0.061
807181245,0.0210,-0.0063,-1.0703,0.079,-0.178,-0.244
807194245,0.0200,-0.0078,-1.0688,-0.165,-0.056,0.061
807207245,0.0186,-0.0024,-1.0693,0.262,-0.239,0.061
807220245,0.0176,-0.0063,-1.0625,-0.104,-0.178,0.061
807233245,0.0200,-0.0063,-1.0581,-0.165,-0.117,-0.061
807246245,0.0195,-0.0054,-1.0698,0.079,-0.178,0.183
807259245,0.0137,-0.0039,-1.0654,0.079,-0.117,-0.061
807272245,0.0215,-0.0049,-1.0640,-0.226,0.005,-0.000
807285245,0.0210,-0.0015,-1.0576,-0.104,-0.117,-0.061
807298245,0.0215,-0.0034,-1.0601,-0.104,0.189,-0.000
807311245,0.0171,-0.0044,-1.0674,0.079,0.067,0.183
807324245,0.0225,-0.0044,-1.0654,-0.043,-0.056,0.244
807337245,0.0215,-0.0054,-1.0630,0.140,0.005,-0.000
807350245,0.0210,-0.0054,-1.0679,-0.043,-0.239,0.244
807363245,0.0195,-0.0034,-1.0610,-0.043,-0.117,-0.122
807376245,0.0181,-0.0073,-1.0659,0.079,-0.056,0.122
807389245,0.0210,-0.0112,-1.0605,0.140,0.067,0.061
807402245,0.0186,-0.0049,-1.0674,0.018,-0.056,-0.061
807415245,0.0195,-0.0083,-1.0586,0.018,-0.056,0.122
807428245,0.0190,-0.0068,-1.0679,-0.043,-0.117,-0.122
807441245,0.0210,-0.0049,-1.0674,-0.226,-0.117,-0.000
807454245,0.0171,-0.0063,-1.0684,-0.165,0.005,-0.000
807467245,0.0171,-0.0063,-1.0571,-0.043,-0.117,0.061
807480245,0.0181,-0.0098,-1.0723,-0.043,-0.300,-0.061
807493245,0.0181,-0.0059,-1.0586,0.018,0.005,0.183
807506245,0.0234,-0.0054,-1.0684,-0.043,-0.056,0.122
807519245,0.0137,-0.0068,-1.0645,0.079,0.128,0.244
807532245,0.0186,-0.0093,-1.0679,-0.043,-0.056,0.122
807545245,0.0195,-0.0063,-1.0576,0.018,-0.239,-0.183
807558245,0.0171,-0.0054,-1.0664,-0.165,0.128,-0.183
807571245,0.0186,-0.0063,-1.0640,-0.043,0.128,0.061
807584245,0.0195,-0.0020,-1.0625,-0.165,0.189,-0.122
807597245,0.0220,-0.0068,-1.0674,0.018,-0.056,0.183
807610245,0.0244,-0.0044,-1.0654,-0.043,-0.178,-0.000
807623245,0.0186,-0.0093,-1.0547,0.140,0.005,-0.183
807636245,0.0229,-0.0063,-1.0664,0.079,0.005,-0.122
807649245,0.0137,-0.0054,-1.0669,0.018,-0.239,0.122
807662245,0.0176,-0.0063,-1.0596,0.018,-0.117,-0.122
807675245,0.0181,-0.0088,-1.0625,0.140,-0.056,-0.000
807688245,0.0220,-0.0029,-1.0615,-0.104,0.067,0.183
807701245,0.0146,-0.0098,-1.0640,-0.165,0.128,-0.122
807714245,0.0137,-0.0044,-1.0591,0.140,-0.178,-0.122
807727245,0.0200,-0.0068,-1.0640,0.262,-0.056,-0.061
807740245,0.0205,-0.0059,-1.0674,-0.043,-0.239,0.122
807753245,0.0200,-0.0034,-1.0596,-0.104,-0.056,0.183
807766245,0.0195,-0.0088,-1.0684,0.018,-0.178,0.122
807779245,0.0229,-0.0068,-1.0601,-0.104,0.067,0.122
807792245,0.0215,-0.0073,-1.0640,0.018,0.005,0.183
807805245,0.0190,-0.0054,-1.0742,-0.165,-0.483,-0.061
807818245,0.0176,-0.0073,-1.0669,0.140,0.005,-0.000
807831245,0.0190,-0.0073,-1.0527,0.140,-0.300,0.183
807844245,0.0161,-0.0063,-1.0586,0.018,-0.056,0.122
807857245,0.0229,-0.0068,-1.0601,0.079,-0.239,-0.122
807870245,0.0234,-0.0049,-1.0654,-0.287,-0.178,-0.000
807883245,0.0186,-0.0068,-1.0649,-0.165,-0.300,0.122
807896245,0.0254,-0.0059,-1.0713,0.018,0.372,0.427
807909245,0.0229,-0.0015,-1.0669,0.018,-0.178,-0.000
807922245,0.0210,-0.0049,-1.0635,0.201,-0.300,-0.061
807935245,0.0225,-0.0078,-1.0664,0.018,-0.178,-0.061
807948245,0.0142,-0.0044,-1.0610,0.079,-0.239,-0.122
807961245,0.0186,-0.0068,-1.0659,0.079,-0.056,0.061
807974245,0.0210,-0.0078,-1.0649,-0.043,0.128,-0.000
807987245,0.0215,-0.0083,-1.0645,0.079,0.250,0.122
808000245,0.0215,-0.0063,-1.0591,-0.165,-0.300,0.244
808013245,0.0239,-0.0063,-1.0654,0.079,0.005,-0.061
808026245,0.0186,-0.0063,-1.0601,0.079,-0.178,-0.000
808039245,0.0215,-0.0024,-1.0635,0.262,0.128,-0.244
808052245,0.0195,-0.0068,-1.0605,0.140,-0.117,0.183
808065245,0.0181,-0.0039,-1.0688,0.018,-0.056,-0.122
808078245,0.0210,-0.0063,-1.0620,0.262,-0.300,0.122
808091245,0.0190,-0.0068,-1.0649,0.018,0.005,0.061
808104245,0.0176,-0.0020,-1.0581,-0.165,-0.178,-0.061
808117245,0.0215,-0.0039,-1.0640,-0.165,-0.056,-0.122
808130245,0.0195,-0.0098,-1.0698,-0.287,-0.178,-0.061
808143245,0.0200,-0.0059,-1.0605,-0.226,-0.056,0.244
808156245,0.0176,-0.0088,-1.0669,-0.165,-0.178,0.122
808169245,0.0190,-0.0063,-1.0630,0.262,0.005,-0.000
808182245,0.0229,-0.0054,-1.0615,0.079,-0.056,0.061
808195245,0.0195,-0.0059,-1.0586,-0.043,0.189,-0.122
808208245,0.0210,-0.0073,-1.0605,-0.226,0.005,0.122
808221245,0.0166,-0.0054,-1.0654,-0.104,0.128,-0.183
808234245,0.0200,-0.0088,-1.0659,0.140,-0.178,-0.000
808247245,0.0210,-0.0054,-1.0654,0.018,-0.239,-0.122
808260245,0.0200,-0.0078,-1.0659,0.262,-0.178,0.061
808273245,0.0176,-0.0068,-1.0732,0.018,-0.056,-0.000
808286245,0.0215,-0.0073,-1.0669,-0.349,-0.178,-0.061
808299245,0.0181,-0.0073,-1.0630,-0.104,-0.178,0.183
808312245,0.0186,-0.0044,-1.0615,0.201,0.067,-0.061
808325245,0.0176,-0.0024,-1.0679,0.018,-0.239,-0.000
808338245,0.0195,-0.0054,-1.0596,0.018,-0.056,-0.061
808351245,0.0225,-0.0049,-1.0674,-0.043,-0.300,-0.061
808364245,0.0186,-0.0034,-1.0625,0.018,-0.056,0.122
808377245,0.0171,-0.0063,-1.0596,0.140,0.067,0.183
808390245,0.0259,-0.0054,-1.0693,-0.226,-0.361,0.122
808403245,0.0166,-0.0059,-1.0669,0.140,0.067,0.366
808416245,0.0215,-0.0059,-1.0688,-0.104,-0.117,-0.122
808429245,0.0205,-0.0093,-1.0596,0.018,-0.178,-0.000
808442245,0.0220,-0.0044,-1.0664,0.079,0.128,0.061
808455245,0.0176,-0.0083,-1.0537,0.201,-0.239,-0.061
808468245,0.0234,-0.0039,-1.0615,0.018,-0.117,-0.122
808481245,0.0210,-0.0054,-1.0615,-0.043,0.005,-0.183
808494245,0.0215,-0.0093,-1.0640,-0.104,-0.056,-0.061
808507245,0.0229,-0.0059,-1.0596,0.140,0.005,0.122
808520245,0.0205,-0.0039,-1.0610,-0.043,0.189,-0.000
808533245,0.0161,-0.0044,-1.0576,0.079,-0.178,-0.122
808546245,0.0181,-0.0049,-1.0713,0.018,-0.178,0.244
808559245,0.0215,-0.0044,-1.0664,-0.349,-0.056,-0.061
808572245,0.0200,-0.0059,-1.0664,0.079,0.128,-0.122
808585245,0.0220,-0.0044,-1.0640,-0.104,-0.117,0.061
808598245,0.0166,-0.0068,-1.0615,-0.043,-0.056,0.061
808611245,0.0176,-0.0044,-1.0625,-0.043,-0.056,-0.000
808624245,0.0225,-0.0083,-1.0669,-0.165,-0.239,-0.061
808637245,0.0181,-0.0059,-1.0640,-0.226,-0.178,-0.122
808650245,0.0200,-0.0078,-1.0674,0.018,-0.117,-0.000
808663245,0.0186,-0.0103,-1.0659,0.140,-0.239,-0.061
808676245,0.0186,-0.0049,-1.0610,-0.043,-0.117,-0.000
808689245,0.0200,-0.0054,-1.0605,-0.287,0.067,0.244
808702245,0.0200,-0.0073,-1.0620,-0.043,-0.056,0.305
808715245,0.0171,-0.0073,-1.0635,0.140,-0.178,-0.183
808728245,0.0176,-0.0068,-1.0669,0.018,0.128,0.122
808741245,0.0195,-0.0039,-1.0581,-0.226,-0.422,-0.122
808754245,0.0176,-0.0068,-1.0605,0.018,0.005,-0.122
808767245,0.0195,-0.0029,-1.0601,-0.043,0.005,-0.183
808780245,0.0215,-0.0068,-1.0581,-0.471,0.005,-0.000
808793245,0.0215,-0.0088,-1.0645,0.079,-0.178,-0.183
808806245,0.0186,-0.0107,-1.0649,-0.043,-0.178,0.061
808819245,0.0190,-0.0083,-1.0630,0.018,-0.422,-0.061
808832245,0.0171,-0.0034,-1.0625,0.018,0.005,0.122
808845245,0.0195,-0.0039,-1.0635,-0.165,-0.117,-0.244
808858245,0.0186,-0.0059,-1.0654,-0.104,0.189,-0.061
808871245,0.0210,-0.0073,-1.0625,-0.165,-0.239,-0.061
808884245,0.0210,-0.0063,-1.0664,-0.165,0.005,0.244
808897245,0.0161,-0.0073,-1.0659,0.018,-0.361,-0.183
808910245,0.0181,-0.0049,-1.0615,0.018,0.005,0.305
808923245,0.0151,-0.0083,-1.0645,-0.043,0.005,-0.061
808936245,0.0190,-0.0088,-1.0630,0.018,0.128,-0.000
808949245,0.0220,-0.0068,-1.0635,0.079,-0.300,-0.000
808962245,0.0195,-0.0068,-1.0640,-0.104,0.067,0.122
808975245,0.0166,-0.0054,-1.0630,0.079,-0.239,0.122
808988245,0.0210,-0.0044,-1.0688,0.018,0.005,-0.000
809001245,0.0186,-0.0059,-1.0532,-0.165,-0.117,0.061
809014245,0.0229,-0.0044,-1.0625,0.140,0.005,-0.061
809027245,0.0225,-0.0049,-1.0654,-0.043,-0.300,-0.122
809040245,0.0215,-0.0083,-1.0640,-0.165,0.005,0.122
809053245,0.0220,-0.0093,-1.0625,-0.104,0.189,-0.000
809066245,0.0190,-0.0068,-1.0571,0.018,0.067,-0.305
809079245,0.0200,-0.0039,-1.0625,-0.104,-0.178,0.061
809092245,0.0181,-0.0098,-1.0654,-0.043,0.128,-0.000
809105245,0.0195,-0.0054,-1.0610,-0.165,-0.178,-0.061
809118245,0.0176,-0.0039,-1.0625,0.079,-0.056,0.122
809131245,0.0176,-0.0054,-1.0625,-0.043,0.067,0.061
809144245,0.0200,-0.0063,-1.0645,-0.043,-0.178,0.061
809157245,0.0220,-0.0078,-1.0654,-0.043,0.005,-0.000
809170245,0.0215,-0.0098,-1.0615,-0.043,-0.056,-0.061
809183245,0.0166,-0.0063,-1.0610,0.018,0.128,0.366
809196245,0.0176,-0.0059,-1.0630,-0.104,0.067,-0.183
809209245,0.0190,-0.0088,-1.0625,0.079,0.067,-0.183
809222245,0.0215,-0.0059,-1.0601,0.079,0.311,0.061
809235245,0.0225,-0.0044,-1.0635,0.079,0.067,-0.000
809248245,0.0176,-0.0039,-1.0625,-0.043,-0.056,-0.061
809261245,0.0225,-0.0073,-1.0674,-0.043,0.005,0.122
809274245,0.0190,-0.0088,-1.0605,0.079,-0.117,-0.000
809287245,0.0195,-0.0029,-1.0615,0.079,-0.178,0.122
809300245,0.0186,-0.0063,-1.0635,-0.043,0.005,-0.000
809313245,0.0210,-0.0068,-1.0586,-0.043,-0.117,-0.000
809326245,0.0210,-0.0054,-1.0630,0.018,-0.239,0.122
809339245,0.0176,-0.0044,-1.0693,0.079,-0.117,-0.122
809352245,0.0146,-0.0020,-1.0688,0.079,-0.056,-0.183
809365245,0.0161,-0.0059,-1.0615,0.140,0.005,0.061
809378245,0.0205,-0.0073,-1.0684,0.140,0.067,0.061
809391245,0.0176,-0.0059,-1.0625,-0.410,0.128,-0.183
809404245,0.0190,-0.0083,-1.0615,0.079,0.005,0.061
809417245,0.0186,-0.0068,-1.0649,-0.104,0.005,0.061
809430245,0.0161,-0.0039,-1.0703,0.079,0.005,-0.183
809443245,0.0186,-0.0068,-1.0688,0.140,0.189,0.122
809456245,0.0190,-0.0049,-1.0615,-0.043,0.128,0.061
809469245,0.0171,-0.0029,-1.0674,0.140,0.005,-0.061
809482245,0.0195,-0.0059,-1.0654,-0.287,-0.300,-0.061
809495245,0.0220,-0.0059,-1.0605,-0.287,-0.178,0.122
809508245,0.0215,-0.0059,-1.0610,-0.043,-0.178,-0.183
809521245,0.0220,-0.0049,-1.0571,0.018,-0.239,0.183
809534245,0.0200,-0.0088,-1.0688,0.018,0.067,-0.000
809547245,0.0215,-0.0029,-1.0698,-0.043,-0.117,-0.000
809560245,0.0220,-0.0034,-1.0640,0.018,-0.178,-0.000
809573245,0.0254,-0.0024,-1.0645,0.018,0.128,0.122
809586245,0.0176,-0.0039,-1.0581,-0.104,0.005,0.061
809599245,0.0181,-0.0049,-1.0586,0.079,0.128,-0.244
809612245,0.0210,-0.0103,-1.0688,-0.043,0.005,-0.061
809625245,0.0229,-0.0054,-1.0649,-0.104,0.005,-0.122
809638245,0.0200,-0.0068,-1.0620,0.018,-0.056,-0.183
809651245,0.0190,-0.0044,-1.0654,-0.043,-0.117,-0.122
809664245,0.0210,-0.0054,-1.0640,0.018,-0.056,-0.122
809677245,0.0161,-0.0083,-1.0625,-0.104,-0.239,0.061
809690245,0.0195,-0.0073,-1.0635,0.140,-0.056,0.061
809703245,0.0186,-0.0039,-1.0684,0.018,0.005,-0.000
809716245,0.0234,-0.0078,-1.0625,-0.043,-0.117,-0.000
809729245,0.0205,-0.0068,-1.0586,0.018,-0.056,-0.122
809742245,0.0176,-0.0083,-1.0610,0.079,-0.117,-0.061
809755245,0.0195,-0.0068,-1.0635,0.079,-0.178,-0.061
809768245,0.0200,-0.0098,-1.0605,-0.165,-0.056,-0.000
809781245,0.0176,-0.0034,-1.0571,0.079,0.067,-0.000
809794245,0.0181,-0.0063,-1.0664,-0.104,0.005,0.183
809807245,0.0205,-0.0078,-1.0723,-0.165,0.128,-0.061
809820245,0.0195,-0.0068,-1.0659,0.079,0.005,-0.000
809833245,0.0176,-0.0039,-1.0620,0.018,0.005,-0.061
809846245,0.0195,-0.0054,-1.0630,-0.104,-0.056,0.061
809859245,0.0215,-0.0068,-1.0679,-0.104,0.067,-0.061
809872245,0.0176,-0.0059,-1.0684,0.079,0.189,-0.122
809885245,0.0195,-0.0073,-1.0596,0.140,0.189,0.061
809898245,0.0205,-0.0059,-1.0688,-0.043,0.005,-0.000
809911245,0.0166,-0.0049,-1.0669,-0.104,0.128,0.244
809924245,0.0205,-0.0083,-1.0562,0.018,-0.117,-0.061
809937245,0.0215,-0.0083,-1.0718,-0.226,0.189,0.061
809950245,0.0156,-0.0039,-1.0576,0.201,-0.117,0.061
809963245,0.0181,-0.0049,-1.0664,-0.165,-0.117,-0.061
809976245,0.0220,-0.0044,-1.0684,0.079,0.128,-0.183
809989245,0.0176,-0.0005,-1.0640,-0.287,-0.056,0.183
810002245,0.0200,-0.0098,-1.0654,-0.043,-0.056,0.061
810015245,0.0220,-0.0078,-1.0635,-0.043,0.067,-0.061
810028245,0.0171,-0.0093,-1.0635,0.079,0.005,-0.000
810041245,0.0166,-0.0068,-1.0728,0.018,-0.300,-0.183
810054245,0.0205,-0.0034,-1.0601,-0.043,-0.056,0.183
810067245,0.0195,-0.0039,-1.0620,-0.104,0.005,0.061
810080245,0.0186,-0.0073,-1.0654,-0.104,0.067,-0.061
810093245,0.0225,-0.0049,-1.0620,-0.043,-0.056,0.061
810106245,0.0190,-0.0078,-1.0630,0.140,-0.056,0.061
810119245,0.0210,-0.0063,-1.0601,0.018,-0.117,0.122
810132245,0.0171,-0.0083,-1.0615,-0.165,0.005,0.122
810145245,0.0176,-0.0093,-1.0571,-0.104,-0.117,-0.122
810158245,0.0181,-0.0068,-1.0581,-0.104,-0.239,-0.061
810171245,0.0186,-0.0073,-1.0654,0.201,-0.056,-0.061
810184245,0.0210,-0.0078,-1.0654,0.201,0.128,-0.061
810197245,0.0181,-0.0059,-1.0703,-0.165,0.005,0.061
810210245,0.0176,-0.0034,-1.0640,0.140,-0.178,-0.061
810223245,0.0166,-0.0103,-1.0718,-0.165,0.128,0.244
810236245,0.0200,-0.0049,-1.0571,0.018,-0.178,-0.122
810249245,0.0195,-0.0068,-1.0596,-0.165,-0.056,-0.122
810262245,0.0176,-0.0039,-1.0649,0.018,0.005,0.061
810275245,0.0181,-0.0088,-1.0654,-0.349,-0.117,-0.000
810288245,0.0171,-0.0068,-1.0674,0.201,-0.178,0.061
810301245,0.0166,-0.0059,-1.0679,0.140,0.128,0.122
810314245,0.0171,-0.0054,-1.0698,0.201,0.189,0.305
810327245,0.0229,-0.0078,-1.0596,-0.226,0.067,0.183
810340245,0.0176,-0.0039,-1.0679,0.079,-0.117,0.061
810353245,0.0195,-0.0078,-1.0649,-0.104,-0.178,0.061
810366245,0.0210,-0.0078,-1.0630,-0.226,-0.117,0.122
810379245,0.0220,-0.0054,-1.0610,0.140,0.005,0.122
810392245,0.0229,-0.0054,-1.0635,0.140,0.005,-0.305
810405245,0.0215,-0.0049,-1.0630,0.079,0.067,-0.000
810418245,0.0171,-0.0073,-1.0659,0.018,-0.117,-0.061
810431245,0.0146,-0.0068,-1.0605,-0.043,0.067,0.061
810444245,0.0210,-0.0039,-1.0664,-0.226,-0.117,-0.183
810457245,0.0205,-0.0083,-1.0610,-0.165,0.005,-0.122
810470245,0.0239,-0.0063,-1.0664,-0.043,0.005,0.061
810483245,0.0220,-0.0088,-1.0698,0.079,-0.056,0.183
810496245,0.0171,-0.0044,-1.0630,0.140,0.005,-0.122
810509245,0.0215,-0.0054,-1.0654,-0.043,-0.056,-0.183
810522245,0.0176,-0.0073,-1.0615,-0.104,0.067,0.183
810535245,0.0210,-0.0044,-1.0635,0.140,-0.300,0.061
810548245,0.0215,-0.0107,-1.0664,-0.104,0.005,-0.000
810561245,0.0215,-0.0068,-1.0684,-0.043,-0.239,-0.000
810574245,0.0190,-0.0044,-1.0605,-0.104,0.005,0.061
810587245,0.0181,-0.0083,-1.0688,-0.226,-0.117,0.061
810600245,0.0181,-0.0063,-1.0659,0.079,0.067,0.183
810613245,0.0195,-0.0078,-1.0674,-0.043,-0.239,0.061
810626245,0.0195,-0.0059,-1.0596,-0.165,0.067,0.183
810639245,0.0225,-0.0010,-1.0654,0.140,0.005,-0.244
810652245,0.0200,-0.0054,-1.0688,-0.104,0.005,-0.000
810665245,0.0225,-0.0049,-1.0659,-0.043,0.189,-0.000
810678245,0.0161,-0.0078,-1.0630,0.079,-0.117,-0.000
810691245,0.0195,-0.0054,-1.0625,0.079,-0.178,-0.061
810704245,0.0181,-0.0063,-1.0684,0.018,0.005,0.122
810717245,0.0210,-0.0059,-1.0635,0.018,-0.056,0.305
810730245,0.0215,-0.0039,-1.0630,0.140,-0.178,0.183
810743245,0.0205,-0.0054,-1.0664,-0.043,-0.117,-0.000
810756245,0.0146,-0.0059,-1.0664,-0.104,-0.056,0.183
810769245,0.0181,-0.0068,-1.0688,-0.104,0.005,0.122
810782245,0.0171,-0.0063,-1.0630,0.079,0.128,-0.183
810795245,0.0200,-0.0073,-1.0645,0.079,-0.117,0.061
810808245,0.0195,-0.0044,-1.0605,-0.043,-0.117,0.061
810821245,0.0171,-0.0059,-1.0630,-0.043,-0.117,-0.122
810834245,0.0171,-0.0063,-1.0684,-0.043,-0.178,-0.061
810847245,0.0181,-0.0078,-1.0635,0.018,0.189,0.122
810860245,0.0176,-0.0068,-1.0635,-0.104,0.067,-0.183
810873245,0.0215,-0.0063,-1.0674,-0.104,0.189,0.122
810886245,0.0186,-0.0073,-1.0630,0.079,0.189,-0.000
810899245,0.0186,-0.0059,-1.0649,0.140,0.067,-0.000
810912245,0.0186,-0.0044,-1.0640,-0.349,-0.056,0.183
810925245,0.0171,-0.0063,-1.0698,0.079,-0.544,-0.122
810938245,0.0347,0.0225,-1.1265,-0.226,0.128,0.061
810951245,0.0249,-0.0229,-1.1245,0.262,0.494,0.122
810964245,0.0347,-0.0220,-1.0547,1.360,0.494,0.122
810977245,0.0161,0.0024,-1.0435,-0.165,-0.361,-0.122
810990245,0.0146,-0.0015,-1.0610,-0.410,0.128,-0.061
811003245,0.0161,-0.0044,-1.0620,-0.104,0.128,0.061
811016245,0.0239,-0.0044,-1.0674,0.262,-0.239,0.122
811029245,0.0210,-0.0044,-1.0732,-0.043,-0.483,0.061
811042245,0.0186,-0.0049,-1.0625,0.018,0.005,0.061
811055245,0.0142,-0.0054,-1.0615,-0.165,-0.239,-0.000
811068245,0.0234,-0.0059,-1.0640,0.140,-0.239,0.183
811081245,0.0215,-0.0073,-1.0625,0.201,-0.361,0.061
811094245,0.0225,-0.0098,-1.0586,0.140,-0.056,-0.122
811107245,0.0200,-0.0044,-1.0625,0.018,-0.300,-0.122
811120245,0.0190,-0.0005,-1.0679,-0.043,-0.056,-0.122
811133245,0.0166,-0.0024,-1.0620,0.079,-0.117,-0.061
811146245,0.0195,-0.0078,-1.0605,0.079,-0.117,0.061
811159245,0.0190,-0.0029,-1.0669,0.079,-0.056,-0.061
811172245,0.0176,-0.0039,-1.0659,0.018,0.005,-0.000
811185245,0.0176,-0.0049,-1.0557,0.323,0.189,-0.000
811198245,0.0200,-0.0034,-1.0635,0.201,-0.056,-0.061
811211245,0.0176,-0.0054,-1.0615,0.018,0.189,-0.000
811224245,0.0200,-0.0039,-1.0659,0.018,-0.056,0.061
811237245,0.0210,-0.0078,-1.0625,-0.104,0.067,0.122
811250245,0.0200,-0.0049,-1.0654,0.201,-0.117,0.183
811263245,0.0200,-0.0078,-1.0664,-0.165,-0.117,0.122
811276245,0.0190,-0.0054,-1.0625,0.018,-0.178,-0.122
811289245,0.0186,-0.0024,-1.0630,0.018,-0.117,0.122
811302245,0.0200,-0.0049,-1.0674,0.018,-0.056,-0.000
811315245,0.0171,-0.0093,-1.0635,0.018,0.128,0.122
811328245,0.0161,-0.0068,-1.0610,0.201,0.067,0.122
811341245,0.0225,-0.0015,-1.0669,-0.226,-0.117,-0.000
811354245,0.0205,-0.0073,-1.0684,-0.043,-0.056,-0.061
811367245,0.0176,-0.0029,-1.0674,0.201,-0.056,-0.244
811380245,0.0195,-0.0044,-1.0684,-0.104,0.005,-0.061
811393245,0.0278,0.0122,-1.0737,-0.349,0.005,-0.122
811406245,0.0234,-0.0122,-1.0815,-0.226,-0.117,-0.061
811419245,0.0259,-0.0088,-1.0659,0.567,0.128,0.122
811432245,0.0186,-0.0093,-1.0630,0.201,0.372,0.122
811445245,0.0220,0.0015,-1.0591,-0.043,0.189,-0.000
811458245,0.0220,-0.0083,-1.0591,-0.165,0.128,-0.000
811471245,0.0200,-0.0054,-1.0674,-0.226,0.067,-0.061
811484245,0.0161,-0.0068,-1.0635,-0.043,0.005,-0.000
811497245,0.0186,-0.0054,-1.0649,-0.043,-0.178,0.061
811510245,0.0176,-0.0078,-1.0630,-0.104,-0.056,-0.000
811523245,0.0186,-0.0073,-1.0688,-0.165,0.128,-0.000
811536245,0.0283,-0.0073,-1.0532,-0.104,0.005,0.122
811549245,0.0176,-0.0049,-1.0679,-0.226,-0.239,0.244
811562245,0.0171,-0.0010,-1.0669,0.201,-0.300,0.061
811575245,0.0200,-0.0059,-1.0684,0.079,-0.117,0.122
811588245,0.0186,-0.0054,-1.0654,-0.104,-0.056,-0.061
811601245,0.0190,-0.0029,-1.0566,-0.104,0.311,-0.061
811614245,0.0215,-0.0054,-1.0698,0.262,-0.239,-0.183
811627245,0.0234,-0.0029,-1.0630,-0.165,-0.056,-0.122
811640245,0.0200,-0.0044,-1.0605,-0.043,-0.117,0.122
811653245,0.0200,-0.0098,-1.0635,-0.043,0.005,0.122
811666245,0.0244,-0.0044,-1.0620,-0.043,-0.056,0.061
811679245,0.0225,-0.0044,-1.0674,0.018,0.067,-0.000
811692245,0.0137,-0.0024,-1.0664,0.079,0.005,0.122
811705245,0.0190,-0.0054,-1.0664,-0.287,0.067,-0.000
811718245,0.0156,-0.0088,-1.0649,-0.043,-0.117,-0.000
811731245,0.0166,-0.0078,-1.0630,-0.226,-0.056,-0.183
811744245,0.0200,-0.0054,-1.0684,-0.104,0.067,0.122
811757245,0.0181,-0.0054,-1.0625,-0.349,0.067,0.122
811770245,0.0171,-0.0063,-1.0674,0.079,-0.056,-0.061
811783245,0.0200,-0.0054,-1.0596,0.140,0.067,0.061
811796245,0.0200,-0.0068,-1.0596,-0.226,-0.117,-0.000
811809245,0.0195,-0.0063,-1.0591,0.079,-0.178,0.061
811822245,0.0142,-0.0073,-0.9971,1.116,-0.788,-0.061
811835245,0.0195,-0.0024,-1.0215,0.445,0.005,0.244
811848245,0.0181,0.0034,-1.0708,-0.959,-0.300,0.061
811861245,0.0093,-0.0059,-1.0781,-0.226,-0.056,0.183
811874245,0.0210,-0.0127,-1.0547,-0.226,-0.056,-0.183
811887245,0.0249,-0.0088,-1.0913,0.079,0.067,-0.061
811900245,0.0210,-0.0020,-1.0454,0.018,-0.178,0.122
811913245,0.0195,-0.0093,-1.0571,-0.104,0.005,-0.183
811926245,0.0171,-0.0029,-1.0718,-0.104,0.005,0.122
811939245,0.0176,-0.0098,-1.0571,-0.165,-0.056,-0.122
811952245,0.0195,-0.0088,-1.0586,0.140,-0.178,0.061
811965245,0.0132,-0.0059,-1.0649,0.018,0.005,0.122
811978245,0.0156,-0.0039,-1.0635,-0.287,-0.178,0.305
811991245,0.0186,-0.0068,-1.0566,-0.104,0.250,-0.000
812004245,0.0195,-0.0020,-1.0601,0.018,-0.056,-0.061
812017245,0.0171,-0.0068,-1.0630,-0.287,-0.056,-0.000
812030245,0.0205,-0.0054,-1.0640,0.140,-0.117,0.061
812043245,0.0205,-0.0068,-1.0635,0.018,-0.056,-0.061
812056245,0.0220,-0.0054,-1.0596,0.384,0.005,0.122
812069245,0.0205,-0.0034,-1.0649,0.140,-0.178,-0.061
812082245,0.0195,-0.0059,-1.0640,-0.349,-0.300,-0.061
812095245,0.0220,-0.0020,-1.0630,-0.043,-0.117,0.061
812108245,0.0171,-0.0068,-1.0723,0.079,-0.056,0.122
812121245,0.0215,-0.0063,-1.0669,0.262,-0.178,0.122
812134245,0.0259,-0.0073,-1.0547,-0.043,-0.056,-0.122
812147245,0.0176,-0.0068,-1.0654,0.018,-0.117,-0.000
812160245,0.0181,-0.0044,-1.0640,-0.165,-0.117,0.061
812173245,0.0215,-0.0068,-1.0557,-0.043,-0.056,0.122
812186245,0.0205,-0.0078,-1.0674,0.079,0.128,-0.061
812199245,0.0200,-0.0078,-1.0537,0.079,-0.117,0.061
812212245,0.0210,-0.0059,-1.0591,-0.104,-0.117,-0.061
812225245,0.0186,-0.0054,-1.0654,0.079,-0.117,0.061
812238245,0.0200,-0.0078,-1.0630,-0.104,-0.239,0.061
812251245,0.0210,-0.0088,-1.0625,0.140,0.005,0.061
812264245,0.0234,-0.0049,-1.0679,0.140,-0.056,-0.122
812277245,0.0142,-0.0029,-1.0640,0.201,-0.178,-0.061
812290245,0.0171,-0.0073,-1.0601,0.079,-0.117,0.183
812303245,0.0171,-0.0063,-1.0679,0.323,-0.178,0.122
812316245,0.0176,-0.0034,-1.0605,0.018,-0.178,0.061
812329245,0.0225,-0.0054,-1.0684,0.079,-0.056,0.183
812342245,0.0244,-0.0059,-1.0630,-0.043,0.128,-0.122
812355245,0.0161,-0.0044,-1.0664,-0.287,0.189,-0.000
812368245,0.0093,-0.0117,-1.0635,-0.043,-0.117,0.061
812381245,0.0073,-0.0112,-1.0093,0.140,-1.093,-0.000
812394245,0.0234,0.0000,-1.0635,-0.226,0.128,-0.305
812407245,0.0083,-0.0068,-1.0474,-0.410,-0.849,-0.183
812420245,0.0156,-0.0054,-1.0693,0.201,-0.056,0.183
812433245,0.0205,-0.0073,-1.0625,0.018,-0.361,-0.061
812446245,0.0156,-0.0078,-1.0571,0.140,-0.117,0.244
812459245,0.0249,-0.0024,-1.0679,0.018,0.128,0.061
812472245,0.0210,-0.0044,-1.0640,0.018,0.067,0.244
812485245,0.0244,-0.0142,-1.0845,0.079,0.005,-0.061
812498245,0.0176,-0.0137,-1.1318,1.727,-0.544,0.122
812511245,0.0112,0.0088,-0.9185,0.567,-0.666,0.122
812524245,0.0254,-0.0210,-1.0850,-2.119,0.067,-0.305
812537245,0.0151,-0.0093,-1.1265,1.422,0.067,0.183
812550245,0.0049,0.0103,-1.0068,-1.081,0.311,-0.061
812563245,0.0254,-0.0200,-1.0923,-0.226,0.250,0.061
812576245,0.0137,-0.0029,-1.0845,0.384,0.677,0.183
812589245,0.0205,-0.0029,-1.0386,0.140,-0.056,-0.000
812602245,0.0210,-0.0122,-1.0718,0.018,-0.605,0.061
812615245,0.0093,-0.0034,-1.0693,0.445,-0.300,0.122
812628245,0.0244,-0.0010,-1.0537,0.201,-0.178,-0.000
812641245,0.0200,-0.0044,-1.0664,0.323,-0.300,-0.000
812654245,0.0142,-0.0054,-1.0498,0.445,-0.422,-0.122
812667245,0.0225,-0.0098,-1.0620,0.018,0.067,-0.183
812680245,0.0190,-0.0063,-1.0591,0.140,-0.239,0.122
812693245,0.0229,-0.0063,-1.0684,0.201,-0.117,-0.000
812706245,0.0176,-0.0049,-1.0659,-0.043,-0.056,0.061
812719245,0.0195,-0.0029,-1.0635,0.140,-0.056,0.061
812732245,0.0205,-0.0078,-1.0654,-0.104,-0.056,0.305
812745245,0.0176,-0.0093,-1.0688,-0.104,0.128,0.061
812758245,0.0215,0.0015,-1.0630,0.018,0.067,-0.000
812771245,0.0220,-0.0078,-1.0659,0.079,-0.178,0.305
812784245,0.0166,-0.0024,-1.0688,0.201,-0.300,0.244
812797245,0.0210,-0.0068,-1.0728,0.140,-0.178,0.061
812810245,0.0225,-0.0044,-1.0640,0.262,-0.239,-0.061
812823245,0.0195,-0.0044,-1.0576,0.079,-0.300,-0.122
812836245,0.0205,-0.0054,-1.0640,0.018,-0.361,-0.061
812849245,0.0220,-0.0068,-1.0605,0.018,0.189,-0.061
812862245,0.0176,-0.0068,-1.0649,-0.226,-0.117,-0.061
812875245,0.0146,-0.0093,-1.0557,-0.043,-0.056,-0.000
812888245,0.0215,-0.0059,-1.0566,0.140,0.067,0.244
812901245,0.0210,-0.0039,-1.0723,0.018,0.005,0.183
812914245,0.0244,-0.0054,-1.0591,0.018,-0.239,0.122
812927245,0.0225,-0.0063,-1.0576,-0.104,0.005,0.305
812940245,0.0176,-0.0044,-1.0698,0.018,0.189,0.244
812953245,0.0244,-0.0029,-1.0610,-0.104,0.128,0.122
812966245,0.0186,-0.0073,-1.0586,-0.226,0.250,-0.000
812979245,0.0225,-0.0034,-1.0645,0.018,-0.056,0.122
812992245,0.0259,-0.0039,-1.0625,-0.104,-0.117,-0.061
813005245,0.0171,-0.0024,-1.0601,-0.104,0.005,0.122
813018245,0.0273,-0.0063,-1.0669,0.079,0.067,-0.183
813031245,0.0151,-0.0049,-1.0635,-0.165,0.128,-0.061
813044245,0.0200,-0.0039,-1.0645,0.018,-0.178,-0.061
813057245,0.0186,-0.0054,-1.0684,-0.226,0.005,-0.122
813070245,0.0215,-0.0054,-1.0591,-0.043,0.005,-0.061
813083245,0.0220,-0.0078,-1.0713,0.018,-0.117,-0.061
813096245,0.0166,-0.0034,-1.0620,0.201,0.005,-0.000
813109245,0.0137,-0.0059,-1.0630,0.079,-0.117,0.366
813122245,0.0156,-0.0044,-1.0605,0.079,0.067,-0.000
813135245,0.0210,-0.0059,-1.0645,0.079,-0.117,-0.061
813148245,0.0215,-0.0059,-1.0566,0.018,0.067,-0.061
813161245,0.0181,-0.0010,-1.0645,-0.043,0.005,0.061
813174245,0.0215,-0.0088,-1.0591,-0.104,-0.056,-0.061
813187245,0.0195,-0.0073,-1.0601,0.018,-0.178,-0.061
813200245,0.0205,-0.0005,-1.0635,-0.226,0.005,-0.122
813213245,0.0171,-0.0059,-1.0674,0.140,-0.300,-0.000
813226245,0.0215,-0.0098,-1.0615,-0.043,-0.056,-0.000
813239245,0.0171,-0.0029,-1.0615,0.262,-0.056,-0.122
813252245,0.0176,-0.0049,-1.0669,0.018,0.005,0.183
813265245,0.0151,-0.0078,-1.0625,0.018,-0.056,-0.000
813278245,0.0229,-0.0034,-1.0625,0.079,0.005,-0.061
813291245,0.0200,-0.0039,-1.0557,-0.165,-0.056,0.061
813304245,0.0176,-0.0078,-1.0620,0.079,-0.056,-0.061
813317245,0.0200,-0.0049,-1.0605,0.140,-0.239,0.183
813330245,0.0166,-0.0073,-1.0654,0.018,-0.178,-0.244
813343245,0.0225,-0.0044,-1.0664,-0.165,-0.056,0.183
813356245,0.0215,-0.0024,-1.0605,0.018,-0.117,0.061
813369245,0.0161,-0.0029,-1.0630,-0.165,0.128,-0.061
813382245,0.0225,-0.0049,-1.0615,-0.165,-0.117,0.061
813395245,0.0151,-0.0015,-1.0610,-0.043,-0.239,0.122
813408245,0.0210,-0.0073,-1.0649,0.018,0.128,0.061
813421245,0.0200,-0.0034,-1.0596,0.018,-0.239,-0.000
813434245,0.0210,-0.0029,-1.0645,0.018,-0.178,0.061
813447245,0.0195,-0.0068,-1.0610,0.201,-0.056,0.122
813460245,0.0151,-0.0078,-1.0625,0.140,0.005,0.122
813473245,0.0181,-0.0020,-1.0581,0.018,-0.056,-0.000
813486245,0.0166,-0.0063,-1.0576,-0.226,-0.056,0.061
813499245,0.0215,-0.0044,-1.0630,-0.104,-0.117,0.061
813512245,0.0205,-0.0088,-1.0610,0.018,-0.239,0.061
813525245,0.0220,-0.0044,-1.0571,0.079,-0.300,0.183
813538245,0.0200,-0.0063,-1.0625,0.018,-0.056,0.122
813551245,0.0195,-0.0059,-1.0669,0.018,-0.117,-0.000
813564245,0.0186,-0.0073,-1.0649,-0.043,-0.239,-0.000
813577245,0.0200,-0.0054,-1.0669,-0.043,0.128,-0.000
813590245,0.0166,-0.0078,-1.0581,0.079,-0.117,0.061
813603245,0.0190,-0.0068,-1.0732,0.079,0.067,-0.061
813616245,0.0200,-0.0083,-1.0566,0.079,0.005,0.122
813629245,0.0200,-0.0073,-1.0659,-0.226,0.005,0.183
813642245,0.0190,-0.0068,-1.0615,-0.043,0.128,-0.000
813655245,0.0151,-0.0054,-1.0630,-0.043,-0.117,-0.122
813668245,0.0195,-0.0039,-1.0640,-0.043,0.005,0.183
813681245,0.0181,-0.0063,-1.0684,0.140,-0.056,0.061
813694245,0.0176,-0.0024,-1.0615,-0.165,-0.239,0.122
813707245,0.0210,-0.0049,-1.0581,-0.043,0.189,-0.000
813720245,0.0181,-0.0005,-1.0601,0.018,-0.117,-0.061
813733245,0.0205,-0.0059,-1.0640,-0.104,0.128,-0.122
813746245,0.0234,-0.0034,-1.0640,0.018,-0.056,-0.061
813759245,0.0239,-0.0059,-1.0620,0.079,-0.178,0.122
813772245,0.0146,-0.0044,-1.0591,-0.165,-0.239,0.244
813785245,0.0210,-0.0093,-1.0630,0.018,-0.178,0.183
813798245,0.0229,-0.0083,-1.0703,0.018,0.128,-0.122
813811245,0.0239,-0.0063,-1.0649,0.140,-0.117,-0.000
813824245,0.0234,-0.0039,-1.0679,0.018,-0.056,0.305
813837245,0.0186,-0.0044,-1.0659,0.018,-0.056,-0.000
813850245,0.0176,-0.0078,-1.0557,-0.226,0.005,0.061
813863245,0.0200,-0.0103,-1.0698,0.079,-0.056,0.244
813876245,0.0171,-0.0044,-1.0664,0.140,0.005,0.244
813889245,0.0239,-0.0073,-1.0703,0.018,-0.056,0.122
813902245,0.0151,-0.0029,-1.0586,0.079,-0.178,0.061
813915245,0.0181,-0.0049,-1.0674,0.201,0.067,-0.122
813928245,0.0195,-0.0059,-1.0645,0.140,-0.300,0.122
813941245,0.0195,-0.0088,-1.0601,0.018,-0.178,-0.061
813954245,0.0225,-0.0063,-1.0596,0.140,-0.178,-0.183
813967245,0.0190,-0.0049,-1.0635,-0.043,-0.056,-0.061
813980245,0.0200,-0.0015,-1.0547,0.079,0.189,0.061
813993245,0.0200,-0.0063,-1.0664,-0.104,-0.117,0.061
814006245,0.0166,-0.0068,-1.0654,0.079,0.005,0.061
814019245,0.0205,-0.0034,-1.0586,-0.043,0.189,0.305
814032245,0.0190,-0.0059,-1.0669,-0.165,-0.178,0.183
814045245,0.0210,-0.0034,-1.0679,-0.165,0.067,0.244
814058245,0.0205,-0.0044,-1.0635,0.018,-0.178,0.122
814071245,0.0229,-0.0049,-1.0615,-0.165,0.250,-0.000
814084245,0.0166,-0.0063,-1.0640,-0.104,-0.117,-0.000
814097245,0.0239,-0.0039,-1.0649,-0.043,0.005,0.122
814110245,0.0195,-0.0093,-1.0620,-0.165,-0.056,0.183
814123245,0.0229,-0.0063,-1.0605,0.079,-0.056,0.122
814136245,0.0195,-0.0054,-1.0625,-0.043,-0.056,0.122
814149245,0.0161,-0.0073,-1.0674,-0.043,-0.056,0.061
814162245,0.0210,-0.0029,-1.0630,-0.226,-0.178,-0.000
814175245,0.0176,-0.0049,-1.0625,-0.043,0.067,0.122
814188245,0.0166,-0.0063,-1.0732,-0.287,0.005,0.122
814201245,0.0181,-0.0039,-1.0576,0.079,-0.117,-0.183
814214245,0.0176,-0.0059,-1.0620,-0.043,-0.056,0.183
814227245,0.0234,-0.0039,-1.0610,-0.043,-0.239,-0.244
814240245,0.0210,-0.0068,-1.0630,-0.165,0.067,0.122
814253245,0.0200,-0.0068,-1.0557,0.018,-0.178,-0.122
814266245,0.0190,-0.0083,-1.0605,-0.287,-0.239,-0.061
814279245,0.0215,-0.0034,-1.0640,0.018,-0.239,0.183
814292245,0.0215,-0.0039,-1.0679,0.018,-0.056,0.061
814305245,0.0176,-0.0039,-1.0674,-0.165,0.128,-0.122
814318245,0.0220,-0.0054,-1.0601,-0.165,0.067,0.061
814331245,0.0190,-0.0034,-1.0674,-0.043,-0.239,-0.061
814344245,0.0220,-0.0054,-1.0601,-0.226,0.005,0.061
814357245,0.0205,-0.0068,-1.0674,-0.165,0.005,-0.183
814370245,0.0190,-0.0088,-1.0679,-0.287,0.250,-0.061
814383245,0.0186,-0.0034,-1.0649,-0.043,-0.117,0.061
814396245,0.0229,-0.0005,-1.0640,0.018,0.005,-0.061
814409245,0.0176,-0.0083,-1.0591,0.201,-0.178,-0.122
814422245,0.0215,-0.0054,-1.0664,-0.043,0.005,-0.000
814435245,0.0181,-0.0024,-1.0591,0.201,-0.239,-0.000
814448245,0.0244,-0.0054,-1.0654,0.079,0.067,-0.061
814461245,0.0190,-0.0024,-1.0581,0.018,-0.117,0.061
814474245,0.0186,-0.0068,-1.0630,-0.104,0.005,0.122
814487245,0.0176,-0.0039,-1.0596,0.140,-0.056,-0.061
814500245,0.0190,-0.0024,-1.0649,-0.104,-0.117,-0.061
814513245,0.0186,-0.0039,-1.0630,-0.226,-0.056,0.244
814526245,0.0195,-0.0024,-1.0684,0.018,0.128,-0.244
814539245,0.0234,-0.0059,-1.0674,-0.043,-0.239,-0.061
814552245,0.0239,-0.0034,-1.0640,0.079,-0.056,-0.000
814565245,0.0215,-0.0034,-1.0625,-0.226,-0.056,-0.183
814578245,0.0264,-0.0039,-1.0635,-0.043,0.250,0.183
814591245,0.0171,-0.0083,-1.0654,-0.287,-0.178,-0.122
814604245,0.0229,-0.0020,-1.0635,-0.043,0.128,-0.061
814617245,0.0244,-0.0059,-1.0649,-0.165,0.067,-0.000
814630245,0.0215,-0.0068,-1.0630,-0.165,0.005,-0.061
814643245,0.0171,-0.0083,-1.0630,0.018,-0.056,-0.061
814656245,0.0186,-0.0068,-1.0674,0.262,0.005,-0.061
814669245,0.0210,-0.0024,-1.0625,0.323,-0.239,-0.000
814682245,0.0210,-0.0020,-1.0630,0.201,-0.117,-0.000
814695245,0.0156,-0.0049,-1.0527,0.018,0.128,0.061
814708245,0.0210,-0.0083,-1.0610,-0.287,-0.117,-0.000
814721245,0.0205,-0.0054,-1.0688,0.018,-0.056,-0.000
814734245,0.0195,-0.0039,-1.0669,0.140,0.005,0.061
814747245,0.0200,-0.0054,-1.0596,-0.043,-0.056,-0.183
814760245,0.0171,-0.0054,-1.0713,0.262,-0.178,-0.000
814773245,0.0151,-0.0054,-1.0591,0.201,-0.056,-0.000
814786245,0.0205,-0.0029,-1.0522,-0.043,-0.361,0.183
814799245,0.0234,-0.0044,-1.0615,0.018,0.128,-0.061
814812245,0.0200,-0.0044,-1.0679,-0.287,-0.178,-0.000
814825245,0.0171,-0.0044,-1.0630,-0.104,0.128,0.122
814838245,0.0186,-0.0054,-1.0684,0.262,-0.117,-0.122
814851245,0.0176,-0.0063,-1.0669,0.262,-0.239,-0.000
814864245,0.0239,-0.0059,-1.0693,0.323,-0.178,-0.061
814877245,0.0195,-0.0049,-1.0576,0.262,-0.178,-0.000
814890245,0.0205,-0.0024,-1.0605,0.079,-0.056,-0.061
814903245,0.0210,-0.0024,-1.0581,-0.043,-0.056,-0.244
814916245,0.0181,-0.0073,-1.0649,-0.165,-0.117,0.122
814929245,0.0166,-0.0078,-1.0635,-0.349,0.067,0.122
814942245,0.0200,-0.0049,-1.0703,-0.043,0.189,-0.244
814955245,0.0254,-0.0073,-1.0620,0.018,-0.178,0.061
814968245,0.0200,-0.0049,-1.0640,0.018,-0.117,-0.000
814981245,0.0181,-0.0049,-1.0615,-0.104,-0.117,-0.000
814994245,0.0186,-0.0015,-1.0605,-0.104,-0.178,0.366
815007245,0.0215,-0.0044,-1.0620,-0.043,-0.178,-0.000
815020245,0.0146,0.0005,-1.0630,-0.226,0.067,0.061
815033245,0.0244,-0.0068,-1.0664,-0.104,0.067,0.183
815046245,0.0195,-0.0073,-1.0645,-0.410,-0.117,-0.000
815059245,0.0151,-0.0049,-1.0635,-0.043,-0.178,0.061
815072245,0.0161,-0.0044,-1.0576,-0.104,-0.239,-0.305
815085245,0.0210,-0.0029,-1.0762,0.079,0.005,0.122
815098245,0.0249,-0.0068,-1.0610,-0.165,-0.239,-0.061
815111245,0.0229,-0.0088,-1.0693,0.018,0.005,-0.061
815124245,0.0200,-0.0054,-1.0654,0.201,0.311,-0.000
815137245,0.0190,-0.0059,-1.0654,0.079,0.067,0.122
815150245,0.0239,-0.0024,-1.0576,-0.043,-0.178,-0.000
815163245,0.0215,-0.0054,-1.0679,0.079,-0.422,-0.122
815176245,0.0151,-0.0054,-1.0625,-0.043,-0.117,-0.000
815189245,0.0166,-0.0029,-1.0649,0.018,-0.056,-0.000
815202245,0.0166,-0.0068,-1.0591,0.140,-0.056,0.122
815215245,0.0186,-0.0059,-1.0664,0.018,-0.849,-0.000
815228245,-0.1724,-0.0762,-0.8833,1.055,-143.427,-4.273
815241245,0.0625,-0.0620,-1.0283,-3.034,-12.202,0.061
815254245,0.0127,-0.0669,-1.0430,0.750,-2.253,1.404
815267245,0.0293,-0.0791,-1.0659,1.666,0.433,-8.850
815280245,0.0542,0.0039,-1.0356,1.299,-1.948,-7.508
815293245,0.1016,0.1016,-1.2275,-4.011,20.818,-1.587
815306245,0.0176,0.1323,-1.0889,-1.569,13.250,-3.052
815319245,0.0381,0.0615,-1.0635,-1.020,9.344,-1.221
815332245,0.0293,-0.0010,-1.0596,-0.959,12.396,-0.061
815345245,-0.1431,0.0029,-0.8813,-0.837,-5.976,1.281
815358245,0.0410,-0.0400,-1.0762,0.933,-15.864,-0.366
815371245,0.0371,-0.0024,-1.0474,-0.349,-23.188,1.587
815384245,0.0542,-0.0063,-1.0786,-0.226,2.935,1.587
815397245,0.0356,0.0015,-1.0635,-0.226,0.372,1.159
815410245,0.0376,-0.0078,-1.0635,-0.165,0.189,0.671
815423245,0.0366,-0.0049,-1.0615,0.018,-0.605,0.366
815436245,0.0366,-0.0015,-1.0581,0.140,-0.483,-0.061
815449245,0.0381,-0.0044,-1.0576,-0.043,-1.093,0.061
815462245,0.0425,-0.0029,-1.0645,-0.104,0.311,-0.061
815475245,0.0347,-0.0059,-1.0586,0.018,-2.375,-0.000
815488245,0.0073,-0.0137,-1.0117,-0.287,-0.422,0.427
815501245,0.0376,-0.0010,-1.0566,0.018,-0.666,-0.000
815514245,0.0386,-0.0039,-1.0596,0.323,-1.459,0.183
815527245,0.0386,-0.0063,-1.0654,0.140,0.005,-0.122
815540245,0.0405,-0.0044,-1.0610,-0.043,-0.422,-0.183
815553245,0.0415,-0.0063,-1.0649,0.140,0.433,-0.000
815566245,0.0415,-0.0063,-1.0601,0.018,0.494,-0.183
815579245,0.0347,-0.0034,-1.0625,0.079,-0.361,-0.122
815592245,0.0361,-0.0068,-1.0649,0.079,-0.178,0.122
815605245,0.0396,-0.0049,-1.0581,0.262,-0.300,0.061
815618245,0.0400,-0.0029,-1.0630,-0.104,-0.422,-0.061
815631245,0.0410,-0.0063,-1.0615,-0.043,-0.483,-0.061
815644245,0.0391,-0.0073,-1.0640,0.079,-0.117,0.183
815657245,0.0376,-0.0063,-1.0640,-0.043,-0.056,-0.061
815670245,0.0391,-0.0063,-1.0610,0.079,0.433,-0.122
815683245,0.0410,-0.0049,-1.0537,-0.165,0.005,-0.061
815696245,0.0381,-0.0034,-1.0693,-0.226,0.005,-0.000
815709245,0.0400,-0.0073,-1.0674,-0.043,0.005,-0.122
815722245,0.0391,-0.0039,-1.0620,-0.043,0.005,-0.000
815735245,0.0376,-0.0029,-1.0664,0.079,0.005,-0.061
815748245,0.0405,-0.0034,-1.0610,-0.043,-0.056,-0.000
815761245,0.0366,-0.0029,-1.0596,-0.043,-0.178,-0.122
815774245,0.0410,-0.0093,-1.0669,-0.104,-0.117,0.061
815787245,0.0347,-0.0020,-1.0537,-0.165,-0.117,-0.244
815800245,0.0381,-0.0024,-1.0698,-0.226,0.189,-0.000
815813245,0.0381,-0.0083,-1.0601,-0.104,-0.178,-0.122
815826245,0.0425,-0.0068,-1.0625,-0.165,0.005,-0.061
815839245,0.0361,-0.0073,-1.0630,-0.165,0.128,0.061
815852245,0.0356,-0.0088,-1.0635,0.018,0.372,0.183
815865245,0.0396,-0.0029,-1.0659,0.018,-0.117,-0.000
815878245,0.0405,-0.0029,-1.0684,0.018,-0.117,0.061
815891245,0.0386,-0.0063,-1.0591,0.201,0.067,-0.061
815904245,0.0381,-0.0054,-1.0640,-0.165,0.067,-0.122
815917245,0.0391,-0.0034,-1.0586,0.140,-0.178,-0.061
815930245,0.0381,-0.0078,-1.0674,-0.043,0.067,0.061
815943245,0.0415,-0.0054,-1.0586,0.140,-0.178,-0.061
815956245,0.0400,-0.0078,-1.0630,-0.165,0.005,-0.122
815969245,0.0400,-0.0054,-1.0635,0.201,-0.117,-0.061
815982245,0.0342,-0.0049,-1.0601,-0.104,0.067,0.122
815995245,0.0386,-0.0063,-1.0586,0.079,0.005,-0.000
816008245,0.0430,-0.0059,-1.0674,0.140,0.128,0.122
816021245,0.0396,-0.0044,-1.0669,0.079,-0.178,-0.122
816034245,0.0361,-0.0059,-1.0659,-0.043,0.189,-0.183
816047245,0.0400,-0.0068,-1.0586,-0.104,-0.239,-0.000
816060245,0.0391,-0.0034,-1.0645,0.079,-0.239,-0.122
816073245,0.0376,-0.0044,-1.0532,-0.287,-0.056,0.061
816086245,0.0420,-0.0127,-1.0894,0.384,-0.117,-0.000
816099245,0.0371,-0.0088,-1.0562,0.079,0.616,0.244
816112245,0.0381,0.0029,-1.0508,-0.532,-0.361,0.183
816125245,0.0425,-0.0156,-1.0815,0.323,-0.117,0.061
816138245,0.0347,-0.0015,-1.0439,-0.043,0.128,0.061
816151245,0.0356,-0.0063,-1.0674,-0.593,0.067,0.122
816164245,0.0435,-0.0063,-1.0679,0.201,0.128,-0.122
816177245,0.0386,-0.0029,-1.0498,-0.349,-0.056,-0.061
816190245,0.0391,-0.0132,-1.0747,-0.104,0.067,0.061
816203245,0.0386,-0.0034,-1.0640,-0.043,0.311,0.183
816216245,0.0400,-0.0049,-1.0659,-0.165,-0.117,-0.000
816229245,0.0396,-0.0078,-1.0654,0.384,0.005,-0.000
816242245,0.0391,-0.0078,-1.0571,0.079,-0.117,-0.061
816255245,0.0391,-0.0088,-1.0728,-0.043,-0.239,-0.061
816268245,0.0356,-0.0034,-1.0630,0.140,-0.117,-0.244
816281245,0.0410,-0.0068,-1.0649,-0.104,-0.117,0.061
816294245,0.0386,-0.0029,-1.0654,0.201,-0.056,-0.122
816307245,0.0376,-0.0020,-1.0684,-0.104,-0.117,-0.183
816320245,0.0435,-0.0078,-1.0635,-0.104,0.067,0.061
816333245,0.0396,-0.0073,-1.0596,-0.043,-0.056,-0.061
816346245,0.0386,-0.0054,-1.0649,0.079,0.005,0.061
816359245,0.0400,-0.0068,-1.0674,0.140,-0.117,-0.366
816372245,0.0400,-0.0063,-1.0640,0.506,-0.178,-0.061
816385245,0.0391,-0.0024,-1.0601,0.201,0.005,-0.000
816398245,0.0405,-0.0029,-1.0571,-0.104,0.005,0.061
816411245,0.0356,-0.0059,-1.0576,0.262,0.067,-0.061
816424245,0.0381,-0.0054,-1.0713,0.018,-0.117,-0.000
816437245,0.0391,-0.0024,-1.0645,0.201,0.128,0.122
816450245,0.0439,-0.0073,-1.0654,0.140,0.005,-0.244
816463245,0.0410,-0.0039,-1.0581,-0.043,-0.178,-0.000
816476245,0.0376,-0.0068,-1.0596,0.140,-0.239,-0.000
816489245,0.0376,-0.0015,-1.0620,0.262,-0.178,0.061
816502245,0.0337,-0.0049,-1.0610,-0.165,-0.178,0.244
816515245,0.0400,-0.0068,-1.0649,0.079,0.128,-0.122
816528245,0.0386,-0.0044,-1.0679,-0.165,0.250,-0.122
816541245,0.0371,-0.0029,-1.0649,-0.043,-0.117,-0.183
816554245,0.0347,-0.0024,-1.0669,-0.043,-0.056,-0.000
816567245,0.0420,-0.0029,-1.0620,-0.104,0.128,-0.061
816580245,0.0425,-0.0049,-1.0630,0.140,0.128,-0.061
816593245,0.0371,-0.0078,-1.0645,0.018,0.005,-0.000
816606245,0.0405,-0.0063,-1.0625,-0.043,0.005,0.122
816619245,0.0356,-0.0044,-1.0630,0.140,0.005,-0.061
816632245,0.0356,-0.0073,-1.0645,0.201,-0.117,-0.000
816645245,0.0347,-0.0049,-1.0659,0.201,0.067,0.183
816658245,0.0405,-0.0054,-1.0654,-0.104,0.250,-0.122
816671245,0.0371,-0.0083,-1.0640,0.079,0.067,0.366
816684245,0.0396,-0.0073,-1.0728,0.018,-0.178,-0.061
816697245,0.0371,-0.0039,-1.0635,-0.104,-0.178,-0.061
816710245,0.0415,-0.0073,-1.0669,-0.104,-0.056,-0.061
816723245,0.0371,-0.0063,-1.0615,-0.104,-0.117,-0.061
816736245,0.0396,-0.0063,-1.0684,-0.165,0.128,-0.122
816749245,0.0366,-0.0020,-1.0615,0.018,-0.239,0.122
816762245,0.0381,-0.0098,-1.0615,0.018,-0.117,0.061
816775245,0.0420,-0.0049,-1.0610,0.018,-0.117,-0.183
816788245,0.0381,-0.0034,-1.0532,-0.165,0.067,-0.061
816801245,0.0371,-0.0020,-1.0688,0.018,0.067,0.061
816814245,0.0410,-0.0083,-1.0654,-0.165,0.128,-0.305
816827245,0.0400,-0.0063,-1.0654,-0.043,-0.056,0.061
816840245,0.0371,-0.0005,-1.0679,-0.165,-0.056,-0.061
816853245,0.0396,-0.0083,-1.0620,-0.043,-0.117,-0.122
816866245,0.0371,-0.0029,-1.0684,-0.043,-0.178,-0.000
816879245,0.0430,-0.0098,-1.0649,0.079,0.005,0.244
816892245,0.0366,-0.0063,-1.0674,0.079,-0.178,0.122
816905245,0.0386,-0.0098,-1.0620,-0.043,-0.178,-0.061
816918245,0.0356,-0.0059,-1.0664,-0.043,0.189,0.244
816931245,0.0376,-0.0078,-1.0684,0.018,-0.056,-0.122
816944245,0.0415,-0.0054,-1.0620,0.079,-0.178,-0.183
816957245,0.0425,-0.0068,-1.0571,-0.104,-0.056,0.183
816970245,0.0366,-0.0063,-1.0674,-0.165,0.128,-0.000
816983245,0.0396,-0.0073,-1.0620,-0.165,-0.117,-0.000
816996245,0.0425,-0.0049,-1.0659,-0.104,-0.117,0.061
817009245,0.0396,-0.0044,-1.0615,0.018,-0.056,-0.183
817022245,0.0352,-0.0029,-1.0586,-0.165,0.067,-0.000
817035245,0.0439,-0.0068,-1.0664,-0.104,0.005,-0.061
817048245,0.0415,-0.0054,-1.0596,-0.043,0.067,-0.183
817061245,0.0356,-0.0073,-1.0610,-0.104,-0.056,-0.000
817074245,0.0420,-0.0068,-1.0654,0.079,-0.056,0.183
817087245,0.0376,-0.0088,-1.0679,0.140,0.005,-0.183
817100245,0.0381,-0.0083,-1.0640,0.018,-0.117,0.122
817113245,0.0376,-0.0068,-1.0649,0.018,-0.056,-0.122
817126245,0.0381,-0.0029,-1.0640,-0.043,0.005,-0.000
817139245,0.0400,-0.0112,-1.0635,0.018,0.005,-0.122
817152245,0.0371,-0.0093,-1.0620,0.079,-0.178,0.061
817165245,0.0376,-0.0044,-1.0596,-0.165,-0.117,0.061
817178245,0.0376,-0.0073,-1.0605,-0.165,-0.117,0.061
817191245,0.0415,-0.0029,-1.0669,0.018,-0.056,-0.000
817204245,0.0376,-0.0049,-1.0645,0.140,-0.117,-0.000
817217245,0.0420,-0.0054,-1.0605,-0.043,-0.300,-0.244
817230245,0.0391,-0.0083,-1.0576,0.140,-0.056,0.183
817243245,0.0386,-0.0093,-1.0669,0.079,0.189,0.061
817256245,0.0342,-0.0073,-1.0635,0.079,-0.056,-0.366
817269245,0.0400,-0.0059,-1.0645,0.201,-0.178,-0.000
817282245,0.0386,-0.0049,-1.0576,-0.043,-0.178,-0.000
817295245,0.0425,-0.0107,-1.0640,-0.043,0.128,0.122
817308245,0.0366,-0.0059,-1.0645,-0.043,0.128,-0.000
817321245,0.0381,-0.0034,-1.0645,-0.043,-0.117,0.061
817334245,0.0352,-0.0039,-1.0591,0.079,-0.300,-0.061
817347245,0.0352,-0.0063,-1.0601,0.140,-0.178,0.122
817360245,0.0376,-0.0034,-1.0649,-0.165,-0.300,-0.244
817373245,0.0420,-0.0049,-1.0674,-0.043,0.067,-0.000
817386245,0.0381,-0.0054,-1.0640,-0.043,0.128,0.122
817399245,0.0381,-0.0054,-1.0664,-0.226,0.128,0.061
817412245,0.0376,-0.0024,-1.0591,-0.043,-0.117,-0.000
817425245,0.0405,-0.0073,-1.0659,0.018,0.005,0.122
817438245,0.0391,-0.0083,-1.0586,-0.226,-0.056,-0.183
817451245,0.0400,-0.0073,-1.0640,-0.165,0.005,-0.000
817464245,0.0415,-0.0088,-1.0654,0.262,-0.178,-0.061
817477245,0.0386,-0.0029,-1.0645,0.140,0.005,-0.000
817490245,0.0391,-0.0049,-1.0562,0.140,-0.056,0.122
817503245,0.0352,-0.0073,-1.0684,0.018,-0.239,0.061
817516245,0.0415,-0.0063,-1.0664,0.079,-0.117,0.061
817529245,0.0405,-0.0083,-1.0630,0.018,-0.178,-0.061
817542245,0.0386,-0.0063,-1.0601,0.201,-0.056,-0.061
817555245,0.0396,-0.0044,-1.0601,-0.104,0.067,-0.000
817568245,0.0386,-0.0054,-1.0640,-0.165,0.005,0.183
817581245,0.0405,-0.0063,-1.0630,-0.043,-0.056,-0.000
817594245,0.0396,-0.0083,-1.0659,0.018,-0.056,-0.000
817607245,0.0396,-0.0049,-1.0649,-0.104,-0.117,0.061
817620245,0.0425,-0.0059,-1.0630,0.079,0.067,-0.000
817633245,0.0381,-0.0049,-1.0654,-0.226,0.189,-0.000
817646245,0.0400,-0.0029,-1.0684,0.262,-0.056,0.122
817659245,0.0435,-0.0044,-1.0630,-0.165,0.005,0.122
817672245,0.0371,-0.0049,-1.0645,-0.043,-0.239,-0.061
817685245,0.0371,-0.0059,-1.0625,-0.165,-0.056,-0.000
817698245,0.0371,-0.0088,-1.0620,-0.104,-0.239,-0.061
817711245,0.0396,-0.0088,-1.0684,-0.043,-0.117,0.244
817724245,0.0381,-0.0059,-1.0620,0.018,-0.117,-0.000
817737245,0.0376,-0.0068,-1.0610,0.140,-0.300,-0.000
817750245,0.0400,-0.0039,-1.0591,0.140,0.067,-0.000
817763245,0.0376,-0.0039,-1.0596,0.018,0.067,-0.366
817776245,0.0376,-0.0054,-1.0610,0.201,-0.056,-0.244
817789245,0.0391,-0.0049,-1.0566,0.079,-0.117,-0.122
817802245,0.0396,-0.0049,-1.0640,-0.104,-0.056,0.122
817815245,0.0371,-0.0059,-1.0605,-0.043,-0.178,-0.000
817828245,0.0361,-0.0024,-1.0703,0.079,-0.239,-0.122
817841245,0.0376,-0.0044,-1.0586,-0.287,-0.056,-0.000
817854245,0.0400,-0.0073,-1.0664,-0.043,-0.056,-0.061
817867245,0.0391,-0.0098,-1.0640,-0.226,0.128,0.122
817880245,0.0381,-0.0039,-1.0610,-0.104,-0.361,0.122
817893245,0.0371,-0.0073,-1.0679,-0.226,-0.300,-0.183
817906245,0.0391,-0.0103,-1.0674,-0.043,-0.178,0.183
817919245,0.0352,-0.0054,-1.0596,0.018,0.005,-0.244
817932245,0.0381,-0.0078,-1.0610,-0.043,0.067,0.061
817945245,0.0361,-0.0063,-1.0630,-0.104,-0.056,-0.061
817958245,0.0425,-0.0024,-1.0645,-0.043,0.128,-0.305
817971245,0.0415,-0.0044,-1.0654,0.079,0.005,0.061
817984245,0.0361,-0.0049,-1.0630,-0.043,0.005,0.061
817997245,0.0376,-0.0054,-1.0605,0.018,-0.056,0.061
818010245,0.0381,-0.0073,-1.0640,0.079,-0.117,0.061
818023245,0.0376,-0.0063,-1.0625,0.201,0.128,0.122
818036245,0.0425,-0.0059,-1.0664,0.018,0.067,-0.061
818049245,0.0391,-0.0083,-1.0620,0.323,0.067,-0.061
818062245,0.0386,-0.0068,-1.0713,0.018,0.189,0.183
818075245,0.0410,-0.0073,-1.0620,0.079,-0.117,-0.122
818088245,0.0352,-0.0039,-1.0601,0.018,-0.056,-0.061
818101245,0.0376,-0.0063,-1.0566,-0.104,-0.178,-0.061
818114245,0.0430,-0.0044,-1.0649,0.018,-0.117,-0.122
818127245,0.0391,-0.0024,-1.0610,-0.104,-0.117,-0.122
818140245,0.0347,-0.0088,-1.0615,-0.043,-0.056,-0.122
818153245,0.0371,-0.0083,-1.0562,-0.043,-0.178,-0.061
818166245,0.0386,-0.0059,-1.0659,0.140,-0.056,0.183
818179245,0.0391,-0.0059,-1.0620,0.201,-0.361,0.061
818192245,0.0386,-0.0054,-1.0654,0.201,-0.056,0.061
818205245,0.0391,-0.0049,-1.0581,0.201,-0.178,-0.244
818218245,0.0386,-0.0054,-1.0605,0.201,-0.056,0.061
818231245,0.0366,-0.0049,-1.0601,0.140,0.067,0.244
818244245,0.0415,-0.0073,-1.0654,0.018,-0.178,-0.183
818257245,0.0430,-0.0039,-1.0649,0.140,-0.239,-0.000
818270245,0.0420,-0.0078,-1.0645,-0.043,-0.239,-0.000
818283245,0.0396,-0.0093,-1.0684,0.140,-0.178,0.122
818296245,0.0391,-0.0063,-1.0605,-0.165,-0.056,0.061
818309245,0.0415,-0.0063,-1.0610,-0.165,0.067,0.061
818322245,0.0371,-0.0098,-1.0610,0.140,-0.056,-0.000
818335245,0.0371,-0.0068,-1.0659,0.018,-0.178,-0.000
818348245,0.0366,-0.0059,-1.0625,0.140,-0.178,-0.000
818361245,0.0352,-0.0020,-1.0635,0.018,-0.056,0.122
818374245,0.0430,-0.0034,-1.0674,-0.043,-0.361,-0.000
818387245,0.0410,-0.0098,-1.0635,0.079,0.067,0.122
818400245,0.0425,-0.0020,-1.0635,0.079,0.067,-0.061
818413245,0.0396,-0.0103,-1.0625,0.079,0.067,-0.061
818426245,0.0366,-0.0073,-1.0669,-0.043,-0.178,0.122
818439245,0.0396,-0.0059,-1.0625,0.018,-0.056,-0.183
818452245,0.0396,-0.0049,-1.0601,-0.043,0.005,-0.122
818465245,0.0356,-0.0044,-1.0664,-0.104,0.128,0.061
818478245,0.0391,-0.0063,-1.0591,-0.104,0.067,-0.000
818491245,0.0376,-0.0083,-1.0645,0.079,0.067,-0.183
818504245,0.0376,-0.0073,-1.0630,0.018,0.067,-0.244
818517245,0.0410,-0.0049,-1.0615,-0.226,0.128,-0.122
818530245,0.0371,-0.0078,-1.0625,0.140,-0.239,-0.061
818543245,0.0386,-0.0068,-1.0669,0.018,0.128,-0.122
818556245,0.0342,-0.0049,-1.0684,0.140,0.067,0.122
818569245,0.0425,-0.0049,-1.0679,-0.104,-0.117,0.122
818582245,0.0400,-0.0063,-1.0596,0.018,-0.117,-0.122
818595245,0.0356,-0.0088,-1.0635,0.079,0.128,-0.122
818608245,0.0405,-0.0068,-1.0620,0.262,-0.178,-0.061
818621245,0.0366,-0.0068,-1.0645,-0.349,0.128,-0.122
818634245,0.0376,-0.0073,-1.0562,-0.043,0.005,-0.061
818647245,0.0396,-0.0054,-1.0649,-0.104,0.067,-0.244
818660245,0.0371,-0.0063,-1.0728,-0.043,-0.056,-0.244
818673245,0.0439,-0.0054,-1.0664,0.079,0.005,-0.061
818686245,0.0396,-0.0107,-1.0620,0.140,-0.361,-0.000
818699245,0.0410,-0.0029,-1.0669,0.323,0.005,0.061
818712245,0.0386,-0.0063,-1.0586,0.323,-0.239,-0.183
818725245,0.0405,-0.0063,-1.0610,0.262,0.005,-0.000
818738245,0.0420,-0.0034,-1.0771,0.262,-0.056,-0.244
818751245,0.0322,-0.0068,-1.0610,0.140,-0.361,-0.000
818764245,0.0332,-0.0073,-1.0557,-0.104,-0.300,-0.244
818777245,0.0415,-0.0068,-1.0581,0.323,-0.117,-0.061
818790245,0.0430,-0.0093,-1.0605,0.140,-0.300,0.122
818803245,0.0376,-0.0039,-1.0610,0.323,-0.117,-0.000
818816245,0.0386,-0.0098,-1.0566,0.201,-0.178,-0.000
818829245,0.0381,-0.0049,-1.0674,0.018,0.067,-0.122
818842245,0.0361,-0.0063,-1.0552,0.079,-0.117,-0.000
818855245,0.0308,-0.0073,-1.0020,-0.532,-0.056,-0.000
818868245,0.0430,-0.0327,-1.1797,0.750,-0.483,0.061
818881245,0.0161,0.0059,-0.9648,2.398,-0.971,0.122
818894245,0.0317,-0.0547,-1.1201,-0.532,0.860,0.122
818907245,0.0464,-0.0132,-1.1099,2.459,-0.300,-0.061
818920245,0.0308,0.0269,-0.9834,-3.461,0.982,-0.061
818933245,0.0488,-0.0269,-1.1309,0.018,-0.117,-0.061
818946245,0.0405,0.0005,-1.0356,0.628,0.616,0.305
818959245,0.0347,-0.0039,-1.0522,-0.532,-0.178,0.061
818972245,0.0410,-0.0176,-1.1069,0.811,-0.361,-0.122
818985245,0.0293,0.0044,-1.0156,-0.226,0.311,-0.000
818998245,0.0361,-0.0098,-1.0830,-0.287,-0.178,-0.122
819011245,0.0449,-0.0093,-1.0757,0.689,0.189,0.061
819024245,0.0366,0.0010,-1.0283,-0.532,-0.056,-0.061
819037245,0.0391,-0.0132,-1.1099,-0.165,-0.300,-0.061
819050245,0.0371,-0.0049,-1.0361,0.628,-0.056,0.244
819063245,0.0439,-0.0029,-1.0479,-0.654,-0.605,-0.000
819076245,0.0425,-0.0151,-1.1069,0.872,-0.178,-0.000
819089245,0.0322,0.0015,-1.0225,-0.349,0.005,-0.061
819102245,0.0396,-0.0107,-1.0864,-0.165,-0.361,-0.183
819115245,0.0356,-0.0029,-1.0654,0.323,0.189,-0.000
819128245,0.0352,0.0020,-1.0391,-0.593,-0.056,0.122
819141245,0.0410,-0.0122,-1.0776,-0.165,-0.056,-0.000
819154245,0.0396,-0.0010,-1.0527,-0.471,0.189,-0.000
819167245,0.0366,-0.0034,-1.0757,0.384,-0.361,-0.000
819180245,0.0439,-0.0073,-1.0527,0.079,0.005,0.061
819193245,0.0425,-0.0073,-1.0654,-0.165,-0.056,0.061
819206245,0.0342,-0.0015,-1.0684,0.140,-0.056,0.122
819219245,0.0430,-0.0083,-1.0503,-0.043,-0.117,0.061
819232245,0.0381,-0.0054,-1.0625,-0.104,0.067,0.061
819245245,0.0366,-0.0083,-1.0601,0.140,-0.056,0.183
819258245,0.0396,-0.0083,-1.0620,-0.165,-0.117,0.183
819271245,0.0386,-0.0063,-1.0625,-0.043,-0.300,-0.061
819284245,0.0430,-0.0059,-1.0645,-0.104,-0.178,-0.122
819297245,0.0352,-0.0073,-1.0645,0.201,0.189,0.183
819310245,0.0386,-0.0015,-1.0669,-0.104,0.005,0.061
819323245,0.0400,-0.0015,-1.0615,-0.104,-0.300,-0.122
819336245,0.0347,-0.0083,-1.0674,-0.104,-0.056,0.244
819349245,0.0356,-0.0083,-1.0615,0.079,-0.117,0.122
819362245,0.0376,-0.0063,-1.0581,-0.043,0.067,0.122
819375245,0.0386,-0.0044,-1.0552,-0.165,-0.056,-0.305
819388245,0.0400,-0.0039,-1.0747,0.079,0.067,-0.122
819401245,0.0405,-0.0088,-1.0591,-0.104,-0.117,0.061
819414245,0.0391,-0.0083,-1.0630,-0.104,-0.056,-0.061
819427245,0.0400,-0.0078,-1.0669,0.018,0.311,0.061
819440245,0.0376,-0.0073,-1.0640,0.079,0.067,-0.122
819453245,0.0376,-0.0063,-1.0635,-0.165,0.250,0.061
819466245,0.0376,-0.0034,-1.0630,0.140,0.005,-0.000
819479245,0.0430,-0.0054,-1.0596,-0.104,-0.178,0.061
819492245,0.0405,-0.0024,-1.0664,0.079,0.067,-0.000
819505245,0.0371,-0.0083,-1.0615,-0.165,0.128,-0.183
819518245,0.0371,-0.0020,-1.0610,-0.043,0.005,-0.183
819531245,0.0405,-0.0029,-1.0669,0.079,-0.056,-0.183
819544245,0.0381,-0.0059,-1.0571,0.079,-0.056,-0.000
819557245,0.0386,-0.0098,-1.0527,-0.043,0.005,-0.122
819570245,0.0391,-0.0063,-1.0669,-0.043,-0.178,-0.000
819583245,0.0366,-0.0068,-1.0601,-0.104,-0.117,-0.061
819596245,0.0400,0.0000,-1.0669,0.018,0.005,-0.000
819609245,0.0342,-0.0078,-1.0640,0.079,0.005,-0.244
819622245,0.0356,-0.0034,-1.0640,-0.043,-0.300,0.244
819635245,0.0396,-0.0073,-1.0610,0.262,-0.178,-0.183
819648245,0.0400,-0.0049,-1.0581,-0.104,-0.178,0.366
819661245,0.0400,-0.0044,-1.0698,0.079,-0.178,0.061
819674245,0.0371,-0.0054,-1.0664,0.262,-0.239,0.061
819687245,0.0391,-0.0073,-1.0571,0.262,0.005,-0.061
819700245,0.0371,-0.0054,-1.0610,0.201,-0.178,-0.061
819713245,0.0435,-0.0039,-1.0610,0.201,0.067,-0.061
819726245,0.0361,-0.0029,-1.0547,-0.104,-0.178,-0.000
819739245,0.0376,-0.0054,-1.0767,0.018,-0.117,-0.183
819752245,0.0405,-0.0054,-1.0610,0.018,-0.056,-0.061
819765245,0.0381,-0.0088,-1.0571,0.018,0.067,-0.000
819778245,0.0303,-0.0117,-1.0669,0.262,-0.056,-0.000
819791245,0.0386,-0.0034,-1.0532,-0.104,0.005,-0.061
819804245,0.0410,-0.0088,-1.0659,0.018,0.005,-0.000
819817245,0.0400,-0.0044,-1.0649,-0.043,0.311,-0.000
819830245,0.0386,-0.0039,-1.0542,0.018,-0.056,-0.061
819843245,0.0371,-0.0083,-1.0698,0.018,-0.056,-0.000
819856245,0.0444,-0.0054,-1.0596,-0.043,0.005,0.061
819869245,0.0376,-0.0103,-1.0698,0.079,-0.117,-0.061
819882245,0.0342,-0.0054,-1.0605,-0.043,-0.178,-0.000
819895245,0.0400,-0.0020,-1.0659,-0.043,0.005,-0.122
819908245,0.0396,-0.0063,-1.0649,-0.165,0.128,-0.000
819921245,0.0376,-0.0010,-1.0601,-0.104,0.067,-0.000
819934245,0.0405,-0.0059,-1.0596,0.079,0.005,-0.122
819947245,0.0396,-0.0073,-1.0566,0.079,-0.117,-0.061
819960245,0.0371,-0.0054,-1.0625,0.201,0.128,-0.000
819973245,0.0415,-0.0063,-1.0664,0.140,-0.178,-0.183
819986245,0.0361,-0.0049,-1.0654,0.140,-0.239,0.244
819999245,0.0396,-0.0024,-1.0610,0.079,0.372,-0.183
820012245,0.0405,-0.0107,-1.0679,-0.349,-0.300,-0.183
820025245,0.0376,-0.0010,-1.0625,-0.287,0.250,-0.061
820038245,0.0361,0.0000,-1.0269,-1.142,0.311,0.061
820051245,0.0464,-0.0083,-1.1055,-1.386,0.494,-0.305
820064245,0.0332,-0.0078,-1.0928,1.666,0.311,-0.000
820077245,0.0327,0.0063,-0.9722,-1.386,-0.056,-0.305
820090245,0.0483,-0.0273,-1.1973,1.605,-1.948,-0.061
820103245,0.0308,0.0220,-0.9590,-0.043,0.494,-0.000
820116245,0.0469,-0.0122,-1.0732,-1.264,0.067,-0.366
820129245,0.0386,-0.0122,-1.0884,1.238,0.311,0.061
820142245,0.0386,0.0103,-1.0220,-1.142,0.250,0.061
820155245,0.0435,-0.0181,-1.1001,-0.043,-0.056,-0.000
820168245,0.0386,-0.0005,-1.0459,0.384,-0.117,-0.183
820181245,0.0400,-0.0049,-1.0586,-0.410,0.005,-0.061
820194245,0.0425,-0.0083,-1.0825,0.018,-0.178,0.061
820207245,0.0366,0.0000,-1.0557,-0.165,-0.117,-0.000
820220245,0.0430,-0.0049,-1.0645,-0.226,0.005,-0.061
820233245,0.0396,-0.0098,-1.0649,0.079,0.311,0.061
820246245,0.0400,-0.0020,-1.0581,-0.226,-0.056,-0.122
820259245,0.0405,-0.0103,-1.0713,0.018,-0.361,-0.000
820272245,0.0361,-0.0059,-1.0610,0.140,-0.178,0.122
820285245,0.0337,-0.0044,-1.0620,-0.104,-0.178,-0.244
820298245,0.0361,-0.0112,-1.0723,-0.043,-0.056,0.122
820311245,0.0376,-0.0020,-1.0620,0.018,0.067,-0.000
820324245,0.0396,-0.0063,-1.0630,-0.104,0.067,0.061
820337245,0.0386,-0.0078,-1.0610,-0.104,0.005,0.061
820350245,0.0410,-0.0020,-1.0615,-0.104,-0.239,-0.061
820363245,0.0391,-0.0107,-1.0586,0.079,-0.178,-0.061
820376245,0.0410,-0.0063,-1.0576,-0.104,-0.117,-0.183
820389245,0.0361,-0.0059,-1.0601,-0.043,-0.300,-0.061
820402245,0.0420,-0.0049,-1.0698,0.140,0.128,-0.000
820415245,0.0371,-0.0049,-1.0615,0.079,-0.178,0.122
820428245,0.0420,-0.0088,-1.0630,0.018,-0.056,-0.061
820441245,0.0356,-0.0063,-1.0591,-0.043,0.005,-0.061
820454245,0.0327,-0.0049,-1.0605,0.140,0.005,-0.061
820467245,0.0366,-0.0078,-1.0620,-0.043,0.128,0.061
820480245,0.0430,-0.0059,-1.0688,0.018,0.250,0.061
820493245,0.0356,-0.0020,-1.0620,-0.165,0.005,-0.000
820506245,0.0381,-0.0044,-1.0679,-0.043,-0.117,-0.000
820519245,0.0332,-0.0049,-1.0542,0.079,0.005,-0.000
820532245,0.0371,-0.0063,-1.0630,-0.043,-0.056,0.122
820545245,0.0317,-0.0103,-1.0640,0.079,0.005,-0.000
820558245,0.0376,-0.0078,-1.0659,-0.104,-0.117,0.061
820571245,0.0425,-0.0044,-1.0625,0.140,-0.117,-0.061
820584245,0.0405,-0.0044,-1.0625,-0.104,0.005,-0.122
820597245,0.0405,-0.0044,-1.0625,-0.165,0.067,-0.061
820610245,0.0352,-0.0059,-1.0591,-0.043,0.005,0.061
820623245,0.0381,-0.0049,-1.0659,0.018,-0.117,0.061
820636245,0.0391,-0.0059,-1.0605,0.018,-0.117,-0.183
820649245,0.0366,-0.0029,-1.0542,0.201,-0.117,-0.122
820662245,0.0415,-0.0059,-1.0659,0.018,0.005,-0.183
820675245,0.0371,-0.0049,-1.0635,0.018,-0.300,0.183
820688245,0.0391,-0.0054,-1.0679,0.140,-0.056,0.183
820701245,0.0410,-0.0034,-1.0645,-0.043,0.005,-0.061
820714245,0.0425,-0.0059,-1.0640,-0.104,-0.361,-0.244
820727245,0.0352,-0.0039,-1.0601,0.201,0.005,0.061
820740245,0.0361,-0.0034,-1.0630,-0.104,0.128,0.061
820753245,0.0386,-0.0063,-1.0620,-0.043,-0.056,-0.122
820766245,0.0376,-0.0020,-1.0703,0.018,-0.239,0.305
820779245,0.0376,-0.0063,-1.0581,0.140,0.005,0.122
820792245,0.0391,-0.0044,-1.0576,0.140,-0.178,-0.061
820805245,0.0376,-0.0073,-1.0630,0.201,-0.178,-0.000
820818245,0.0391,-0.0049,-1.0571,-0.043,-0.056,-0.061
820831245,0.0356,-0.0073,-1.0615,-0.043,0.067,-0.061
820844245,0.0386,-0.0073,-1.0581,0.140,-0.056,-0.122
820857245,0.0366,-0.0049,-1.0708,-0.043,-0.239,-0.122
820870245,0.0332,-0.0059,-1.0596,0.201,-0.117,-0.000
820883245,0.0415,-0.0039,-1.0669,-0.226,-0.178,-0.183
820896245,0.0381,-0.0054,-1.0596,0.079,-0.239,-0.000
820909245,0.0376,-0.0034,-1.0654,0.018,-0.117,0.183
820922245,0.0410,-0.0068,-1.0625,-0.226,0.005,0.061
820935245,0.0352,-0.0068,-1.0654,0.018,0.005,0.061
820948245,0.0391,-0.0059,-1.0684,0.079,-0.300,0.183
820961245,0.0391,-0.0059,-1.0669,-0.043,-0.117,-0.183
820974245,0.0391,-0.0044,-1.0581,0.201,-0.056,-0.000
820987245,0.0391,-0.0083,-1.0596,-0.104,-0.178,0.122
821000245,0.0381,-0.0029,-1.0625,-0.104,0.067,-0.183
821013245,0.0391,-0.0112,-1.0635,0.079,0.005,0.061
821026245,0.0376,-0.0078,-1.0620,0.262,0.005,-0.183
821039245,0.0381,-0.0078,-1.0615,0.018,-0.117,-0.000
821052245,0.0361,-0.0039,-1.0649,-0.043,-0.056,0.122
821065245,0.0391,-0.0059,-1.0635,-0.043,0.067,-0.000
821078245,0.0400,-0.0054,-1.0664,0.018,-0.117,-0.000
821091245,0.0342,-0.0044,-1.0620,0.018,0.005,0.061
821104245,0.0381,-0.0044,-1.0610,0.201,-0.117,0.061
821117245,0.0371,-0.0044,-1.0630,0.018,0.005,0.183
821130245,0.0386,-0.0078,-1.0601,-0.287,-0.056,-0.061
821143245,0.0410,-0.0039,-1.0645,-0.104,0.128,-0.183
821156245,0.0381,-0.0063,-1.0601,0.018,0.005,-0.061
821169245,0.0386,-0.0049,-1.0713,-0.043,0.005,-0.183
821182245,0.0396,-0.0044,-1.0620,-0.043,0.067,-0.061
821195245,0.0391,-0.0054,-1.0630,0.018,0.005,0.244
821208245,0.0400,-0.0059,-1.0640,-0.349,0.005,0.061
821221245,0.0415,-0.0059,-1.0625,-0.104,-0.178,-0.122
821234245,0.0366,-0.0063,-1.0586,0.140,-0.056,-0.183
821247245,0.0410,-0.0020,-1.0605,0.079,-0.178,-0.305
821260245,0.0400,-0.0059,-1.0645,0.079,-0.178,0.061
821273245,0.0386,-0.0044,-1.0635,0.201,-0.117,-0.000
821286245,0.0415,-0.0122,-1.0669,-0.165,-0.239,0.244
821299245,0.0366,-0.0088,-1.0654,0.140,-0.056,0.061
821312245,0.0400,-0.0044,-1.0664,-0.043,0.005,-0.000
821325245,0.0391,-0.0029,-1.0596,0.018,-0.178,-0.000
821338245,0.0381,-0.0083,-1.0596,-0.226,-0.056,-0.000
821351245,0.0337,-0.0034,-1.0566,0.262,0.005,-0.122
821364245,0.0415,-0.0054,-1.0615,-0.104,0.067,0.122
821377245,0.0391,-0.0073,-1.0640,-0.043,0.067,0.122
821390245,0.0435,-0.0068,-1.0562,-0.165,0.067,-0.305
821403245,0.0391,-0.0073,-1.0620,-0.165,-0.178,-0.061
821416245,0.0410,-0.0059,-1.0664,0.079,0.128,-0.000
821429245,0.0366,-0.0034,-1.0586,-0.226,-0.117,0.122
821442245,0.0405,-0.0068,-1.0659,0.079,0.005,-0.000
821455245,0.0381,-0.0078,-1.0615,0.323,-0.117,0.061
821468245,0.0386,-0.0059,-1.0630,0.140,-0.117,-0.000
821481245,0.0371,-0.0054,-1.0654,-0.165,-0.117,-0.122
821494245,0.0376,-0.0044,-1.0654,0.079,0.128,0.122
821507245,0.0356,-0.0093,-1.0552,-0.104,-0.239,-0.000
821520245,0.0342,-0.0039,-1.0610,0.140,0.250,0.061
821533245,0.0420,-0.0078,-1.0664,-0.165,-0.056,0.183
821546245,0.0386,-0.0049,-1.0645,0.079,0.067,-0.061
821559245,0.0356,-0.0063,-1.0591,-0.043,-0.117,0.183
821572245,0.0405,-0.0044,-1.0640,-0.104,0.128,-0.183
821585245,0.0439,-0.0073,-1.0562,0.018,-0.239,-0.183
821598245,0.0371,-0.0039,-1.0635,0.018,-0.178,-0.061
821611245,0.0391,-0.0059,-1.0615,0.018,0.128,-0.122
821624245,0.0400,-0.0034,-1.0654,-0.104,0.005,-0.000
821637245,0.0386,-0.0063,-1.0659,-0.165,0.005,-0.244
821650245,0.0454,-0.0088,-1.0635,0.201,0.067,-0.000
821663245,0.0347,-0.0034,-1.0576,0.018,-0.056,-0.000
821676245,0.0371,-0.0063,-1.0610,-0.104,0.250,-0.183
821689245,0.0381,-0.0083,-1.0596,0.140,-0.117,0.061
821702245,0.0386,-0.0068,-1.0649,0.140,-0.178,0.061
821715245,0.0381,-0.0083,-1.0605,0.262,-0.056,-0.305
821728245,0.0410,-0.0068,-1.0605,-0.104,0.005,0.061
821741245,0.0396,-0.0034,-1.0654,-0.043,0.128,-0.061
821754245,0.0400,-0.0049,-1.0625,0.323,0.128,-0.000
821767245,0.0415,-0.0063,-1.0620,-0.043,-0.239,-0.122
821780245,0.0356,-0.0020,-1.0596,-0.104,-0.056,0.244
821793245,0.0376,-0.0083,-1.0581,-0.104,0.005,-0.000
821806245,0.0391,-0.0063,-1.0635,-0.226,0.067,0.061
821819245,0.0405,-0.0044,-1.0591,-0.104,-0.422,0.244
821832245,0.0381,-0.0073,-1.0620,-0.165,0.005,-0.122
821845245,0.0381,-0.0078,-1.0591,-0.043,-0.239,-0.061
821858245,0.0405,-0.0054,-1.0654,0.018,0.005,0.183
821871245,0.0400,-0.0044,-1.0664,-0.043,0.067,-0.061
821884245,0.0410,-0.0073,-1.0630,0.018,-0.056,-0.000
821897245,0.0366,-0.0112,-1.0601,-0.043,0.250,-0.000
821910245,0.0410,-0.0049,-1.0630,-0.165,-0.178,-0.122
821923245,0.0400,-0.0093,-1.0664,0.140,-0.056,-0.122
821936245,0.0371,-0.0068,-1.0664,0.018,-0.117,-0.061
821949245,0.0361,-0.0068,-1.0654,-0.104,-0.361,0.061
821962245,0.0396,-0.0073,-1.0625,-0.043,0.005,-0.183
821975245,0.0410,-0.0049,-1.0659,0.140,-0.056,-0.122
821988245,0.0361,-0.0068,-1.0605,-0.104,-0.483,-0.061
822001245,0.0361,-0.0063,-1.0630,0.079,0.005,-0.061
822014245,0.0396,-0.0024,-1.0654,0.140,-0.178,0.061
822027245,0.0405,-0.0059,-1.0684,0.140,0.128,-0.061
822040245,0.0366,-0.0083,-1.0620,-0.043,-0.056,0.061
822053245,0.0410,-0.0063,-1.0654,0.201,0.067,0.122
822066245,0.0400,-0.0063,-1.0669,0.018,-0.056,-0.000
822079245,0.0400,-0.0078,-1.0610,0.140,0.128,0.061
822092245,0.0366,-0.0063,-1.0620,0.140,-0.056,0.061
822105245,0.0396,-0.0073,-1.0645,-0.043,-0.178,0.122
822118245,0.0376,-0.0083,-1.0601,-0.104,-0.117,0.061
822131245,0.0435,-0.0044,-1.0610,-0.043,-0.178,-0.122
822144245,0.0376,-0.0059,-1.0586,-0.043,-0.056,-0.183
822157245,0.0371,-0.0068,-1.0732,-0.043,0.128,0.244
822170245,0.0391,-0.0088,-1.0659,-0.165,-0.117,-0.061
822183245,0.0400,-0.0093,-1.0688,0.079,-0.178,0.183
822196245,0.0396,-0.0098,-1.0664,-0.104,0.189,-0.061
822209245,0.0420,-0.0039,-1.0645,-0.043,0.128,-0.183
822222245,0.0376,-0.0044,-1.0669,-0.104,0.067,0.061
822235245,0.0405,-0.0049,-1.0693,0.323,0.067,-0.122
822248245,0.0396,-0.0073,-1.0542,0.262,-0.361,-0.061
822261245,0.0366,-0.0059,-1.0654,-0.226,0.067,-0.122
822274245,0.0352,-0.0049,-1.0601,0.201,-0.056,0.122
822287245,0.0371,-0.0010,-1.0688,0.079,-0.239,0.183
822300245,0.0444,-0.0029,-1.0649,0.140,-0.117,-0.061
822313245,0.0356,-0.0044,-1.0635,-0.043,-0.056,0.122
822326245,0.0400,-0.0039,-1.0562,-0.104,-0.056,0.122
822339245,0.0391,-0.0029,-1.0581,0.018,0.128,-0.061
822352245,0.0410,-0.0078,-1.0630,0.079,-0.056,0.061
822365245,0.0435,-0.0073,-1.0635,-0.043,0.250,-0.000
822378245,0.0400,-0.0063,-1.0605,0.079,-0.117,-0.122
822391245,0.0396,-0.0024,-1.0615,-0.043,-0.056,-0.122
822404245,0.0386,-0.0098,-1.0645,-0.165,-0.117,-0.244
822417245,0.0410,-0.0063,-1.0630,-0.104,-0.056,0.061
822430245,0.0361,-0.0083,-1.0571,0.201,-0.056,-0.122
822443245,0.0356,-0.0093,-1.0591,-0.043,-0.178,-0.000
822456245,0.0391,-0.0098,-1.0659,0.201,-0.117,0.061
822469245,0.0391,-0.0068,-1.0649,-0.165,-0.056,-0.000
822482245,0.0405,-0.0083,-1.0615,0.018,0.005,-0.000
822495245,0.0400,-0.0088,-1.0615,0.018,0.005,-0.244
822508245,0.0381,-0.0059,-1.0615,0.140,-0.117,-0.061
822521245,0.0415,-0.0044,-1.0645,0.018,-0.178,-0.000
822534245,0.0430,-0.0083,-1.0708,-0.226,-0.117,0.061
822547245,0.0439,-0.0059,-1.0645,-0.165,-0.239,-0.000
822560245,0.0376,-0.0068,-1.0591,0.140,0.189,-0.000
822573245,0.0361,-0.0059,-1.0625,-0.104,0.005,-0.000
822586245,0.0430,-0.0068,-1.0659,0.079,-0.117,0.183
822599245,0.0391,-0.0049,-1.0684,-0.165,-0.056,0.061
822612245,0.0420,-0.0063,-1.0640,0.201,0.067,-0.183
822625245,0.0396,-0.0020,-1.0601,0.079,-0.300,-0.000
822638245,0.0381,-0.0049,-1.0649,-0.043,-0.117,0.061
822651245,0.0391,-0.0083,-1.0640,0.018,0.128,0.122
822664245,0.0342,-0.0034,-1.0684,0.079,-0.300,-0.122
822677245,0.0396,-0.0034,-1.0654,-0.349,-0.117,-0.061
822690245,0.0376,-0.0054,-1.0679,-0.104,-0.178,-0.244
822703245,0.0381,-0.0044,-1.0596,0.201,0.128,-0.122
822716245,0.0381,-0.0034,-1.0605,-0.043,0.067,0.061
822729245,0.0381,-0.0063,-1.0620,0.018,0.067,-0.000
822742245,0.0366,-0.0059,-1.0645,0.018,0.005,-0.061
822755245,0.0391,-0.0054,-1.0610,-0.043,0.005,0.122
822768245,0.0420,-0.0049,-1.0601,0.018,0.067,-0.000
822781245,0.0381,-0.0078,-1.0649,-0.104,-0.056,-0.000
822794245,0.0386,-0.0068,-1.0625,0.018,0.311,-0.061
822807245,0.0396,-0.0063,-1.0605,-0.226,0.189,-0.183
822820245,0.0420,-0.0049,-1.0625,0.140,0.189,-0.000
822833245,0.0366,-0.0063,-1.0566,0.079,-0.239,-0.000
822846245,0.0376,-0.0039,-1.0649,0.079,0.005,-0.061
822859245,0.0410,-0.0059,-1.0620,0.201,0.067,0.122
822872245,0.0366,-0.0039,-1.0635,0.079,0.128,-0.244
822885245,0.0396,-0.0073,-1.0674,-0.165,0.067,0.061
822898245,0.0391,-0.0049,-1.0635,0.018,-0.239,-0.183
822911245,0.0361,-0.0063,-1.0610,0.018,0.005,0.122
822924245,0.0376,-0.0054,-1.0620,0.018,-0.239,0.183
822937245,0.0391,-0.0029,-1.0596,0.140,0.005,0.061
822950245,0.0386,-0.0078,-1.0654,0.140,-0.178,0.122
822963245,0.0386,-0.0068,-1.0620,-0.043,-0.056,-0.061
822976245,0.0415,-0.0044,-1.0591,0.079,0.189,0.061
822989245,0.0386,-0.0049,-1.0635,-0.043,-0.117,-0.061
823002245,0.0396,-0.0029,-1.0659,-0.043,0.067,0.061
823015245,0.0400,-0.0020,-1.0552,0.079,-0.178,-0.122
823028245,0.0371,-0.0029,-1.0596,-0.104,0.128,-0.000
823041245,0.0415,0.0000,-1.0645,0.140,0.067,-0.000
823054245,0.0376,-0.0083,-1.0571,0.140,0.005,-0.489
823067245,0.0352,-0.0039,-1.0654,-0.104,0.005,0.122
823080245,0.0376,-0.0059,-1.0620,0.201,0.067,-0.000
823093245,0.0386,-0.0039,-1.0605,0.140,0.005,0.061
823106245,0.0371,-0.0063,-1.0610,0.140,0.005,-0.122
823119245,0.0400,-0.0063,-1.0625,0.079,0.128,0.122
823132245,0.0352,-0.0068,-1.0557,0.079,0.128,0.061
823145245,0.0415,-0.0088,-1.0674,-0.043,-0.056,0.061
823158245,0.0396,-0.0029,-1.0615,-0.104,0.067,-0.061
823171245,0.0391,-0.0059,-1.0620,-0.043,-0.300,0.061
823184245,0.0371,-0.0039,-1.0684,0.079,-0.056,-0.061
823197245,0.0391,-0.0073,-1.0649,-0.165,0.005,-0.061
823210245,0.0371,-0.0063,-1.0684,0.140,-0.361,0.122
823223245,0.0376,-0.0063,-1.0562,0.018,0.005,-0.000
823236245,0.0376,-0.0059,-1.0601,-0.165,-0.361,0.122
823249245,0.0381,-0.0088,-1.0635,0.201,-0.056,0.061
823262245,0.0376,-0.0093,-1.0610,-0.349,0.005,0.061
823275245,0.0381,-0.0073,-1.0620,0.018,0.005,-0.061
823288245,0.0352,-0.0063,-1.0659,-0.349,-0.422,0.061
823301245,0.0396,-0.0059,-1.0596,-0.043,-0.117,-0.000
823314245,0.0366,-0.0103,-1.0586,-0.104,0.128,-0.061
823327245,0.0361,-0.0039,-1.0698,0.262,0.005,0.244
823340245,0.0347,-0.0024,-1.0562,-0.165,-0.300,0.061
823353245,0.0425,-0.0059,-1.0659,0.140,0.189,-0.000
823366245,0.0366,-0.0054,-1.0601,-0.165,0.005,-0.000
823379245,0.0376,-0.0059,-1.0615,0.140,0.128,-0.427
823392245,0.0366,-0.0063,-1.0664,0.079,-0.178,-0.000
823405245,0.0381,-0.0068,-1.0640,-0.104,0.128,-0.183
823418245,0.0322,-0.0078,-1.0532,-0.104,-0.361,-0.061
823431245,0.0400,-0.0068,-1.0728,0.140,0.067,-0.000
823444245,0.0376,-0.0039,-1.0605,0.018,-0.117,-0.061
823457245,0.0376,-0.0049,-1.0601,-0.104,0.067,-0.061
823470245,0.0400,-0.0049,-1.0625,-0.226,0.005,-0.000
823483245,0.0415,-0.0024,-1.0635,-0.104,-0.178,0.122
823496245,0.0371,-0.0068,-1.0610,-0.043,-0.178,0.061
823509245,0.0391,-0.0073,-1.0698,-0.287,0.005,0.122
823522245,0.0400,-0.0068,-1.0645,0.079,0.128,-0.000
823535245,0.0410,-0.0029,-1.0640,0.079,-0.056,-0.000
823548245,0.0361,-0.0083,-1.0669,0.201,0.005,-0.122
823561245,0.0396,-0.0029,-1.0625,0.018,-0.178,-0.183
823574245,0.0396,-0.0039,-1.0605,0.018,0.067,-0.000
823587245,0.0405,-0.0054,-1.0601,0.018,-0.300,-0.000
823600245,0.0371,-0.0073,-1.0591,-0.104,-0.239,0.122
823613245,0.0391,-0.0088,-1.0625,0.018,0.250,-0.122
823626245,0.0396,-0.0068,-1.0581,-0.104,-0.117,-0.000
823639245,0.0356,-0.0054,-1.0669,-0.165,0.189,0.366
823652245,0.0405,-0.0063,-1.0664,0.018,-0.117,-0.000
823665245,0.0400,-0.0049,-1.0669,0.201,-0.056,-0.000
823678245,0.0356,-0.0078,-1.0679,0.079,-0.117,0.183
823691245,0.0405,-0.0024,-1.0635,-0.226,0.250,-0.000
823704245,0.0381,-0.0073,-1.0610,-0.104,-0.117,-0.244
823717245,0.0356,-0.0059,-1.0586,-0.104,0.005,0.183
823730245,0.0376,-0.0054,-1.0601,-0.043,0.128,-0.122
823743245,0.0352,-0.0068,-1.0640,0.018,0.067,-0.183
823756245,0.0391,-0.0063,-1.0591,0.262,0.005,-0.000
823769245,0.0415,-0.0078,-1.0625,0.079,0.005,-0.000
823782245,0.0415,-0.0054,-1.0654,0.018,-0.178,-0.122
823795245,0.0400,-0.0039,-1.0601,-0.165,-0.117,0.061
823808245,0.0425,-0.0015,-1.0605,-0.043,-0.056,0.061
823821245,0.0391,-0.0068,-1.0649,0.018,0.005,-0.061
823834245,0.0386,-0.0034,-1.0615,0.140,-0.056,-0.061
823847245,0.0337,-0.0034,-1.0596,0.018,0.005,-0.000
823860245,0.0386,-0.0068,-1.0596,-0.165,-0.178,-0.000
823873245,0.0405,-0.0059,-1.0605,-0.226,-0.239,0.061
823886245,0.0391,-0.0059,-1.0557,-0.043,-0.056,0.183
823899245,0.0381,-0.0054,-1.0532,0.018,0.005,0.061
823912245,0.0356,-0.0059,-1.0591,0.140,0.005,0.061
823925245,0.0371,-0.0063,-1.0566,0.018,-0.117,0.061
823938245,0.0420,-0.0073,-1.0640,0.079,-0.056,-0.244
823951245,0.0391,-0.0029,-1.0630,0.018,-0.483,-0.183
823964245,0.0400,-0.0049,-1.0630,-0.226,-0.056,-0.000
823977245,0.0400,-0.0039,-1.0615,0.018,-0.178,-0.183
823990245,0.0415,-0.0054,-1.0591,-0.043,0.005,-0.183
824003245,0.0366,-0.0088,-1.0605,0.140,0.067,-0.244
824016245,0.0400,-0.0068,-1.0566,0.140,0.128,-0.122
824029245,0.0356,-0.0024,-1.0601,0.079,0.189,-0.244
824042245,0.0405,-0.0068,-1.0640,0.079,0.067,-0.244
824055245,0.0376,0.0010,-1.0610,-0.226,-0.056,-0.061
824068245,0.0391,-0.0059,-1.0640,-0.043,-0.178,-0.122
824081245,0.0356,-0.0068,-1.0625,0.079,-0.361,0.122
824094245,0.0391,-0.0059,-1.0605,0.018,0.005,0.061
824107245,0.0396,-0.0049,-1.0605,-0.043,-0.056,-0.061
824120245,0.0396,-0.0015,-1.0615,0.018,-0.300,-0.122
824133245,0.0366,-0.0068,-1.0596,0.079,-0.300,-0.000
824146245,0.0386,-0.0059,-1.0576,0.262,0.005,-0.122
824159245,0.0410,-0.0044,-1.0635,-0.043,0.005,-0.000
824172245,0.0361,-0.0054,-1.0649,-0.165,-0.178,-0.000
824185245,0.0430,-0.0059,-1.0571,-0.043,-0.117,-0.122
824198245,0.0415,-0.0049,-1.0601,0.262,0.189,-0.061
824211245,0.0391,-0.0059,-1.0615,-0.165,0.189,-0.122
824224245,0.0376,-0.0059,-1.0640,0.079,-0.178,-0.000
824237245,0.0356,-0.0073,-1.0610,-0.043,-0.117,-0.183
824250245,0.0366,-0.0073,-1.0654,0.079,0.005,-0.122
824263245,0.0386,-0.0068,-1.0649,0.201,-0.056,-0.183
824276245,0.0410,-0.0044,-1.0679,-0.043,0.067,-0.061
824289245,0.0366,-0.0054,-1.0610,0.079,-0.239,0.122
824302245,0.0405,-0.0054,-1.0635,-0.043,-0.239,0.061
824315245,0.0337,-0.0093,-1.0635,-0.104,-0.117,-0.305
824328245,0.0381,-0.0034,-1.0630,-0.165,0.067,0.061
824341245,0.0342,-0.0059,-1.0586,0.201,-0.117,0.122
824354245,0.0405,-0.0063,-1.0625,0.018,-0.178,-0.183
824367245,0.0415,-0.0059,-1.0615,-0.043,0.311,0.122
824380245,0.0376,-0.0059,-1.0654,0.323,-0.117,-0.061
824393245,0.0366,-0.0059,-1.0640,-0.043,0.005,-0.122
824406245,0.0391,-0.0049,-1.0605,-0.043,-0.117,-0.000
824419245,0.0391,-0.0049,-1.0654,0.140,0.005,-0.061
824432245,0.0371,-0.0107,-1.0640,0.018,-0.056,0.122
824445245,0.0371,-0.0049,-1.0625,-0.165,0.005,0.183
824458245,0.0415,-0.0083,-1.0664,0.018,0.005,-0.122
824471245,0.0391,-0.0093,-1.0640,-0.226,-0.117,-0.244
824484245,0.0400,-0.0059,-1.0674,0.140,0.189,0.122
824497245,0.0381,-0.0049,-1.0620,0.079,0.067,-0.305
824510245,0.0410,-0.0073,-1.0654,-0.104,-0.117,-0.000
824523245,0.0347,-0.0034,-1.0586,0.079,0.005,0.183
824536245,0.0361,-0.0093,-1.0630,0.079,-0.056,0.122
824549245,0.0337,-0.0073,-1.0645,0.201,0.005,-0.061
824562245,0.0376,-0.0068,-1.0635,0.262,0.005,-0.061
824575245,0.0366,0.0000,-1.0654,0.018,0.067,-0.000
824588245,0.0400,-0.0059,-1.0605,0.079,-0.239,0.061
824601245,0.0396,-0.0107,-1.0693,-0.104,-0.117,0.244
824614245,0.0439,-0.0054,-1.0596,0.079,0.128,0.061
824627245,0.0396,-0.0044,-1.0571,0.262,0.005,-0.122
824640245,0.0396,-0.0029,-1.0664,0.140,0.005,0.122
824653245,0.0420,-0.0054,-1.0640,0.018,0.005,0.244
824666245,0.0381,-0.0020,-1.0654,0.140,-0.056,-0.000
824679245,0.0376,-0.0049,-1.0625,0.140,-0.239,0.183
824692245,0.0381,-0.0059,-1.0596,-0.104,-0.178,-0.061
824705245,0.0405,-0.0073,-1.0654,-0.104,-0.117,0.183
824718245,0.0381,-0.0107,-1.0586,-0.043,0.067,-0.000
824731245,0.0405,-0.0078,-1.0635,0.079,0.067,-0.122
824744245,0.0400,-0.0088,-1.0625,0.201,0.005,-0.061
824757245,0.0356,-0.0068,-1.0586,0.018,0.005,-0.244
824770245,0.0400,-0.0059,-1.0610,-0.043,-0.056,-0.183
824783245,0.0381,-0.0083,-1.0684,-0.043,-0.056,0.183
824796245,0.0371,-0.0039,-1.0571,0.201,0.067,0.061
824809245,0.0410,-0.0049,-1.0576,0.018,-0.239,0.061
824822245,0.0381,-0.0054,-1.0679,-0.165,-0.056,0.122
824835245,0.0396,-0.0063,-1.0723,0.079,0.189,-0.061
824848245,0.0391,-0.0029,-1.0615,0.018,-0.239,-0.122
824861245,0.0356,-0.0044,-1.0640,-0.104,0.067,-0.000
824874245,0.0391,-0.0044,-1.0630,-0.043,0.067,-0.183
824887245,0.0430,-0.0059,-1.0640,-0.226,0.128,-0.000
824900245,0.0391,-0.0073,-1.0640,0.201,-0.178,0.122
824913245,0.0381,-0.0054,-1.0640,-0.043,-0.178,-0.061
824926245,0.0391,-0.0073,-1.0669,-0.043,-0.178,-0.000
824939245,0.0410,-0.0049,-1.0610,0.201,0.067,-0.122
824952245,0.0396,-0.0073,-1.0571,0.018,-0.056,0.122
824965245,0.0405,-0.0020,-1.0659,0.140,-0.056,-0.000
824978245,0.0420,-0.0049,-1.0620,0.018,-0.178,-0.000
824991245,0.0415,-0.0068,-1.0625,0.018,0.128,-0.061
825004245,0.0400,-0.0078,-1.0630,0.079,-0.056,0.305
825017245,0.0391,-0.0039,-1.0635,-0.287,-0.056,0.061
825030245,0.0391,-0.0068,-1.0684,-0.043,0.067,-0.061
825043245,0.0386,-0.0039,-1.0640,0.079,0.067,-0.183
825056245,0.0405,-0.0054,-1.0640,0.323,-0.178,-0.000
825069245,0.0396,-0.0063,-1.0615,-0.165,-0.178,0.061
825082245,0.0381,-0.0068,-1.0635,0.079,-0.239,-0.366
825095245,0.0396,-0.0059,-1.0610,0.201,-0.178,-0.061
825108245,0.0405,-0.0039,-1.0635,-0.104,0.005,-0.061
825121245,0.0400,-0.0063,-1.0625,-0.043,-0.117,-0.122
825134245,0.0400,-0.0054,-1.0630,-0.104,0.067,-0.061
825147245,0.0405,-0.0063,-1.0684,-0.104,-0.056,-0.061
825160245,0.0405,-0.0044,-1.0645,-0.165,-0.056,-0.122
825173245,0.0415,-0.0068,-1.0640,-0.165,-0.056,-0.122
825186245,0.0400,-0.0005,-1.0635,-0.043,0.005,-0.000
825199245,0.0400,-0.0088,-1.0615,-0.043,0.067,-0.000
825212245,0.0386,-0.0063,-1.0659,0.079,0.005,0.122
825225245,0.0361,-0.0044,-1.0586,-0.165,0.128,0.122
825238245,0.0415,-0.0068,-1.0625,0.140,-0.117,-0.000
825251245,0.0396,-0.0059,-1.0620,-0.104,0.005,-0.061
825264245,0.0400,-0.0024,-1.0664,0.140,0.005,-0.061
825277245,0.0396,-0.0059,-1.0596,0.201,0.005,-0.000
825290245,0.0420,-0.0063,-1.0684,0.079,-0.178,0.244
825303245,0.0425,-0.0063,-1.0605,0.018,-0.056,-0.061
825316245,0.0430,-0.0063,-1.0625,0.201,0.067,-0.183
825329245,0.0391,-0.0039,-1.0679,-0.043,-0.117,0.122
825342245,0.0396,-0.0112,-1.0664,-0.104,-0.056,-0.122
825355245,0.0415,-0.0034,-1.0625,0.262,-0.117,-0.061
825368245,0.0361,-0.0088,-1.0640,-0.043,-0.056,-0.122
825381245,0.0332,-0.0044,-1.0571,0.018,0.128,-0.000
825394245,0.0396,-0.0024,-1.0601,0.140,0.067,0.305
825407245,0.0381,-0.0068,-1.0610,0.079,0.067,0.061
825420245,0.0376,-0.0044,-1.0654,0.018,-0.117,-0.061
825433245,0.0405,-0.0068,-1.0640,-0.104,0.005,-0.122
825446245,0.0410,-0.0054,-1.0649,0.079,0.005,-0.061
825459245,0.0366,-0.0078,-1.0635,0.140,-0.056,-0.000
825472245,0.0361,-0.0063,-1.0649,0.079,-0.239,-0.183
825485245,0.0376,-0.0049,-1.0605,0.262,0.128,-0.061
825498245,0.0420,-0.0039,-1.0698,0.201,-0.117,-0.061
825511245,0.0337,-0.0034,-1.0615,0.140,0.189,0.122
825524245,0.0391,-0.0049,-1.0669,0.079,0.128,-0.000
825537245,0.0400,-0.0063,-1.0649,-0.043,-0.056,-0.183
825550245,0.0386,-0.0039,-1.0610,-0.104,-0.178,-0.000
825563245,0.0391,-0.0117,-1.0635,-0.165,-0.178,0.061
825576245,0.0464,-0.0020,-1.0659,-0.165,-0.117,-0.061
825589245,0.0381,-0.0068,-1.0635,0.079,-0.117,-0.000
825602245,0.0405,-0.0034,-1.0708,-0.043,0.005,-0.061
825615245,0.0391,-0.0083,-1.0596,0.079,-0.117,-0.000
825628245,0.0420,-0.0073,-1.0566,-0.226,-0.056,0.061
825641245,0.0396,-0.0078,-1.0610,-0.226,-0.239,0.122
825654245,0.0391,-0.0103,-1.0659,-0.043,0.189,-0.183
825667245,0.0376,-0.0068,-1.0640,0.201,0.128,-0.000
825680245,0.0410,-0.0020,-1.0649,0.079,0.005,0.061
825693245,0.0386,-0.0034,-1.0591,0.384,-0.056,-0.061
825706245,0.0381,-0.0034,-1.0669,0.201,-0.300,-0.000
825719245,0.0425,-0.0068,-1.0605,0.018,-0.056,-0.061
825732245,0.0391,-0.0059,-1.0605,0.079,-0.117,0.122
825745245,0.0391,-0.0059,-1.0610,-0.165,0.067,-0.000
825758245,0.0342,-0.0068,-1.0645,0.018,-0.300,-0.183
825771245,0.0376,-0.0093,-1.0674,-0.104,-0.117,-0.000
825784245,0.0376,-0.0044,-1.0571,0.079,0.128,-0.122
825797245,0.0420,-0.0063,-1.0615,0.140,-0.056,-0.061
825810245,0.0381,-0.0049,-1.0654,-0.165,0.128,-0.244
825823245,0.0386,-0.0073,-1.0630,0.140,-0.178,0.061
825836245,0.0400,-0.0039,-1.0654,-0.043,0.005,-0.061
825849245,0.0396,-0.0054,-1.0654,0.079,-0.056,-0.061
825862245,0.0396,-0.0015,-1.0601,0.323,0.128,0.183
825875245,0.0391,-0.0020,-1.0610,0.079,0.067,0.061
825888245,0.0376,-0.0073,-1.0669,0.140,0.005,0.061
825901245,0.0396,-0.0034,-1.0674,-0.043,0.311,0.183
825914245,0.0366,-0.0054,-1.0649,0.201,0.005,-0.061
825927245,0.0376,-0.0049,-1.0635,-0.043,-0.056,-0.000
825940245,0.0376,-0.0068,-1.0605,0.079,0.005,-0.000
825953245,0.0371,-0.0059,-1.0591,0.079,0.067,-0.183
825966245,0.0347,-0.0088,-1.0635,-0.043,-0.056,-0.061
825979245,0.0376,-0.0049,-1.0669,-0.104,-0.239,-0.122
825992245,0.0405,-0.0059,-1.0635,0.262,-0.056,0.244
826005245,0.0371,-0.0034,-1.0552,0.140,-0.300,-0.000
826018245,0.0361,-0.0078,-1.0576,0.201,0.128,-0.061
826031245,0.0400,-0.0039,-1.0645,0.079,-0.117,-0.061
826044245,0.0391,-0.0044,-1.0581,0.079,-0.117,0.122
826057245,0.0386,-0.0044,-1.0625,0.079,0.005,0.122
826070245,0.0371,-0.0073,-1.0562,0.018,0.067,0.061
826083245,0.0405,-0.0034,-1.0615,0.079,-0.178,-0.061
826096245,0.0386,-0.0088,-1.0635,0.079,-0.117,-0.000
826109245,0.0381,-0.0063,-1.0635,0.079,-0.056,-0.000
826122245,0.0405,-0.0054,-1.0615,0.018,-0.056,-0.000
826135245,0.0391,-0.0039,-1.0659,0.079,0.250,-0.122
826148245,0.0400,-0.0098,-1.0674,0.018,0.189,-0.000
826161245,0.0391,-0.0083,-1.0649,0.079,0.005,-0.000
826174245,0.0361,-0.0039,-1.0615,0.140,-0.117,0.061
826187245,0.0400,-0.0068,-1.0630,0.018,0.128,-0.122
826200245,0.0415,-0.0059,-1.0679,0.018,0.005,-0.183
826213245,0.0420,-0.0073,-1.0649,-0.104,-0.239,-0.183
826226245,0.0361,-0.0049,-1.0620,0.018,0.067,-0.122
826239245,0.0352,-0.0059,-1.0596,-0.165,-0.056,-0.061
826252245,0.0317,-0.0083,-1.0571,0.201,0.189,-0.061
826265245,0.0376,-0.0024,-1.0576,0.079,0.189,-0.000
826278245,0.0391,-0.0059,-1.0610,0.140,0.067,0.183
826291245,0.0366,-0.0093,-1.0654,-0.043,0.128,0.122
826304245,0.0410,-0.0059,-1.0640,-0.104,0.067,0.061
826317245,0.0376,-0.0024,-1.0625,0.262,0.067,0.061
826330245,0.0371,-0.0078,-1.0620,0.079,-0.178,0.244
826343245,0.0337,-0.0063,-1.0625,0.079,-0.239,-0.122
826356245,0.0405,-0.0073,-1.0732,-0.043,0.067,-0.000
826369245,0.0366,-0.0073,-1.0669,0.384,0.067,0.183
826382245,0.0435,-0.0063,-1.0620,0.201,-0.117,-0.061
826395245,0.0410,-0.0059,-1.0620,-0.043,0.189,0.061
826408245,0.0386,-0.0059,-1.0698,0.140,-0.056,-0.061
826421245,0.0386,-0.0054,-1.0649,0.018,0.128,0.122
826434245,0.0386,-0.0049,-1.0610,-0.043,0.128,0.122
826447245,0.0361,-0.0049,-1.0645,0.140,-0.056,0.122
826460245,0.0425,-0.0034,-1.0615,0.079,-0.117,0.061
826473245,0.0352,-0.0059,-1.0620,0.018,0.005,0.061
826486245,0.0391,-0.0054,-1.0679,0.018,0.189,-0.061
826499245,0.0381,-0.0093,-1.0684,0.079,0.128,-0.244
826512245,0.0396,-0.0054,-1.0615,0.262,-0.056,0.122
826525245,0.0381,-0.0063,-1.0620,-0.104,-0.300,-0.305
826538245,0.0371,-0.0088,-1.0684,0.018,0.005,-0.244
826551245,0.0405,-0.0054,-1.0571,-0.043,0.128,-0.183
826564245,0.0381,-0.0063,-1.0596,-0.104,-0.178,-0.183
826577245,0.0376,-0.0063,-1.0620,0.140,0.005,0.061
826590245,0.0400,-0.0049,-1.0610,-0.043,0.250,0.061
826603245,0.0386,-0.0049,-1.0645,0.262,0.005,-0.122
826616245,0.0430,-0.0034,-1.0654,0.140,-0.117,-0.183
826629245,0.0352,-0.0083,-1.0586,-0.104,0.005,-0.122
826642245,0.0386,-0.0020,-1.0649,0.079,-0.117,0.061
826655245,0.0366,-0.0083,-1.0586,0.018,0.005,0.061
826668245,0.0352,-0.0044,-1.0586,-0.043,-0.117,-0.122
826681245,0.0347,-0.0078,-1.0615,-0.165,0.067,0.305
826694245,0.0444,-0.0044,-1.0615,-0.104,0.128,-0.061
826707245,0.0400,-0.0063,-1.0640,0.079,-0.056,0.061
826720245,0.0361,-0.0073,-1.0635,0.018,-0.178,-0.000
826733245,0.0366,-0.0093,-1.0649,-0.043,-0.178,-0.122
826746245,0.0371,-0.0044,-1.0659,0.079,0.189,0.061
826759245,0.0376,-0.0044,-1.0645,0.079,0.067,-0.000
826772245,0.0400,-0.0029,-1.0679,0.079,-0.056,0.061
826785245,0.0410,-0.0112,-1.0625,-0.104,0.005,-0.000
826798245,0.0381,-0.0073,-1.0620,0.079,-0.056,-0.122
826811245,0.0400,-0.0063,-1.0576,-0.104,-0.117,-0.183
826824245,0.0376,-0.0068,-1.0635,0.201,-0.056,0.061
826837245,0.0400,-0.0073,-1.0581,-0.165,0.067,0.183
826850245,0.0366,-0.0029,-1.0591,0.140,-0.239,0.122
826863245,0.0405,-0.0073,-1.0640,0.018,-0.239,0.061
826876245,0.0366,-0.0068,-1.0649,0.140,0.128,0.061
826889245,0.0415,-0.0034,-1.0615,0.140,0.005,0.183
826902245,0.0376,-0.0088,-1.0591,0.018,0.067,-0.183
826915245,0.0352,-0.0029,-1.0625,-0.043,0.128,-0.000
826928245,0.0430,-0.0034,-1.0674,0.079,-0.361,0.183
826941245,0.0420,-0.0063,-1.0703,0.140,0.067,-0.061
826954245,0.0400,-0.0044,-1.0630,0.079,0.189,0.244
826967245,0.0381,-0.0054,-1.0640,0.079,0.005,0.183
826980245,0.0381,-0.0010,-1.0610,-0.043,0.128,0.122
826993245,0.0361,-0.0098,-1.0615,-0.104,0.005,0.122
827006245,0.0410,-0.0078,-1.0640,0.018,-0.056,-0.183
827019245,0.0400,-0.0039,-1.0630,-0.104,0.005,-0.000
827032245,0.0381,-0.0044,-1.0518,0.079,0.067,-0.000
827045245,0.0420,-0.0059,-1.0605,0.201,-0.056,0.061
827058245,0.0396,-0.0088,-1.0640,0.018,-0.178,-0.183
827071245,0.0366,-0.0068,-1.0625,0.018,0.128,0.061
827084245,0.0366,-0.0098,-1.0601,-0.043,-0.056,0.061
827097245,0.0396,-0.0054,-1.0649,-0.043,0.005,-0.183
827110245,0.0386,-0.0088,-1.0645,0.018,-0.239,0.183
827123245,0.0376,-0.0024,-1.0615,0.079,0.005,-0.183
827136245,0.0356,-0.0088,-1.0640,0.079,-0.056,-0.061
827149245,0.0415,-0.0063,-1.0674,0.018,-0.117,-0.061
827162245,0.0381,-0.0029,-1.0640,-0.043,-0.300,-0.183
827175245,0.0396,-0.0039,-1.0645,-0.104,-0.178,0.122
827188245,0.0361,-0.0063,-1.0674,0.140,-0.239,0.244
827201245,0.0376,-0.0063,-1.0630,0.140,-0.117,-0.122
827214245,0.0420,-0.0049,-1.0708,0.140,0.005,0.061
827227245,0.0420,-0.0054,-1.0645,0.018,-0.056,0.122
827240245,0.0400,-0.0029,-1.0630,-0.043,-0.239,0.183
827253245,0.0400,-0.0078,-1.0693,-0.043,-0.117,0.122
827266245,0.0327,-0.0063,-1.0620,-0.043,-0.056,0.061
827279245,0.0396,-0.0039,-1.0610,0.018,-0.178,0.061
827292245,0.0391,-0.0068,-1.0591,-0.043,0.005,0.244
827305245,0.0376,-0.0054,-1.0630,0.079,0.005,0.061
827318245,0.0371,-0.0044,-1.0645,0.018,-0.117,-0.122
827331245,0.0376,-0.0063,-1.0620,0.018,0.067,0.061
827344245,0.0376,-0.0024,-1.0596,-0.104,-0.117,-0.061
827357245,0.0396,-0.0039,-1.0635,0.140,0.189,-0.000
827370245,0.0381,-0.0063,-1.0659,0.140,-0.178,-0.000
827383245,0.0386,-0.0039,-1.0605,0.079,0.005,0.122
827396245,0.0410,-0.0088,-1.0625,0.018,-0.117,0.061
827409245,0.0376,-0.0068,-1.0630,-0.043,0.067,-0.122
827422245,0.0400,-0.0044,-1.0630,0.018,-0.056,-0.122
827435245,0.0352,-0.0063,-1.0669,-0.043,0.005,0.122
827448245,0.0391,-0.0029,-1.0596,-0.104,0.005,-0.000
827461245,0.0381,-0.0059,-1.0688,-0.043,-0.178,-0.183
827474245,0.0396,-0.0083,-1.0679,-0.165,-0.178,-0.122
827487245,0.0405,-0.0054,-1.0630,0.384,0.067,0.061
827500245,0.0391,-0.0049,-1.0591,0.079,-0.178,-0.061
827513245,0.0454,-0.0073,-1.0610,-0.104,-0.117,0.122
827526245,0.0391,-0.0054,-1.0615,-0.043,0.005,0.122
827539245,0.0366,-0.0049,-1.0610,-0.226,-0.117,-0.244
827552245,0.0366,-0.0063,-1.0625,-0.104,0.067,-0.061
827565245,0.0361,-0.0044,-1.0635,-0.043,-0.056,-0.000
827578245,0.0410,-0.0073,-1.0669,0.018,-0.117,0.061
827591245,0.0396,-0.0059,-1.0649,0.140,0.067,-0.061
827604245,0.0391,-0.0054,-1.0664,0.018,-0.117,-0.000
827617245,0.0400,-0.0083,-1.0610,-0.043,0.067,-0.000
827630245,0.0420,-0.0083,-1.0659,0.079,-0.056,-0.000
827643245,0.0376,-0.0063,-1.0630,0.140,0.005,0.122
827656245,0.0337,-0.0054,-1.0659,0.262,0.067,-0.244
827669245,0.0337,-0.0054,-1.0654,0.018,-0.117,-0.061
827682245,0.0396,-0.0083,-1.0732,0.079,0.005,0.061
827695245,0.0415,-0.0063,-1.0532,0.201,-0.178,-0.000
827708245,0.0410,-0.0063,-1.0649,-0.104,-0.056,-0.000
827721245,0.0410,-0.0098,-1.0596,-0.165,-0.300,0.244
827734245,0.0415,-0.0059,-1.0566,0.140,-0.178,-0.122
827747245,0.0366,-0.0078,-1.0645,0.018,-0.178,0.061
827760245,0.0400,-0.0044,-1.0649,0.079,0.067,-0.000
827773245,0.0361,-0.0044,-1.0566,-0.165,-0.178,0.122
827786245,0.0405,-0.0054,-1.0635,-0.043,-0.056,-0.000
827799245,0.0352,-0.0073,-1.0654,-0.287,-0.178,0.122
827812245,0.0420,-0.0068,-1.0591,0.018,-0.056,0.061
827825245,0.0381,-0.0015,-1.0576,0.079,-0.056,-0.000
827838245,0.0391,-0.0059,-1.0640,0.018,-0.056,-0.000
827851245,0.0376,-0.0034,-1.0586,-0.165,-0.056,0.061
827864245,0.0376,-0.0073,-1.0625,-0.043,-0.117,-0.000
827877245,0.0405,-0.0059,-1.0562,-0.043,0.005,0.183
827890245,0.0356,-0.0049,-1.0640,0.140,-0.239,0.183
827903245,0.0420,-0.0049,-1.0664,0.018,-0.056,-0.122
827916245,0.0425,-0.0083,-1.0698,0.079,0.128,-0.183
827929245,0.0386,-0.0063,-1.0605,0.140,0.189,-0.122
827942245,0.0425,-0.0068,-1.0645,-0.043,-0.178,0.122
827955245,0.0391,-0.0059,-1.0601,-0.043,-0.056,0.122
827968245,0.0376,-0.0059,-1.0630,0.018,0.189,0.122
827981245,0.0381,-0.0063,-1.0596,0.079,-0.117,0.183
827994245,0.0381,-0.0059,-1.0659,0.201,-0.056,-0.000
828007245,0.0391,-0.0049,-1.0654,-0.104,-0.117,-0.061
828020245,0.0376,-0.0068,-1.0620,0.079,0.005,0.061
828033245,0.0376,-0.0088,-1.0576,-0.043,-0.178,-0.244
828046245,0.0410,-0.0024,-1.0654,0.140,-0.178,0.122
828059245,0.0352,-0.0063,-1.0620,-0.043,0.067,0.122
828072245,0.0391,-0.0059,-1.0645,-0.226,0.067,-0.000
828085245,0.0415,-0.0073,-1.0576,0.018,0.005,-0.061
828098245,0.0400,-0.0098,-1.0625,-0.104,-0.117,0.122
828111245,0.0366,-0.0044,-1.0625,-0.043,-0.239,0.122
828124245,0.0327,-0.0039,-1.0640,0.140,-0.056,-0.000
828137245,0.0386,-0.0068,-1.0645,-0.043,-0.056,-0.183
828150245,0.0386,-0.0083,-1.0586,-0.043,-0.117,-0.122
828163245,0.0342,-0.0068,-1.0586,0.018,0.067,-0.000
828176245,0.0396,-0.0073,-1.0679,0.018,-0.117,0.183
828189245,0.0376,-0.0083,-1.0625,0.323,-0.056,0.122
828202245,0.0405,-0.0088,-1.0615,0.079,-0.178,-0.122
828215245,0.0405,-0.0059,-1.0654,0.018,0.189,-0.122
828228245,0.0400,-0.0049,-1.0649,-0.165,-0.056,-0.183
828241245,0.0391,-0.0054,-1.0620,0.201,0.067,0.366
828254245,0.0391,-0.0073,-1.0679,-0.043,-0.178,-0.122
828267245,0.0381,-0.0049,-1.0625,-0.043,0.005,0.061
828280245,0.0386,-0.0054,-1.0620,-0.043,0.128,-0.000
828293245,0.0376,-0.0068,-1.0605,0.079,-0.117,-0.061
828306245,0.0391,-0.0078,-1.0635,0.079,-0.056,0.061
828319245,0.0420,-0.0059,-1.0708,-0.165,0.067,-0.000
828332245,0.0356,-0.0029,-1.0640,0.079,-0.056,-0.183
828345245,0.0371,-0.0068,-1.0674,0.140,0.128,-0.122
828358245,0.0381,-0.0059,-1.0620,0.079,0.067,-0.061
828371245,0.0415,-0.0078,-1.0601,0.018,0.067,-0.183
828384245,0.0376,-0.0044,-1.0601,0.018,-0.056,-0.000
828397245,0.0381,-0.0073,-1.0640,-0.165,0.005,0.122
828410245,0.0400,-0.0078,-1.0684,-0.043,0.005,0.061
828423245,0.0420,-0.0049,-1.0625,0.140,-0.178,-0.061
828436245,0.0386,-0.0059,-1.0591,0.079,-0.056,0.061
828449245,0.0381,-0.0054,-1.0615,-0.104,0.067,-0.061
828462245,0.0381,-0.0034,-1.0581,-0.104,-0.178,-0.000
828475245,0.0356,-0.0078,-1.0620,0.079,-0.239,-0.000
828488245,0.0386,-0.0044,-1.0605,0.079,-0.300,0.305
828501245,0.0400,-0.0044,-1.0645,-0.043,0.005,0.061
828514245,0.0391,-0.0054,-1.0552,-0.104,-0.056,-0.061
828527245,0.0444,-0.0112,-1.0625,0.140,0.128,-0.183
828540245,0.0400,-0.0049,-1.0591,0.140,-0.178,-0.000
828553245,0.0396,-0.0059,-1.0620,-0.165,-0.117,-0.061
828566245,0.0376,-0.0063,-1.0562,0.079,-0.056,-0.183
828579245,0.0400,-0.0049,-1.0654,0.079,0.005,-0.183
828592245,0.0415,-0.0029,-1.0645,0.079,0.005,-0.061
828605245,0.0381,-0.0054,-1.0659,-0.043,0.128,0.122
828618245,0.0381,-0.0083,-1.0596,0.262,-0.056,0.122
828631245,0.0410,-0.0044,-1.0645,-0.043,0.067,-0.000
828644245,0.0391,-0.0044,-1.0674,-0.043,-0.178,-0.000
828657245,0.0376,-0.0059,-1.0635,-0.043,-0.117,-0.244
828670245,0.0371,-0.0063,-1.0610,-0.104,0.005,-0.183
828683245,0.0396,-0.0010,-1.0645,-0.287,0.189,0.122
828696245,0.0396,-0.0020,-1.0576,-0.104,-0.300,0.061
828709245,0.0366,-0.0068,-1.0669,-0.104,-0.056,-0.000
828722245,0.0381,-0.0049,-1.0625,0.018,-0.056,-0.122
828735245,0.0352,-0.0059,-1.0640,-0.104,0.005,-0.000
828748245,0.0400,-0.0054,-1.0630,-0.165,0.128,0.122
828761245,0.0405,-0.0034,-1.0640,-0.104,0.067,0.183
828774245,0.0386,-0.0049,-1.0605,0.018,0.128,-0.000
828787245,0.0391,-0.0029,-1.0620,-0.043,-0.178,-0.000
828800245,0.0386,-0.0024,-1.0562,-0.104,0.067,-0.000
828813245,0.0396,-0.0029,-1.0610,0.323,0.067,0.122
828826245,0.0396,-0.0088,-1.0610,-0.104,-0.056,-0.000
828839245,0.0381,-0.0107,-1.0625,-0.043,-0.239,-0.122
828852245,0.0391,-0.0059,-1.0601,0.079,-0.117,0.122
828865245,0.0386,-0.0063,-1.0601,0.018,-0.117,-0.122
828878245,0.0435,-0.0024,-1.0654,0.201,-0.056,0.183
828891245,0.0381,-0.0059,-1.0615,-0.104,-0.056,0.061
828904245,0.0391,-0.0039,-1.0679,0.140,0.128,0.061
828917245,0.0410,-0.0063,-1.0635,0.201,-0.056,-0.061
828930245,0.0396,-0.0073,-1.0620,0.018,-0.117,-0.183
828943245,0.0386,-0.0054,-1.0610,0.079,-0.117,-0.183
828956245,0.0381,-0.0029,-1.0645,-0.043,-0.117,0.061
828969245,0.0381,-0.0063,-1.0645,0.018,0.067,0.183
828982245,0.0400,-0.0034,-1.0640,-0.104,-0.117,-0.244
828995245,0.0366,-0.0098,-1.0649,-0.104,-0.239,-0.061
829008245,0.0391,-0.0073,-1.0596,-0.104,0.128,-0.183
829021245,0.0381,-0.0049,-1.0688,-0.043,-0.117,-0.122
829034245,0.0420,-0.0073,-1.0693,-0.104,0.067,0.061
829047245,0.0396,-0.0059,-1.0576,-0.104,-0.056,-0.061
829060245,0.0415,-0.0039,-1.0610,0.079,0.128,-0.000
829073245,0.0381,-0.0039,-1.0552,0.079,0.005,-0.183
829086245,0.0410,-0.0078,-1.0640,0.201,-0.117,-0.061
829099245,0.0386,-0.0049,-1.0679,0.018,-0.117,0.122
829112245,0.0386,-0.0039,-1.0728,0.079,-0.239,-0.000
829125245,0.0381,-0.0034,-1.0669,0.079,-0.117,0.061
829138245,0.0361,0.0000,-1.0693,-0.043,-0.178,-0.061
829151245,0.0376,-0.0093,-1.0630,0.201,0.005,-0.183
829164245,0.0381,-0.0029,-1.0542,0.140,-0.117,-0.122
829177245,0.0405,-0.0054,-1.0654,-0.043,0.067,0.061
829190245,0.0425,-0.0083,-1.0649,0.018,0.128,-0.183
829203245,0.0352,-0.0083,-1.0591,0.079,-0.056,-0.000
829216245,0.0396,-0.0039,-1.0659,-0.043,-0.239,-0.122
829229245,0.0366,-0.0078,-1.0640,-0.104,-0.239,0.122
829242245,0.0405,-0.0063,-1.0591,0.018,0.128,0.061
829255245,0.0356,-0.0054,-1.0635,-0.043,-0.117,0.061
829268245,0.0386,-0.0044,-1.0566,0.018,0.067,-0.061
829281245,0.0386,-0.0073,-1.0610,0.018,0.067,-0.061
829294245,0.0376,-0.0039,-1.0625,-0.104,-0.178,-0.000
829307245,0.0356,-0.0137,-1.0571,-0.165,-0.117,0.122
829320245,0.0386,-0.0107,-1.0645,0.018,0.189,0.183
829333245,0.0444,-0.0044,-1.0620,-0.043,-0.239,-0.122
829346245,0.0356,-0.0049,-1.0610,0.079,-0.056,-0.183
829359245,0.0430,-0.0098,-1.0625,-0.226,-0.117,-0.122
829372245,0.0420,-0.0073,-1.0674,-0.104,-0.178,-0.000
829385245,0.0376,-0.0054,-1.0605,0.262,-0.178,-0.061
829398245,0.0410,-0.0063,-1.0615,-0.104,0.005,-0.000
829411245,0.0396,-0.0078,-1.0640,0.140,0.189,0.183
829424245,0.0356,-0.0039,-1.0610,-0.165,0.005,-0.061
829437245,0.0405,-0.0059,-1.0664,0.079,0.067,-0.244
829450245,0.0391,-0.0049,-1.0576,-0.043,0.067,-0.122
829463245,0.0356,-0.0073,-1.0635,0.018,-0.239,-0.122
829476245,0.0371,-0.0068,-1.0630,0.201,0.067,0.244
829489245,0.0405,-0.0059,-1.0693,0.018,0.005,-0.061
829502245,0.0366,-0.0073,-1.0596,0.140,0.128,0.183
829515245,0.0371,-0.0029,-1.0615,0.018,0.128,-0.000
829528245,0.0337,-0.0068,-1.0586,-0.104,0.067,0.122
829541245,0.0396,-0.0044,-1.0630,-0.043,0.067,0.122
829554245,0.0381,-0.0054,-1.0610,-0.104,0.005,-0.061
829567245,0.0410,-0.0068,-1.0659,0.262,-0.117,0.122
829580245,0.0376,-0.0083,-1.0562,0.079,-0.178,-0.000
829593245,0.0410,-0.0059,-1.0620,-0.043,0.189,0.244
829606245,0.0405,-0.0068,-1.0708,-0.104,0.005,0.061
829619245,0.0381,-0.0034,-1.0654,-0.104,-0.178,-0.000
829632245,0.0352,-0.0029,-1.0649,-0.043,0.005,-0.122
829645245,0.0386,-0.0083,-1.0562,0.201,0.005,0.183
829658245,0.0420,-0.0098,-1.0586,-0.043,-0.056,-0.183
829671245,0.0386,-0.0039,-1.0542,0.079,0.067,0.244
829684245,0.0376,-0.0098,-1.0664,0.140,0.128,-0.000
829697245,0.0371,-0.0020,-1.0635,0.018,-0.056,-0.000
829710245,0.0337,-0.0088,-1.0635,0.079,-0.056,-0.122
829723245,0.0405,-0.0039,-1.0688,0.201,-0.056,0.061
829736245,0.0391,-0.0068,-1.0601,0.079,-0.361,-0.122
829749245,0.0381,-0.0073,-1.0591,0.018,-0.056,-0.183
829762245,0.0439,-0.0044,-1.0605,-0.104,-0.117,-0.000
829775245,0.0376,-0.0029,-1.0625,-0.043,0.067,-0.000
829788245,0.0366,-0.0068,-1.0640,0.140,-0.117,-0.244
829801245,0.0400,-0.0039,-1.0605,0.079,0.128,0.183
829814245,0.0391,-0.0059,-1.0654,-0.104,-0.056,0.061
829827245,0.0371,-0.0054,-1.0615,0.079,0.067,-0.122
829840245,0.0371,-0.0024,-1.0610,-0.043,0.128,-0.000
829853245,0.0435,-0.0020,-1.0581,0.018,-0.056,-0.061
829866245,0.0376,-0.0078,-1.0586,-0.226,0.067,0.183
829879245,0.0391,-0.0059,-1.0679,0.079,-0.117,0.061
829892245,0.0337,-0.0063,-1.0645,0.018,-0.117,-0.000
829905245,0.0337,-0.0063,-1.0562,0.201,0.067,-0.000
829918245,0.0400,-0.0083,-1.0596,-0.410,0.067,-0.244
829931245,0.0391,-0.0063,-1.0684,0.079,-0.239,0.061
829944245,0.0381,-0.0068,-1.0596,0.079,-0.056,-0.122
829957245,0.0366,-0.0068,-1.0625,0.140,0.005,-0.000
829970245,0.0347,-0.0044,-1.0645,0.079,-0.117,-0.061
829983245,0.0396,-0.0044,-1.0688,0.018,0.250,-0.061
829996245,0.0356,-0.0078,-1.0571,-0.104,0.067,-0.000
830009245,0.0410,-0.0068,-1.0669,-0.043,-0.117,-0.000
830022245,0.0391,-0.0068,-1.0679,0.140,-0.178,0.122
830035245,0.0366,-0.0098,-1.0610,0.262,-0.117,-0.061
830048245,0.0366,-0.0044,-1.0562,-0.165,-0.239,-0.061
830061245,0.0405,-0.0044,-1.0620,-0.104,-0.117,0.061
830074245,0.0371,-0.0078,-1.0654,-0.104,-0.361,0.061
830087245,0.0396,-0.0073,-1.0630,-0.104,-0.117,0.122
830100245,0.0405,-0.0044,-1.0625,0.018,0.189,0.061
830113245,0.0361,-0.0054,-1.0610,-0.104,0.005,-0.000
830126245,0.0376,-0.0088,-1.0693,0.079,-0.239,-0.183
830139245,0.0361,-0.0054,-1.0596,-0.043,-0.117,-0.000
830152245,0.0381,-0.0068,-1.0635,0.018,0.005,0.061
830165245,0.0361,-0.0078,-1.0669,-0.104,-0.056,-0.061
830178245,0.0361,-0.0093,-1.0698,-0.226,0.128,-0.061
830191245,0.0381,-0.0059,-1.0645,0.140,-0.056,-0.183
830204245,0.0386,-0.0059,-1.0630,0.140,0.128,-0.000
830217245,0.0435,-0.0059,-1.0645,0.018,0.005,0.122
830230245,0.0391,-0.0049,-1.0596,-0.104,-0.178,0.061
830243245,0.0371,-0.0059,-1.0649,0.018,0.005,-0.183
830256245,0.0356,-0.0024,-1.0591,-0.165,0.067,0.122
830269245,0.0400,-0.0068,-1.0586,0.018,-0.544,0.244
830282245,0.0332,-0.0063,-1.0601,-0.104,0.005,-0.000
830295245,0.0386,-0.0049,-1.0664,-0.104,0.005,-0.061
830308245,0.0366,-0.0073,-1.0620,0.018,-0.056,-0.000
830321245,0.0420,-0.0054,-1.0552,0.262,-0.239,-0.122
830334245,0.0386,-0.0054,-1.0605,0.018,0.067,0.183
830347245,0.0396,-0.0063,-1.0649,0.140,0.067,0.061
830360245,0.0376,-0.0054,-1.0630,0.140,0.067,-0.000
830373245,0.0371,-0.0049,-1.0596,-0.287,-0.239,-0.061
830386245,0.0391,-0.0088,-1.0635,-0.165,-0.178,-0.061
830399245,0.0366,-0.0049,-1.0571,-0.104,-0.117,-0.000
830412245,0.0361,-0.0049,-1.0693,0.018,0.067,-0.000
830425245,0.0371,-0.0093,-1.0605,-0.043,0.067,-0.183
830438245,0.0400,-0.0059,-1.0586,0.079,0.067,0.183
830451245,0.0371,-0.0059,-1.0669,0.079,-0.056,0.183
830464245,0.0371,-0.0039,-1.0693,0.018,0.128,-0.122
830477245,0.0371,-0.0063,-1.0581,0.079,-0.300,0.122
830490245,0.0391,-0.0044,-1.0615,0.079,0.250,-0.122
830503245,0.0356,-0.0044,-1.0596,-0.104,0.005,0.061
830516245,0.0376,-0.0068,-1.0664,0.201,-0.239,0.122
830529245,0.0420,-0.0088,-1.0615,0.079,0.128,0.244
830542245,0.0332,-0.0073,-1.0581,0.018,0.189,0.183
830555245,0.0405,-0.0083,-1.0605,0.201,-0.300,-0.183
830568245,0.0391,-0.0073,-1.0601,0.018,-0.178,-0.000
830581245,0.0386,-0.0049,-1.0620,0.079,-0.056,0.244
830594245,0.0396,-0.0063,-1.0625,-0.104,-0.178,-0.061
830607245,0.0405,-0.0059,-1.0625,0.018,0.067,0.122
830620245,0.0386,-0.0034,-1.0684,0.079,0.067,0.183
830633245,0.0391,-0.0063,-1.0620,-0.226,0.067,0.244
830646245,0.0410,-0.0054,-1.0664,-0.043,0.067,-0.183
830659245,0.0430,-0.0039,-1.0649,-0.226,-0.239,-0.061
830672245,0.0391,-0.0049,-1.0605,-0.104,0.067,-0.244
830685245,0.0366,-0.0034,-1.0615,0.384,0.005,-0.000
830698245,0.0435,-0.0049,-1.0649,0.262,-0.178,0.183
830711245,0.0381,-0.0039,-1.0654,0.018,-0.117,0.061
830724245,0.0391,-0.0054,-1.0649,-0.104,-0.056,0.061
830737245,0.0420,-0.0093,-1.0649,-0.043,-0.117,0.244
830750245,0.0391,-0.0068,-1.0615,0.079,0.005,0.122
830763245,0.0366,-0.0073,-1.0547,0.201,0.189,-0.183
830776245,0.0420,-0.0073,-1.0669,0.079,-0.056,0.122
830789245,0.0400,-0.0088,-1.0635,-0.043,-0.056,-0.000
830802245,0.0391,-0.0083,-1.0669,-0.043,-0.117,-0.122
830815245,0.0396,-0.0059,-1.0679,0.018,0.128,-0.244
830828245,0.0396,-0.0073,-1.0542,-0.043,-0.117,-0.183
830841245,0.0425,-0.0059,-1.0615,0.018,-0.056,0.183
830854245,0.0405,-0.0059,-1.0630,0.018,0.005,-0.000
830867245,0.0435,-0.0024,-1.0630,-0.104,0.189,-0.122
830880245,0.0361,-0.0044,-1.0640,-0.226,-0.056,-0.244
830893245,0.0352,-0.0063,-1.0645,0.140,0.189,0.244
830906245,0.0356,-0.0044,-1.0586,-0.043,-0.056,-0.122
830919245,0.0439,-0.0063,-1.0732,-0.104,-0.117,-0.061
830932245,0.0381,-0.0078,-1.0596,0.079,-0.117,-0.061
830945245,0.0415,-0.0044,-1.0615,-0.226,0.005,0.122
830958245,0.0376,-0.0054,-1.0630,-0.226,-0.239,-0.183
830971245,0.0396,-0.0054,-1.0640,-0.104,0.128,-0.000
830984245,0.0376,-0.0054,-1.0571,-0.165,-0.178,-0.061
830997245,0.0366,-0.0049,-1.0615,-0.104,-0.117,0.183
831010245,0.0391,-0.0088,-1.0601,-0.043,0.005,0.183
831023245,0.0435,-0.0098,-1.0659,-0.104,-0.056,-0.244
831036245,0.0352,-0.0098,-1.0615,0.201,0.005,-0.000
831049245,0.0381,-0.0068,-1.0576,0.079,-0.178,-0.061
831062245,0.0371,-0.0039,-1.0605,0.018,0.067,0.061
831075245,0.0386,-0.0059,-1.0635,-0.043,-0.056,-0.000
831088245,0.0381,-0.0073,-1.0557,0.140,-0.056,-0.305
831101245,0.0415,-0.0088,-1.0635,-0.043,-0.178,-0.061
831114245,0.0400,-0.0063,-1.0645,-0.104,-0.056,0.366
831127245,0.0371,-0.0073,-1.0713,-0.043,0.005,-0.000
831140245,0.0410,-0.0054,-1.0571,0.140,-0.361,0.183
831153245,0.0381,-0.0088,-1.0630,0.079,-0.239,-0.061
831166245,0.0366,-0.0093,-1.0674,-0.104,0.005,-0.000
831179245,0.0347,-0.0068,-1.0591,0.140,-0.056,-0.122
831192245,0.0342,-0.0078,-1.0576,0.018,-0.117,-0.122
831205245,0.0361,-0.0049,-1.0596,-0.043,0.067,-0.061
831218245,0.0381,-0.0063,-1.0586,-0.043,-0.117,-0.122
831231245,0.0381,-0.0034,-1.0708,0.018,-0.239,0.061
831244245,0.0396,-0.0054,-1.0620,0.018,-0.117,0.122
831257245,0.0337,-0.0063,-1.0610,-0.043,-0.117,-0.061
831270245,0.0381,-0.0083,-1.0586,-0.104,-0.117,-0.122
831283245,0.0376,-0.0073,-1.0601,0.079,-0.300,-0.000
831296245,0.0386,-0.0063,-1.0635,-0.104,-0.056,0.122
831309245,0.0410,-0.0063,-1.0601,-0.043,-0.117,-0.122
831322245,0.0371,-0.0044,-1.0659,-0.043,-0.117,-0.122
831335245,0.0352,-0.0049,-1.0630,-0.104,0.005,0.244
831348245,0.0391,-0.0059,-1.0591,0.018,0.005,0.183
831361245,0.0420,-0.0073,-1.0635,-0.043,0.128,0.061
831374245,0.0371,-0.0005,-1.0649,0.140,-0.056,-0.061
831387245,0.0396,-0.0054,-1.0591,0.079,-0.056,-0.000
831400245,0.0405,-0.0015,-1.0601,-0.165,0.067,0.244
831413245,0.0371,-0.0078,-1.0620,0.018,-0.178,0.122
831426245,0.0376,-0.0054,-1.0630,-0.165,0.005,-0.061
831439245,0.0386,-0.0088,-1.0586,-0.104,-0.056,-0.122
831452245,0.0405,-0.0024,-1.0649,0.018,-0.117,-0.061
831465245,0.0415,-0.0063,-1.0586,0.018,0.067,0.061
831478245,0.0400,-0.0063,-1.0674,0.018,-0.117,-0.000
831491245,0.0396,-0.0059,-1.0659,-0.104,-0.239,0.061
831504245,0.0396,-0.0054,-1.0723,-0.104,-0.056,-0.183
831517245,0.0391,-0.0049,-1.0557,-0.043,-0.117,-0.183
831530245,0.0371,-0.0024,-1.0664,0.079,0.067,-0.183
831543245,0.0396,-0.0059,-1.0645,-0.165,-0.178,0.122
831556245,0.0396,-0.0054,-1.0610,0.018,0.067,-0.122
831569245,0.0371,-0.0059,-1.0615,0.140,-0.056,-0.061
831582245,0.0400,-0.0063,-1.0645,-0.165,0.189,0.061
831595245,0.0381,-0.0078,-1.0586,0.140,-0.056,0.183
831608245,0.0439,-0.0073,-1.0664,0.140,-0.178,-0.061
831621245,0.0366,-0.0063,-1.0605,0.079,0.189,0.244
831634245,0.0376,-0.0073,-1.0649,0.018,0.372,-0.000
831647245,0.0381,-0.0054,-1.0552,0.018,0.005,0.061
831660245,0.0356,-0.0049,-1.0664,-0.043,-0.117,0.122
831673245,0.0420,-0.0044,-1.0615,0.018,0.067,-0.000
831686245,0.0391,-0.0029,-1.0640,0.018,0.067,-0.000
831699245,0.0352,-0.0044,-1.0576,0.018,0.005,-0.061
831712245,0.0317,-0.0083,-1.0659,0.140,0.128,-0.305
831725245,0.0410,-0.0103,-1.0635,0.140,0.128,-0.061
831738245,0.0366,-0.0034,-1.0605,0.079,-0.178,-0.122
831751245,0.0376,-0.0039,-1.0640,0.079,-0.300,-0.000
831764245,0.0396,-0.0024,-1.0635,0.079,0.067,0.244
831777245,0.0410,-0.0068,-1.0635,0.018,-0.056,-0.000
831790245,0.0371,-0.0034,-1.0654,0.018,0.005,0.122
831803245,0.0400,-0.0083,-1.0630,-0.043,-0.056,0.061
831816245,0.0352,-0.0049,-1.0586,0.079,-0.056,-0.244
831829245,0.0396,-0.0054,-1.0635,0.079,-0.178,0.061
831842245,0.0396,-0.0098,-1.0586,0.079,-0.117,0.183
831855245,0.0337,-0.0078,-1.0596,0.140,-0.056,-0.000
831868245,0.0376,-0.0039,-1.0620,-0.104,-0.178,-0.122
831881245,0.0381,-0.0063,-1.0601,-0.104,-0.056,-0.000
831894245,0.0405,-0.0068,-1.0654,0.140,0.005,-0.183
831907245,0.0400,-0.0044,-1.0640,0.140,-0.178,-0.000
831920245,0.0376,-0.0073,-1.0679,0.262,-0.117,-0.122
831933245,0.0420,-0.0093,-1.0654,0.262,0.189,-0.061
831946245,0.0386,-0.0049,-1.0640,0.079,0.005,-0.000
831959245,0.0400,-0.0093,-1.0645,0.201,0.067,-0.000
831972245,0.0337,-0.0083,-1.0562,-0.104,0.067,0.061
831985245,0.0371,-0.0068,-1.0571,0.018,-0.056,0.122
831998245,0.0381,-0.0063,-1.0601,0.018,0.005,0.244
832011245,0.0356,-0.0068,-1.0610,0.018,-0.239,-0.000
832024245,0.0366,-0.0063,-1.0649,-0.226,-0.117,0.122
832037245,0.0396,-0.0059,-1.0566,-0.165,-0.239,0.061
832050245,0.0386,-0.0039,-1.0557,0.201,0.128,-0.000
832063245,0.0410,-0.0054,-1.0659,0.140,-0.178,0.061
832076245,0.0386,-0.0088,-1.0645,-0.104,-0.117,-0.244
832089245,0.0396,-0.0063,-1.0659,0.079,-0.300,0.122
832102245,0.0371,-0.0039,-1.0649,0.018,-0.239,-0.061
832115245,0.0410,-0.0078,-1.0664,0.018,-0.361,-0.061
832128245,0.0376,-0.0054,-1.0566,0.262,-0.056,-0.000
832141245,0.0391,-0.0093,-1.0571,0.018,-0.178,-0.366
832154245,0.0376,-0.0068,-1.0635,-0.104,-0.422,-0.183
832167245,0.0391,-0.0068,-1.0596,-0.104,0.189,-0.061
832180245,0.0391,-0.0010,-1.0620,-0.226,-0.117,0.122
832193245,0.0396,-0.0054,-1.0605,0.079,-0.056,-0.122
832206245,0.0361,-0.0073,-1.0615,-0.043,0.128,-0.000
832219245,0.0386,-0.0059,-1.0669,0.018,-0.117,0.061
832232245,0.0352,-0.0059,-1.0610,0.018,-0.178,-0.183
832245245,0.0420,-0.0088,-1.0615,-0.043,0.128,0.122
832258245,0.0371,-0.0078,-1.0601,0.018,-0.239,-0.000
832271245,0.0352,-0.0054,-1.0601,0.018,-0.117,-0.000
832284245,0.0410,-0.0039,-1.0596,0.323,0.005,-0.061
832297245,0.0391,-0.0063,-1.0537,-0.226,0.005,-0.061
832310245,0.0381,-0.0015,-1.0586,0.201,-0.422,0.183
832323245,0.0400,-0.0054,-1.0630,-0.104,-0.239,-0.000
832336245,0.0410,-0.0029,-1.0625,-0.043,0.067,-0.000
832349245,0.0381,-0.0044,-1.0625,-0.104,-0.056,-0.000
832362245,0.0347,-0.0103,-1.0566,0.018,-0.239,-0.000
832375245,0.0391,-0.0054,-1.0625,0.262,0.005,0.183
832388245,0.0366,-0.0063,-1.0562,0.079,0.005,-0.000
832401245,0.0391,-0.0073,-1.0645,0.018,0.005,-0.122
832414245,0.0361,-0.0034,-1.0630,0.262,-0.361,-0.061
832427245,0.0396,-0.0020,-1.0610,-0.043,0.128,0.122
832440245,0.0366,-0.0088,-1.0566,0.018,0.067,-0.122
832453245,0.0400,-0.0068,-1.0698,-0.104,0.128,-0.244
832466245,0.0376,-0.0049,-1.0645,0.262,-0.056,0.183
832479245,0.0381,-0.0039,-1.0635,0.018,-0.056,0.061
832492245,0.0361,-0.0044,-1.0566,0.079,-0.239,-0.183
832505245,0.0391,-0.0039,-1.0654,0.079,0.128,-0.122
832518245,0.0376,-0.0059,-1.0610,-0.043,-0.056,-0.000
832531245,0.0449,-0.0024,-1.0615,0.079,0.128,0.183
832544245,0.0381,-0.0029,-1.0674,0.079,-0.300,-0.305
832557245,0.0381,-0.0015,-1.0596,-0.043,-0.239,-0.244
832570245,0.0405,-0.0059,-1.0635,0.140,-0.056,-0.122
832583245,0.0396,-0.0088,-1.0581,-0.104,0.005,0.061
832596245,0.0400,-0.0044,-1.0625,0.079,0.067,-0.061
832609245,0.0371,0.0005,-1.0674,-0.043,-0.178,-0.122
832622245,0.0439,-0.0088,-1.0664,-0.043,0.128,-0.122
832635245,0.0405,-0.0029,-1.0645,0.140,0.067,0.183
832648245,0.0405,-0.0054,-1.0669,0.140,0.005,-0.061
832661245,0.0425,-0.0059,-1.0664,0.018,0.005,-0.000
832674245,0.0376,-0.0068,-1.0596,-0.043,0.128,0.061
832687245,0.0391,-0.0098,-1.0723,0.140,0.005,-0.000
832700245,0.0396,-0.0049,-1.0664,-0.043,0.067,-0.244
832713245,0.0425,-0.0054,-1.0654,-0.043,-0.178,0.122
832726245,0.0400,-0.0044,-1.0654,0.018,0.067,-0.122
832739245,0.0415,-0.0088,-1.0620,0.018,0.005,0.061
832752245,0.0381,-0.0039,-1.0664,-0.226,0.005,0.061
832765245,0.0361,-0.0039,-1.0664,0.079,-0.178,-0.000
832778245,0.0415,-0.0034,-1.0688,-0.043,-0.056,-0.122
832791245,0.0376,-0.0059,-1.0645,-0.165,-0.056,-0.183
832804245,0.0439,-0.0039,-1.0669,0.018,-0.178,-0.000
832817245,0.0400,-0.0063,-1.0635,-0.165,-0.178,-0.122
832830245,0.0430,-0.0054,-1.0571,0.018,-0.117,-0.000
832843245,0.0371,-0.0063,-1.0630,-0.043,0.005,-0.183
832856245,0.0381,-0.0054,-1.0659,0.018,-0.117,-0.061
832869245,0.0405,-0.0063,-1.0615,-0.043,0.067,0.061
832882245,0.0356,-0.0044,-1.0630,-0.104,0.005,-0.061
832895245,0.0400,-0.0088,-1.0615,-0.226,-0.178,0.061
832908245,0.0430,-0.0044,-1.0615,-0.043,-0.239,0.305
832921245,0.0332,-0.0068,-1.0645,0.079,-0.056,0.183
832934245,0.0425,-0.0049,-1.0679,0.140,-0.178,-0.061
832947245,0.0405,-0.0024,-1.0630,0.079,0.128,-0.061
832960245,0.0449,-0.0034,-1.0708,0.079,0.005,-0.000
832973245,0.0381,-0.0059,-1.0640,-0.104,-0.422,0.122
832986245,0.0386,-0.0073,-1.0674,0.079,0.067,-0.122
832999245,0.0347,-0.0020,-1.0630,-0.043,-0.117,-0.244
833012245,0.0371,-0.0063,-1.0649,0.018,-0.056,-0.122
833025245,0.0361,-0.0059,-1.0664,0.262,-0.117,0.061
833038245,0.0400,-0.0044,-1.0610,0.201,-0.178,0.061
833051245,0.0381,-0.0029,-1.0645,0.018,-0.239,-0.000
833064245,0.0366,-0.0034,-1.0630,-0.226,-0.056,0.061
833077245,0.0391,-0.0059,-1.0591,0.323,0.067,-0.061
833090245,0.0405,-0.0059,-1.0635,-0.104,-0.056,-0.122
833103245,0.0356,-0.0068,-1.0601,0.018,0.005,0.122
833116245,0.0420,-0.0044,-1.0640,-0.043,-0.239,0.183
833129245,0.0376,-0.0068,-1.0630,0.201,-0.239,0.122
833142245,0.0415,-0.0083,-1.0635,0.018,-0.117,0.061
833155245,0.0376,-0.0049,-1.0610,-0.043,-0.178,-0.122
833168245,0.0376,-0.0029,-1.0654,-0.226,-0.178,-0.183
833181245,0.0361,-0.0059,-1.0571,0.018,0.311,0.122
833194245,0.0449,-0.0078,-1.0664,0.018,0.005,-0.183
833207245,0.0381,-0.0068,-1.0620,0.262,-0.056,-0.000
833220245,0.0381,-0.0088,-1.0723,0.140,0.005,-0.061
833233245,0.0391,-0.0039,-1.0649,-0.043,-0.056,-0.000
833246245,0.0376,-0.0049,-1.0630,0.079,-0.178,-0.244
833259245,0.0396,-0.0063,-1.0645,0.140,-0.300,-0.061
833272245,0.0391,-0.0049,-1.0571,0.262,0.067,0.244
833285245,0.0347,-0.0073,-1.0625,0.201,0.128,-0.122
833298245,0.0391,-0.0063,-1.0635,-0.104,0.128,-0.000
833311245,0.0391,-0.0063,-1.0596,0.018,0.005,-0.061
833324245,0.0391,-0.0049,-1.0601,-0.043,0.005,-0.000
833337245,0.0386,-0.0068,-1.0566,0.140,0.005,-0.122
833350245,0.0400,-0.0073,-1.0581,-0.043,-0.117,-0.061
833363245,0.0396,-0.0059,-1.0693,-0.104,-0.056,-0.000
833376245,0.0352,-0.0029,-1.0664,0.079,0.005,0.061
833389245,0.0381,-0.0059,-1.0591,-0.165,-0.117,-0.244
833402245,0.0396,-0.0054,-1.0601,-0.104,-0.300,-0.061
833415245,0.0410,-0.0054,-1.0615,0.018,0.067,-0.244
833428245,0.0415,-0.0063,-1.0596,-0.287,0.128,-0.000
833441245,0.0400,-0.0039,-1.0615,-0.043,-0.056,-0.061
833454245,0.0405,-0.0063,-1.0591,0.201,-0.117,-0.061
833467245,0.0386,-0.0059,-1.0645,0.018,0.005,0.183
833480245,0.0415,-0.0015,-1.0615,0.140,-0.239,-0.000
833493245,0.0391,-0.0068,-1.0645,0.079,-0.056,0.122
833506245,0.0391,-0.0073,-1.0620,-0.165,0.005,0.244
833519245,0.0376,-0.0073,-1.0576,-0.287,-0.178,-0.244
833532245,0.0405,-0.0063,-1.0635,0.018,-0.239,-0.122
833545245,0.0410,-0.0083,-1.0688,-0.104,0.128,0.061
833558245,0.0386,-0.0068,-1.0654,0.018,-0.117,-0.183
833571245,0.0391,-0.0024,-1.0591,0.140,-0.117,0.061
833584245,0.0439,-0.0088,-1.0605,0.018,-0.056,-0.183
833597245,0.0356,-0.0059,-1.0591,0.079,0.128,0.122
833610245,0.0400,-0.0068,-1.0605,0.018,0.005,-0.183
833623245,0.0405,-0.0029,-1.0674,0.140,0.128,-0.305
833636245,0.0352,-0.0073,-1.0620,0.018,-0.117,-0.244
833649245,0.0356,-0.0054,-1.0610,0.018,-0.117,-0.000
833662245,0.0361,-0.0039,-1.0615,-0.043,-0.056,0.183
833675245,0.0391,-0.0054,-1.0688,-0.165,-0.056,-0.000
833688245,0.0356,-0.0049,-1.0596,0.079,-0.117,-0.000
833701245,0.0361,-0.0020,-1.0615,0.140,-0.056,0.183
833714245,0.0371,-0.0068,-1.0601,0.140,-0.117,-0.061
833727245,0.0381,-0.0059,-1.0601,0.140,0.067,0.061
833740245,0.0376,-0.0078,-1.0596,0.140,0.250,0.122
833753245,0.0459,-0.0020,-1.0664,0.018,0.189,-0.000
833766245,0.0391,-0.0049,-1.0591,0.323,-0.056,-0.061
833779245,0.0371,-0.0049,-1.0640,0.079,0.005,-0.122
833792245,0.0415,-0.0054,-1.0654,-0.043,-0.056,-0.183
833805245,0.0381,-0.0059,-1.0674,0.018,0.128,-0.061
833818245,0.0352,-0.0122,-1.0586,-0.104,-0.056,-0.061
833831245,0.0386,-0.0078,-1.0640,0.018,0.067,0.122
833844245,0.0405,-0.0039,-1.0640,0.079,-0.178,-0.122
833857245,0.0400,-0.0083,-1.0610,0.140,-0.056,-0.000
833870245,0.0410,-0.0049,-1.0645,-0.043,0.005,-0.183
833883245,0.0405,-0.0044,-1.0581,-0.104,0.067,0.061
833896245,0.0391,-0.0073,-1.0581,-0.104,-0.117,-0.000
833909245,0.0371,-0.0039,-1.0659,0.079,-0.056,-0.000
833922245,0.0391,-0.0059,-1.0645,0.018,-0.056,-0.000
833935245,0.0415,-0.0063,-1.0659,0.018,-0.117,0.122
833948245,0.0366,-0.0083,-1.0654,0.140,0.128,0.061
833961245,0.0381,-0.0054,-1.0649,0.201,0.005,-0.000
833974245,0.0371,-0.0054,-1.0669,0.079,-0.361,-0.183
833987245,0.0337,-0.0068,-1.0581,-0.043,0.005,0.122
834000245,0.0405,-0.0088,-1.0562,0.018,0.189,-0.183
834013245,0.0415,-0.0068,-1.0586,0.018,0.128,-0.061
834026245,0.0366,-0.0039,-1.0605,0.079,-0.056,0.183
834039245,0.0376,-0.0063,-1.0601,-0.104,0.189,-0.244
834052245,0.0371,-0.0044,-1.0610,0.079,-0.361,-0.061
834065245,0.0356,-0.0068,-1.0635,-0.043,-0.056,-0.061
834078245,0.0386,-0.0010,-1.0596,-0.043,-0.117,-0.183
834091245,0.0361,-0.0015,-1.0625,0.079,-0.117,-0.000
834104245,0.0420,-0.0049,-1.0630,-0.104,-0.361,-0.183
834117245,0.0425,-0.0078,-1.0625,0.018,-0.056,-0.000
834130245,0.0400,-0.0073,-1.0620,0.140,-0.117,0.122
834143245,0.0381,-0.0049,-1.0625,0.018,-0.239,-0.061
834156245,0.0391,-0.0059,-1.0620,0.079,0.189,-0.122
834169245,0.0420,-0.0073,-1.0679,-0.104,0.005,-0.122
834182245,0.0415,-0.0093,-1.0635,0.079,0.067,0.061
834195245,0.0381,-0.0073,-1.0635,0.079,-0.117,0.061
834208245,0.0410,-0.0063,-1.0640,-0.043,0.067,0.061
834221245,0.0376,-0.0083,-1.0645,0.201,0.128,0.061
834234245,0.0376,-0.0093,-1.0654,-0.104,-0.239,-0.000
834247245,0.0381,-0.0059,-1.0630,-0.226,0.067,-0.000
834260245,0.0400,-0.0068,-1.0688,0.018,-0.178,-0.122
834273245,0.0381,-0.0034,-1.0605,-0.165,-0.117,-0.000
834286245,0.0386,-0.0049,-1.0674,0.079,-0.117,-0.000
834299245,0.0347,-0.0068,-1.0586,-0.287,-0.117,-0.061
834312245,0.0366,-0.0073,-1.0669,-0.165,0.005,-0.183
834325245,0.0352,-0.0054,-1.0601,-0.226,0.005,-0.000
834338245,0.0400,-0.0015,-1.0654,-0.104,-0.178,-0.183
834351245,0.0391,-0.0039,-1.0659,-0.165,-0.117,-0.183
834364245,0.0400,-0.0093,-1.0615,-0.226,-0.117,0.061
834377245,0.0376,-0.0068,-1.0669,-0.165,-0.056,-0.000
834390245,0.0366,-0.0068,-1.0625,-0.043,-0.117,0.122
834403245,0.0396,-0.0034,-1.0630,-0.287,0.128,-0.122
834416245,0.0405,-0.0078,-1.0674,0.018,-0.117,-0.000
834429245,0.0361,-0.0088,-1.0571,0.018,0.067,-0.061
834442245,0.0405,-0.0063,-1.0630,0.018,0.067,0.122
834455245,0.0361,-0.0020,-1.0693,0.262,-0.117,-0.183
834468245,0.0391,-0.0073,-1.0635,0.018,0.067,-0.061
834481245,0.0386,-0.0063,-1.0674,0.079,0.128,0.061
834494245,0.0396,-0.0039,-1.0630,-0.104,-0.117,0.061
834507245,0.0361,-0.0034,-1.0552,-0.349,-0.117,-0.183
834520245,0.0381,-0.0068,-1.0605,0.140,-0.239,-0.122
834533245,0.0396,-0.0039,-1.0620,-0.165,-0.117,-0.061
834546245,0.0420,-0.0063,-1.0674,0.140,0.005,-0.061
834559245,0.0366,-0.0054,-1.0645,0.140,0.005,-0.061
834572245,0.0386,-0.0034,-1.0625,-0.043,0.005,-0.122
834585245,0.0410,-0.0039,-1.0649,-0.104,0.005,-0.000
834598245,0.0386,-0.0098,-1.0708,0.018,-0.117,0.061
834611245,0.0352,-0.0078,-1.0640,0.140,-0.056,0.061
834624245,0.0410,-0.0044,-1.0654,0.018,-0.178,-0.122
834637245,0.0322,-0.0073,-1.0601,0.079,0.005,0.061
834650245,0.0356,-0.0049,-1.0615,0.018,-0.178,-0.061
834663245,0.0415,-0.0083,-1.0649,0.018,-0.300,-0.061
834676245,0.0352,-0.0083,-1.0645,0.140,0.128,0.061
834689245,0.0366,-0.0068,-1.0591,0.262,-0.056,-0.183
834702245,0.0415,-0.0078,-1.0659,-0.104,0.005,-0.061
834715245,0.0400,-0.0059,-1.0654,-0.043,-0.178,0.061
834728245,0.0361,-0.0088,-1.0630,-0.226,0.005,-0.183
834741245,0.0366,-0.0049,-1.0654,0.079,-0.117,-0.122
834754245,0.0376,-0.0044,-1.0640,0.140,-0.117,-0.183
834767245,0.0410,-0.0034,-1.0625,0.201,0.128,0.122
834780245,0.0381,-0.0034,-1.0630,0.201,0.005,-0.244
834793245,0.0371,-0.0068,-1.0596,-0.104,0.005,-0.061
834806245,0.0371,-0.0059,-1.0630,0.018,-0.239,0.183
834819245,0.0430,-0.0044,-1.0635,-0.043,-0.117,-0.183
834832245,0.0396,-0.0068,-1.0591,0.079,0.005,-0.244
834845245,0.0312,-0.0054,-1.0562,0.018,0.189,0.061
834858245,0.0425,-0.0044,-1.0664,0.018,-0.300,0.061
834871245,0.0381,-0.0044,-1.0635,-0.043,-0.178,-0.122
834884245,0.0400,-0.0049,-1.0581,0.140,-0.117,0.061
834897245,0.0381,-0.0063,-1.0620,0.018,-0.056,0.122
834910245,0.0356,-0.0024,-1.0664,0.201,0.005,-0.061
834923245,0.0410,-0.0034,-1.0679,-0.043,0.128,0.183
834936245,0.0400,-0.0068,-1.0659,-0.104,-0.178,-0.000
834949245,0.0410,-0.0068,-1.0630,0.201,-0.056,-0.061
834962245,0.0386,-0.0039,-1.0605,0.079,-0.178,-0.000
834975245,0.0415,-0.0039,-1.0625,-0.043,-0.117,-0.000
834988245,0.0396,-0.0054,-1.0581,0.140,0.005,0.061
835001245,0.0425,-0.0073,-1.0698,-0.043,-0.056,0.244
835014245,0.0425,-0.0063,-1.0610,0.018,0.005,-0.061
835027245,0.0391,-0.0015,-1.0562,0.018,-0.117,-0.244
835040245,0.0405,-0.0015,-1.0605,0.079,-0.239,-0.061
835053245,0.0396,-0.0039,-1.0586,-0.043,0.005,0.061
835066245,0.0410,-0.0073,-1.0649,-0.043,-0.056,-0.000
835079245,0.0410,-0.0068,-1.0684,-0.104,0.128,0.244
835092245,0.0415,-0.0054,-1.0615,0.079,-0.056,-0.000
835105245,0.0439,-0.0068,-1.0635,0.018,0.005,-0.183
835118245,0.0361,-0.0049,-1.0630,-0.226,0.128,-0.000
835131245,0.0400,-0.0049,-1.0620,0.140,-0.178,0.183
835144245,0.0396,-0.0044,-1.0708,0.140,-0.422,-0.061
835157245,0.0366,0.0015,-1.0615,0.018,0.067,-0.000
835170245,0.0405,-0.0049,-1.0596,0.262,-0.117,0.122
835183245,0.0425,-0.0034,-1.0615,0.140,0.005,0.122
835196245,0.0400,-0.0049,-1.0605,-0.165,0.189,-0.061
835209245,0.0415,-0.0049,-1.0615,0.201,-0.056,-0.183
835222245,0.0386,-0.0088,-1.0688,-0.043,-0.178,0.061
835235245,0.0381,-0.0059,-1.0645,0.140,-0.239,0.122
835248245,0.0405,-0.0068,-1.0659,0.262,-0.117,-0.000
835261245,0.0400,-0.0088,-1.0601,-0.104,-0.178,0.061
835274245,0.0386,-0.0098,-1.0586,-0.043,0.189,-0.000
835287245,0.0396,-0.0093,-1.0649,-0.165,-0.117,-0.061
835300245,0.0376,-0.0029,-1.0640,0.262,-0.056,0.122
835313245,0.0415,-0.0059,-1.0674,0.079,-0.117,-0.061
835326245,0.0391,-0.0044,-1.0625,-0.165,-0.056,-0.122
835339245,0.0381,-0.0078,-1.0635,-0.043,-0.056,-0.061
835352245,0.0361,-0.0063,-1.0562,0.201,0.005,-0.183
835365245,0.0405,-0.0098,-1.0659,-0.104,-0.117,-0.122
835378245,0.0391,-0.0029,-1.0610,0.079,0.005,-0.061
835391245,0.0342,-0.0059,-1.0635,0.201,0.005,-0.061
835404245,0.0361,-0.0088,-1.0532,-0.165,-0.178,-0.122
835417245,0.0391,-0.0068,-1.0625,0.201,-0.056,-0.000
835430245,0.0371,-0.0054,-1.0674,-0.165,-0.056,0.061
835443245,0.0381,-0.0088,-1.0581,0.018,-0.056,-0.122
835456245,0.0396,-0.0029,-1.0601,0.018,0.311,-0.122
835469245,0.0400,-0.0049,-1.0571,-0.104,0.433,0.061
835482245,0.0371,-0.0068,-1.0649,-0.104,0.005,0.061
835495245,0.0327,-0.0049,-1.0610,-0.104,-0.300,-0.183
835508245,0.0391,-0.0073,-1.0620,-0.043,-0.056,0.061
835521245,0.0386,-0.0049,-1.0649,-0.043,-0.117,-0.061
835534245,0.0405,-0.0078,-1.0620,-0.226,-0.056,0.122
835547245,0.0352,-0.0059,-1.0605,0.140,0.189,-0.122
835560245,0.0371,-0.0059,-1.0635,0.079,0.005,0.183
835573245,0.0366,-0.0063,-1.0596,0.140,-0.056,0.122
835586245,0.0352,-0.0049,-1.0610,0.140,-0.239,-0.122
835599245,0.0356,-0.0024,-1.0571,-0.043,0.067,0.122
835612245,0.0415,-0.0063,-1.0640,0.079,-0.117,-0.305
835625245,0.0396,-0.0098,-1.0674,0.018,0.128,-0.000
835638245,0.0376,-0.0059,-1.0674,-0.104,-0.056,0.244
835651245,0.0376,-0.0034,-1.0591,-0.043,0.250,0.061
835664245,0.0391,-0.0034,-1.0605,-0.043,-0.178,-0.000
835677245,0.0410,-0.0063,-1.0654,0.018,-0.300,0.061
835690245,0.0386,-0.0034,-1.0615,0.140,-0.056,-0.122
835703245,0.0366,-0.0093,-1.0581,0.079,-0.178,0.061
835716245,0.0405,-0.0073,-1.0610,-0.104,-0.300,0.183
835729245,0.0391,-0.0068,-1.0615,0.201,0.189,0.061
835742245,0.0366,-0.0054,-1.0635,-0.104,0.005,-0.000
835755245,0.0356,-0.0054,-1.0605,0.018,0.311,0.122
835768245,0.0371,-0.0059,-1.0645,0.079,-0.178,0.061
835781245,0.0386,-0.0068,-1.0645,-0.043,-0.056,0.122
835794245,0.0381,-0.0029,-1.0591,0.018,-0.056,0.122
835807245,0.0425,-0.0049,-1.0645,-0.043,0.005,-0.061
835820245,0.0371,-0.0073,-1.0645,0.079,-0.239,-0.000
835833245,0.0400,-0.0078,-1.0679,-0.043,-0.056,0.122
835846245,0.0386,-0.0049,-1.0640,-0.043,0.067,0.122
835859245,0.0332,-0.0063,-1.0645,0.079,0.067,-0.122
835872245,0.0381,-0.0088,-1.0601,0.140,0.067,-0.061
835885245,0.0381,-0.0103,-1.0640,-0.165,-0.178,-0.183
835898245,0.0410,-0.0024,-1.0659,0.140,-0.178,-0.122
835911245,0.0405,-0.0078,-1.0596,0.140,0.005,0.183
835924245,0.0376,-0.0059,-1.0674,-0.104,0.128,0.183
835937245,0.0361,-0.0093,-1.0630,-0.226,-0.117,0.061
835950245,0.0371,-0.0059,-1.0625,-0.043,0.005,-0.122
835963245,0.0381,-0.0049,-1.0596,-0.104,-0.117,0.122
835976245,0.0391,-0.0063,-1.0640,0.201,-0.178,-0.000
835989245,0.0366,-0.0068,-1.0654,0.079,0.128,0.061
836002245,0.0410,-0.0044,-1.0610,-0.104,-0.117,0.061
836015245,0.0381,-0.0083,-1.0591,0.079,-0.117,0.061
836028245,0.0391,-0.0078,-1.0620,0.079,0.005,-0.244
836041245,0.0415,-0.0034,-1.0649,0.140,-0.117,0.061
836054245,0.0405,-0.0039,-1.0605,0.079,-0.056,0.061
836067245,0.0405,-0.0078,-1.0674,0.018,-0.056,-0.000
836080245,0.0396,-0.0049,-1.0552,-0.043,-0.056,-0.122
836093245,0.0400,-0.0034,-1.0557,-0.165,-0.117,-0.122
836106245,0.0361,-0.0083,-1.0669,-0.104,-0.178,-0.122
836119245,0.0405,-0.0063,-1.0635,0.018,0.005,-0.244
836132245,0.0405,-0.0049,-1.0654,0.201,-0.117,0.183
836145245,0.0386,-0.0054,-1.0605,-0.104,-0.056,-0.061
836158245,0.0361,-0.0098,-1.0630,0.140,-0.178,-0.000
836171245,0.0425,-0.0054,-1.0669,0.140,-0.056,0.183
836184245,0.0361,-0.0063,-1.0645,0.018,-0.056,0.061
836197245,0.0391,-0.0059,-1.0586,-0.226,-0.117,0.183
836210245,0.0356,-0.0063,-1.0542,-0.104,-0.117,-0.183
836223245,0.0391,-0.0044,-1.0649,0.018,-0.239,-0.000
836236245,0.0361,-0.0068,-1.0615,0.140,0.005,0.061
836249245,0.0381,-0.0054,-1.0649,-0.165,-0.056,-0.244
836262245,0.0425,-0.0078,-1.0605,0.018,0.005,-0.000
836275245,0.0347,-0.0044,-1.0674,0.079,-0.056,0.183
836288245,0.0376,-0.0068,-1.0591,-0.104,0.067,-0.061
836301245,0.0391,-0.0059,-1.0654,0.018,0.005,-0.061
836314245,0.0420,-0.0034,-1.0620,-0.043,0.189,-0.122
836327245,0.0396,-0.0029,-1.0605,0.079,-0.178,-0.061
836340245,0.0342,-0.0059,-1.0610,0.079,-0.056,-0.000
836353245,0.0396,-0.0005,-1.0605,0.018,0.067,-0.122
836366245,0.0371,-0.0088,-1.0669,-0.043,-0.056,0.061
836379245,0.0366,-0.0029,-1.0620,0.079,-0.178,-0.122
836392245,0.0391,-0.0073,-1.0620,0.018,-0.056,-0.000
836405245,0.0371,-0.0083,-1.0718,0.018,-0.178,0.183
836418245,0.0361,-0.0059,-1.0596,-0.104,-0.178,-0.000
836431245,0.0386,-0.0063,-1.0591,-0.043,0.005,0.061
836444245,0.0371,-0.0073,-1.0615,0.079,-0.117,0.061
836457245,0.0405,-0.0059,-1.0659,0.201,-0.178,-0.244
836470245,0.0381,-0.0015,-1.0669,-0.104,-0.178,0.061
836483245,0.0396,-0.0073,-1.0615,0.018,0.189,-0.183
836496245,0.0337,-0.0063,-1.0586,-0.043,-0.178,0.061
836509245,0.0396,-0.0049,-1.0562,-0.104,0.128,-0.000
836522245,0.0371,-0.0054,-1.0596,0.079,0.005,0.061
836535245,0.0376,-0.0029,-1.0620,-0.104,0.189,-0.122
836548245,0.0376,-0.0063,-1.0659,0.018,-0.178,0.061
836561245,0.0352,-0.0068,-1.0615,0.140,-0.178,-0.061
836574245,0.0342,-0.0073,-1.0664,0.079,-0.056,-0.000
836587245,0.0391,-0.0083,-1.0635,-0.104,-0.056,0.122
836600245,0.0391,-0.0063,-1.0537,0.079,0.005,-0.244
836613245,0.0356,-0.0098,-1.0630,-0.104,-0.178,0.122
836626245,0.0386,-0.0024,-1.0605,-0.104,0.067,-0.244
836639245,0.0366,-0.0059,-1.0635,0.201,0.005,-0.122
836652245,0.0420,-0.0063,-1.0674,0.079,0.005,0.061
836665245,0.0376,-0.0015,-1.0679,0.262,-0.239,0.122
836678245,0.0400,-0.0088,-1.0679,0.079,0.189,0.122
836691245,0.0376,-0.0054,-1.0649,-0.104,-0.361,0.183
836704245,0.0396,-0.0029,-1.0576,0.140,0.005,-0.000
836717245,0.0410,-0.0054,-1.0659,0.079,-0.239,0.061
836730245,0.0361,-0.0049,-1.0601,0.201,0.005,0.122
836743245,0.0352,-0.0054,-1.0615,-0.226,0.067,-0.061
836756245,0.0381,-0.0059,-1.0649,0.018,-0.117,0.061
836769245,0.0405,-0.0063,-1.0562,-0.165,0.005,0.183
836782245,0.0405,-0.0068,-1.0645,0.201,0.189,0.183
836795245,0.0381,-0.0054,-1.0596,-0.165,0.005,0.122
836808245,0.0405,-0.0083,-1.0649,-0.104,-0.117,0.183
836821245,0.0371,-0.0054,-1.0645,-0.043,0.005,-0.122
836834245,0.0371,-0.0054,-1.0669,0.018,-0.239,-0.000
836847245,0.0361,-0.0059,-1.0576,-0.104,0.067,-0.061
836860245,0.0435,-0.0068,-1.0625,0.079,-0.117,0.061
836873245,0.0376,-0.0059,-1.0630,0.140,-0.117,-0.183
836886245,0.0371,-0.0078,-1.0669,0.079,-0.056,-0.122
836899245,0.0425,-0.0054,-1.0586,0.079,-0.178,-0.000
836912245,0.0420,-0.0044,-1.0630,0.140,0.005,-0.061
836925245,0.0352,-0.0039,-1.0649,-0.104,0.067,-0.000
836938245,0.0396,-0.0039,-1.0576,0.201,0.128,-0.061
836951245,0.0361,-0.0034,-1.0684,0.140,-0.056,-0.061
836964245,0.0415,-0.0073,-1.0664,0.140,-0.117,-0.122
836977245,0.0381,-0.0029,-1.0645,0.079,0.067,0.183
836990245,0.0361,-0.0078,-1.0566,-0.043,0.067,-0.122
837003245,0.0347,-0.0020,-1.0552,0.018,0.067,-0.000
837016245,0.0396,-0.0063,-1.0669,-0.043,0.005,-0.000
837029245,0.0376,-0.0054,-1.0649,-0.043,0.005,-0.122
837042245,0.0405,-0.0063,-1.0649,0.079,0.067,-0.122
837055245,0.0420,-0.0049,-1.0620,-0.165,0.067,-0.061
837068245,0.0396,-0.0063,-1.0679,0.262,0.189,0.122
837081245,0.0415,-0.0039,-1.0635,-0.043,0.128,0.122
837094245,0.0391,-0.0063,-1.0566,0.140,0.067,-0.122
837107245,0.0415,-0.0039,-1.0571,0.079,0.128,-0.000
837120245,0.0420,-0.0059,-1.0718,-0.165,0.189,-0.183
837133245,0.0366,-0.0078,-1.0649,0.018,-0.178,-0.244
837146245,0.0396,-0.0034,-1.0659,-0.043,-0.117,-0.183
837159245,0.0371,-0.0063,-1.0635,0.079,-0.117,-0.061
837172245,0.0391,-0.0054,-1.0659,-0.104,-0.117,0.122
837185245,0.0381,-0.0039,-1.0591,0.018,-0.178,-0.061
837198245,0.0391,-0.0054,-1.0654,-0.165,0.128,0.061
837211245,0.0366,-0.0073,-1.0620,0.140,0.067,-0.061
837224245,0.0366,-0.0073,-1.0649,0.140,0.005,-0.000
837237245,0.0425,-0.0059,-1.0654,-0.226,0.005,-0.000
837250245,0.0361,-0.0059,-1.0645,-0.104,-0.117,-0.122
837263245,0.0371,-0.0093,-1.0591,-0.104,0.005,0.061
837276245,0.0376,-0.0044,-1.0625,-0.226,-0.056,-0.000
837289245,0.0396,-0.0054,-1.0640,0.018,0.005,-0.061
837302245,0.0420,-0.0063,-1.0625,0.140,0.067,-0.000
837315245,0.0396,-0.0054,-1.0630,0.079,0.005,-0.061
837328245,0.0366,-0.0073,-1.0620,-0.043,-0.300,0.122
837341245,0.0386,-0.0068,-1.0664,-0.104,0.189,0.244
837354245,0.0386,-0.0044,-1.0596,0.079,0.005,0.061
837367245,0.0347,-0.0059,-1.0640,0.079,0.128,-0.183
837380245,0.0391,-0.0054,-1.0615,0.018,-0.117,0.122
837393245,0.0366,-0.0059,-1.0625,0.018,0.067,-0.061
837406245,0.0366,-0.0103,-1.0630,-0.165,0.005,0.122
837419245,0.0391,-0.0049,-1.0596,-0.043,-0.056,-0.000
837432245,0.0371,-0.0073,-1.0645,0.140,-0.300,-0.000
837445245,0.0425,-0.0029,-1.0596,0.079,-0.117,-0.183
837458245,0.0356,-0.0054,-1.0615,-0.104,-0.117,-0.000
837471245,0.0415,-0.0063,-1.0645,-0.043,-0.239,-0.000
837484245,0.0376,-0.0068,-1.0605,0.079,-0.117,-0.000
837497245,0.0386,-0.0020,-1.0620,-0.104,-0.056,-0.122
837510245,0.0376,-0.0034,-1.0645,0.201,-0.239,0.122
837523245,0.0391,-0.0039,-1.0630,0.018,0.005,0.122
837536245,0.0396,-0.0054,-1.0659,0.140,-0.178,-0.000
837549245,0.0435,-0.0005,-1.0635,-0.165,-0.178,-0.000
837562245,0.0371,-0.0083,-1.0605,0.018,-0.239,0.061
837575245,0.0386,-0.0063,-1.0601,-0.043,0.005,0.061
837588245,0.0366,-0.0044,-1.0610,-0.226,-0.117,-0.061
837601245,0.0405,-0.0029,-1.0630,-0.043,-0.056,-0.061
837614245,0.0361,-0.0083,-1.0547,0.201,0.067,-0.000
837627245,0.0430,-0.0054,-1.0552,0.140,0.067,-0.000
837640245,0.0371,-0.0054,-1.0635,-0.165,0.005,0.183
837653245,0.0371,-0.0059,-1.0615,0.018,-0.117,-0.122
837666245,0.0381,-0.0068,-1.0659,-0.043,-0.056,-0.122
837679245,0.0400,-0.0068,-1.0640,0.079,0.128,-0.000
837692245,0.0352,-0.0078,-1.0713,0.201,0.067,0.061
837705245,0.0386,-0.0029,-1.0596,0.018,0.128,0.061
837718245,0.0400,-0.0049,-1.0649,0.262,-0.300,-0.061
837731245,0.0400,-0.0029,-1.0693,-0.043,0.005,-0.183
837744245,0.0400,-0.0044,-1.0601,-0.165,-0.056,-0.061
837757245,0.0405,-0.0083,-1.0640,0.140,-0.056,-0.061
837770245,0.0391,-0.0078,-1.0654,-0.043,0.005,-0.061
837783245,0.0410,-0.0044,-1.0640,0.018,-0.239,-0.122
837796245,0.0361,-0.0049,-1.0610,0.201,0.128,-0.061
837809245,0.0376,-0.0059,-1.0630,0.140,-0.056,-0.061
837822245,0.0376,-0.0024,-1.0601,0.079,-0.239,-0.122
837835245,0.0391,-0.0063,-1.0562,-0.165,0.250,-0.000
837848245,0.0396,-0.0083,-1.0596,-0.043,-0.117,-0.183
837861245,0.0381,-0.0083,-1.0654,-0.043,0.067,-0.000
837874245,0.0352,-0.0039,-1.0669,0.201,0.067,-0.061
837887245,0.0361,-0.0054,-1.0654,-0.104,-0.178,-0.061
837900245,0.0391,-0.0059,-1.0669,-0.104,0.128,-0.000
837913245,0.0371,-0.0049,-1.0605,0.018,-0.178,-0.061
837926245,0.0352,-0.0020,-1.0591,0.079,-0.117,-0.000
837939245,0.0396,-0.0083,-1.0601,0.079,-0.056,0.122
837952245,0.0371,-0.0063,-1.0615,-0.104,-0.178,-0.061
837965245,0.0366,-0.0068,-1.0601,0.140,0.250,-0.061
837978245,0.0381,-0.0073,-1.0610,0.079,-0.178,-0.000
837991245,0.0366,-0.0054,-1.0635,0.018,-0.056,-0.122
838004245,0.0376,-0.0049,-1.0610,-0.104,-0.300,-0.244
838017245,0.0376,-0.0059,-1.0625,0.140,-0.178,0.122
838030245,0.0410,-0.0093,-1.0649,0.201,-0.056,0.305
838043245,0.0376,-0.0039,-1.0601,-0.043,-0.056,-0.122
838056245,0.0396,-0.0063,-1.0605,-0.043,-0.239,-0.122
838069245,0.0381,-0.0020,-1.0659,0.140,-0.239,-0.061
838082245,0.0376,-0.0107,-1.0625,0.018,-0.117,0.183
838095245,0.0366,-0.0034,-1.0654,0.140,-0.239,-0.000
838108245,0.0386,-0.0024,-1.0679,-0.043,-0.178,-0.000
838121245,0.0347,-0.0078,-1.0620,0.079,-0.117,-0.000
838134245,0.0415,-0.0063,-1.0610,0.018,0.128,-0.000
838147245,0.0327,-0.0049,-1.0610,0.140,-0.056,0.061
838160245,0.0347,-0.0068,-1.0562,0.140,-0.117,-0.061
838173245,0.0410,-0.0078,-1.0581,-0.104,-0.178,-0.061
838186245,0.0371,-0.0029,-1.0645,-0.165,0.128,-0.061
838199245,0.0366,-0.0068,-1.0596,0.262,-0.056,-0.122
838212245,0.0352,-0.0024,-1.0645,0.018,-0.056,0.305
838225245,0.0410,-0.0029,-1.0649,0.079,-0.178,-0.000
838238245,0.0425,-0.0049,-1.0698,0.018,-0.239,-0.244
838251245,0.0327,-0.0049,-1.0596,-0.043,-0.117,0.061
838264245,0.0386,-0.0049,-1.0645,0.018,0.005,0.183
838277245,0.0381,-0.0020,-1.0640,0.018,0.005,-0.183
838290245,0.0405,-0.0059,-1.0679,-0.043,0.005,-0.000
838303245,0.0386,-0.0088,-1.0576,0.262,-0.056,-0.122
838316245,0.0449,-0.0044,-1.0674,-0.165,-0.117,0.183
838329245,0.0400,-0.0024,-1.0654,-0.043,0.005,-0.061
838342245,0.0376,-0.0063,-1.0688,-0.349,-0.056,-0.000
838355245,0.0391,-0.0078,-1.0610,0.079,0.128,-0.122
838368245,0.0376,-0.0078,-1.0610,0.079,0.005,-0.122
838381245,0.0366,-0.0044,-1.0601,-0.104,-0.117,0.061
838394245,0.0396,-0.0078,-1.0640,0.140,0.067,-0.244
838407245,0.0376,-0.0063,-1.0654,-0.043,-0.239,-0.122
838420245,0.0386,-0.0083,-1.0625,-0.165,0.189,-0.244
838433245,0.0391,-0.0054,-1.0620,0.140,-0.178,-0.122
838446245,0.0381,-0.0078,-1.0659,-0.104,-0.117,-0.244
838459245,0.0391,-0.0063,-1.0630,0.018,0.005,-0.183
838472245,0.0400,-0.0029,-1.0654,0.079,0.128,-0.244
838485245,0.0361,-0.0054,-1.0659,0.018,0.005,0.183
838498245,0.0396,-0.0059,-1.0654,0.079,0.128,-0.122
838511245,0.0356,-0.0083,-1.0645,0.018,0.005,-0.122
838524245,0.0376,-0.0034,-1.0625,0.201,-0.239,-0.061
838537245,0.0391,-0.0044,-1.0654,-0.104,-0.239,-0.061
838550245,0.0361,-0.0049,-1.0625,0.018,0.067,-0.122
838563245,0.0391,-0.0093,-1.0620,0.140,-0.056,-0.000
838576245,0.0405,-0.0063,-1.0645,0.079,-0.300,-0.122
838589245,0.0405,-0.0068,-1.0601,0.018,-0.178,-0.122
838602245,0.0386,-0.0063,-1.0615,-0.043,-0.239,0.061
838615245,0.0361,-0.0039,-1.0640,0.018,0.067,-0.122
838628245,0.0347,-0.0049,-1.0659,0.018,0.128,-0.000
838641245,0.0415,-0.0068,-1.0674,0.079,0.005,-0.000
838654245,0.0386,-0.0034,-1.0654,-0.043,-0.056,0.183
838667245,0.0400,-0.0029,-1.0679,0.140,0.005,-0.061
838680245,0.0400,-0.0098,-1.0625,-0.165,-0.178,-0.061
838693245,0.0356,-0.0083,-1.0557,0.079,-0.300,-0.183
838706245,0.0376,-0.0054,-1.0605,0.140,-0.178,-0.000
838719245,0.0386,-0.0073,-1.0635,0.018,-0.056,-0.061
838732245,0.0347,-0.0044,-1.0610,-0.165,-0.239,-0.061
838745245,0.0396,-0.0039,-1.0625,-0.043,0.128,-0.061
838758245,0.0322,-0.0059,-1.0601,0.140,-0.056,-0.122
838771245,0.0415,-0.0059,-1.0635,-0.104,-0.117,-0.122
838784245,0.0381,0.0000,-1.0669,0.018,-0.117,0.061
838797245,0.0400,-0.0044,-1.0586,0.079,0.189,-0.244
838810245,0.0381,-0.0049,-1.0610,-0.226,-0.056,0.122
838823245,0.0400,-0.0049,-1.0625,0.018,0.067,-0.183
838836245,0.0425,-0.0063,-1.0620,0.018,-0.178,0.183
838849245,0.0391,-0.0054,-1.0630,-0.043,0.067,0.061
838862245,0.0332,-0.0112,-1.0635,0.018,-0.239,-0.061
838875245,0.0391,-0.0039,-1.0630,0.018,0.189,-0.000
838888245,0.0352,-0.0054,-1.0576,-0.165,-0.117,-0.000
838901245,0.0376,-0.0078,-1.0664,0.018,-0.239,0.061
838914245,0.0376,-0.0063,-1.0605,-0.226,-0.178,0.061
838927245,0.0356,-0.0068,-1.0654,0.079,0.189,-0.000
838940245,0.0366,-0.0039,-1.0654,0.018,-0.300,-0.061
838953245,0.0400,-0.0063,-1.0601,0.201,0.067,0.183
838966245,0.0352,-0.0059,-1.0640,-0.226,-0.178,0.122
838979245,0.0391,-0.0029,-1.0659,-0.104,0.311,-0.061
838992245,0.0376,-0.0039,-1.0615,0.140,-0.178,-0.183
839005245,0.0391,-0.0054,-1.0698,0.262,-0.117,0.061
839018245,0.0366,-0.0063,-1.0571,-0.104,-0.361,-0.061
839031245,0.0396,-0.0078,-1.0645,0.018,0.067,-0.122
839044245,0.0396,-0.0059,-1.0679,0.140,0.067,-0.061
839057245,0.0420,-0.0073,-1.0615,0.140,-0.056,-0.122
839070245,0.0391,-0.0068,-1.0640,0.201,-0.117,-0.183
839083245,0.0356,-0.0034,-1.0571,-0.104,-0.056,-0.183
839096245,0.0396,-0.0044,-1.0640,-0.043,0.005,-0.122
839109245,0.0381,-0.0073,-1.0654,0.079,-0.117,0.061
839122245,0.0420,-0.0098,-1.0601,-0.043,-0.117,-0.122
839135245,0.0381,-0.0073,-1.0586,0.140,-0.117,-0.061
839148245,0.0391,-0.0059,-1.0649,0.018,-0.056,-0.122
839161245,0.0430,-0.0059,-1.0645,-0.043,0.067,-0.000
839174245,0.0376,-0.0063,-1.0645,0.079,0.067,0.244
839187245,0.0400,-0.0034,-1.0674,0.018,-0.056,-0.183
839200245,0.0420,-0.0098,-1.0635,0.018,0.005,-0.061
839213245,0.0391,-0.0054,-1.0625,0.018,-0.117,0.061
839226245,0.0332,-0.0073,-1.0601,0.018,-0.056,-0.000
839239245,0.0405,-0.0049,-1.0562,0.201,-0.056,0.122
839252245,0.0352,-0.0059,-1.0547,0.140,-0.056,-0.000
839265245,0.0396,-0.0049,-1.0669,0.018,-0.117,0.061
839278245,0.0391,-0.0059,-1.0630,0.201,-0.239,-0.000
839291245,0.0391,-0.0044,-1.0645,0.079,-0.056,-0.061
839304245,0.0386,-0.0068,-1.0649,0.079,0.067,0.061
839317245,0.0376,-0.0039,-1.0596,-0.043,0.005,0.061
839330245,0.0366,-0.0088,-1.0625,-0.043,-0.239,0.061
839343245,0.0386,-0.0088,-1.0679,0.079,-0.056,-0.061
839356245,0.0361,-0.0054,-1.0605,0.018,-0.056,-0.122
839369245,0.0361,-0.0073,-1.0596,0.079,0.005,-0.122
839382245,0.0396,-0.0098,-1.0596,0.201,0.311,-0.000
839395245,0.0386,-0.0044,-1.0620,0.079,0.005,0.061
839408245,0.0420,-0.0059,-1.0630,-0.043,-0.056,-0.122
839421245,0.0356,-0.0059,-1.0625,0.201,-0.178,-0.000
839434245,0.0371,-0.0068,-1.0625,-0.043,0.005,0.061
839447245,0.0337,-0.0024,-1.0649,0.140,0.128,0.122
839460245,0.0396,-0.0063,-1.0669,0.018,0.067,-0.122
839473245,0.0400,-0.0034,-1.0688,0.079,0.067,0.061
839486245,0.0376,-0.0024,-1.0576,-0.165,-0.300,-0.061
839499245,0.0371,-0.0073,-1.0542,-0.165,-0.361,-0.000
839512245,0.0381,-0.0083,-1.0732,0.018,-0.178,-0.122
839525245,0.0386,-0.0073,-1.0615,-0.104,-0.056,-0.000
839538245,0.0352,-0.0020,-1.0596,-0.165,0.311,-0.061
839551245,0.0405,-0.0107,-1.0630,0.323,-0.117,-0.122
839564245,0.0420,-0.0054,-1.0601,0.079,-0.056,0.122
839577245,0.0352,-0.0049,-1.0674,-0.165,-0.239,-0.122
839590245,0.0386,-0.0059,-1.0625,0.567,0.005,0.244
839603245,0.0386,-0.0029,-1.0625,0.079,0.067,0.061
839616245,0.0356,-0.0029,-1.0679,-0.043,-0.117,-0.244
839629245,0.0342,-0.0034,-1.0635,-0.043,0.005,-0.000
839642245,0.0415,-0.0073,-1.0586,0.201,-0.117,0.183
839655245,0.0386,-0.0068,-1.0615,-0.043,-0.178,0.244
839668245,0.0386,-0.0063,-1.0654,0.018,-0.056,0.183
839681245,0.0415,-0.0049,-1.0635,0.018,0.005,-0.183
839694245,0.0420,-0.0063,-1.0649,0.018,-0.056,0.061
839707245,0.0391,-0.0024,-1.0586,0.018,-0.117,-0.000
839720245,0.0391,-0.0078,-1.0640,0.018,0.067,-0.183
839733245,0.0400,-0.0088,-1.0620,0.140,-0.178,-0.000
839746245,0.0356,-0.0063,-1.0669,0.018,-0.117,0.061
839759245,0.0391,-0.0073,-1.0586,0.018,-0.117,-0.122
839772245,0.0386,-0.0059,-1.0742,-0.165,0.128,0.061
839785245,0.0376,-0.0049,-1.0659,0.079,-0.178,0.061
839798245,0.0396,-0.0059,-1.0625,0.018,-0.117,0.061
839811245,0.0396,-0.0049,-1.0601,-0.226,-0.056,0.122
839824245,0.0410,-0.0054,-1.0640,0.018,0.128,-0.061
839837245,0.0376,-0.0059,-1.0596,-0.043,0.128,-0.061
839850245,0.0410,-0.0083,-1.0610,0.140,0.067,-0.000
839863245,0.0337,-0.0034,-1.0601,0.140,-0.056,0.122
839876245,0.0410,-0.0059,-1.0635,0.079,0.128,0.183
839889245,0.0347,-0.0024,-1.0601,0.079,0.067,-0.183
839902245,0.0400,-0.0063,-1.0605,0.018,0.005,0.061
839915245,0.0371,-0.0059,-1.0684,-0.043,-0.056,0.061
839928245,0.0410,-0.0044,-1.0659,-0.104,0.128,-0.122
839941245,0.0400,-0.0078,-1.0581,-0.043,-0.056,0.122
839954245,0.0410,-0.0073,-1.0679,0.201,0.005,0.122
839967245,0.0415,-0.0029,-1.0610,0.018,0.067,0.061
839980245,0.0366,-0.0093,-1.0581,0.201,-0.178,0.061
839993245,0.0396,-0.0039,-1.0654,-0.104,0.067,0.244
840006245,0.0391,-0.0073,-1.0571,-0.043,0.067,0.122
840019245,0.0400,-0.0059,-1.0674,-0.043,0.005,0.183
840032245,0.0400,-0.0010,-1.0610,0.018,0.128,-0.183
840045245,0.0391,-0.0063,-1.0659,0.079,-0.117,-0.122
840058245,0.0391,-0.0083,-1.0630,-0.104,-0.239,-0.244
840071245,0.0366,-0.0024,-1.0620,0.079,0.067,-0.000
840084245,0.0405,-0.0088,-1.0625,0.079,0.005,-0.000
840097245,0.0420,-0.0073,-1.0693,-0.226,0.005,0.061
840110245,0.0371,-0.0039,-1.0605,-0.165,-0.117,-0.122
840123245,0.0361,-0.0049,-1.0630,0.323,-0.178,0.061
840136245,0.0420,-0.0078,-1.0649,-0.104,0.005,0.122
840149245,0.0430,-0.0073,-1.0640,0.140,-0.056,0.183
840162245,0.0366,-0.0034,-1.0635,0.018,0.067,-0.000
840175245,0.0386,-0.0068,-1.0610,0.079,-0.056,-0.000
840188245,0.0391,-0.0088,-1.0640,0.201,-0.239,0.183
840201245,0.0410,-0.0039,-1.0591,0.079,0.005,-0.000
840214245,0.0356,-0.0029,-1.0576,0.018,-0.178,-0.061
840227245,0.0420,-0.0059,-1.0601,-0.043,0.067,-0.061
840240245,0.0449,-0.0054,-1.0630,0.018,-0.239,0.183
840253245,0.0420,-0.0044,-1.0688,0.201,0.128,0.122
840266245,0.0342,-0.0059,-1.0630,-0.165,0.005,-0.061
840279245,0.0420,-0.0068,-1.0605,0.140,-0.056,0.061
840292245,0.0400,-0.0044,-1.0635,-0.165,-0.117,-0.122
840305245,0.0405,-0.0112,-1.0605,-0.349,-0.056,-0.122
840318245,0.0420,-0.0059,-1.0625,-0.104,-0.056,0.122
840331245,0.0386,-0.0068,-1.0664,0.140,0.189,0.183
840344245,0.0405,-0.0054,-1.0684,0.201,-0.361,-0.061
840357245,0.0405,-0.0078,-1.0645,0.079,-0.117,-0.122
840370245,0.0396,-0.0063,-1.0649,0.201,-0.178,-0.000
840383245,0.0352,-0.0078,-1.0659,0.018,-0.056,0.244
840396245,0.0366,-0.0098,-1.0576,0.018,-0.117,0.061
840409245,0.0342,-0.0039,-1.0610,-0.043,-0.117,0.183
840422245,0.0366,-0.0063,-1.0645,0.018,0.005,-0.122
840435245,0.0396,0.0005,-1.0654,-0.165,-0.117,0.122
840448245,0.0371,-0.0024,-1.0649,0.140,-0.178,0.061
840461245,0.0386,-0.0044,-1.0664,-0.043,0.189,0.305
840474245,0.0396,-0.0059,-1.0615,0.018,-0.178,-0.122
840487245,0.0371,-0.0078,-1.0654,0.079,-0.117,0.122
840500245,0.0386,-0.0044,-1.0601,-0.104,0.005,0.244
840513245,0.0396,-0.0093,-1.0610,0.140,0.005,-0.061
840526245,0.0376,-0.0068,-1.0601,0.018,0.005,0.183
840539245,0.0376,-0.0044,-1.0649,0.079,0.128,0.183
840552245,0.0371,-0.0049,-1.0605,-0.043,0.067,-0.183
840565245,0.0356,-0.0073,-1.0645,0.018,0.189,0.061
840578245,0.0371,-0.0049,-1.0630,0.201,-0.056,-0.000
840591245,0.0381,-0.0083,-1.0649,0.079,-0.056,0.061
840604245,0.0376,-0.0059,-1.0596,0.201,0.250,0.183
840617245,0.0371,-0.0073,-1.0610,0.140,-0.117,-0.122
840630245,0.0430,-0.0078,-1.0645,-0.104,0.128,0.061
840643245,0.0376,-0.0054,-1.0596,0.018,0.005,0.122
840656245,0.0371,-0.0063,-1.0605,0.018,-0.056,0.061
840669245,0.0376,-0.0054,-1.0620,-0.165,-0.117,-0.061
840682245,0.0405,-0.0059,-1.0674,-0.104,0.067,-0.061
840695245,0.0381,-0.0059,-1.0591,0.323,-0.178,-0.000
840708245,0.0400,-0.0049,-1.0620,-0.043,0.005,-0.000
840721245,0.0361,-0.0093,-1.0645,-0.165,-0.056,0.061
840734245,0.0400,-0.0059,-1.0640,0.140,0.005,-0.122
840747245,0.0366,-0.0112,-1.0659,0.140,0.005,0.183
840760245,0.0425,-0.0063,-1.0625,0.079,-0.117,-0.183
840773245,0.0337,-0.0059,-1.0625,-0.104,0.067,-0.183
840786245,0.0400,-0.0059,-1.0674,0.140,-0.178,-0.061
840799245,0.0371,-0.0093,-1.0640,0.079,-0.056,-0.122
840812245,0.0405,-0.0063,-1.0591,0.201,0.005,0.122
840825245,0.0415,-0.0063,-1.0664,0.079,-0.361,0.061
840838245,0.0371,-0.0054,-1.0596,0.018,0.067,-0.000
840851245,0.0371,-0.0024,-1.0571,0.018,-0.178,-0.183
840864245,0.0391,-0.0039,-1.0605,-0.104,-0.239,-0.061
840877245,0.0396,-0.0098,-1.0566,0.262,-0.178,0.061
840890245,0.0405,-0.0063,-1.0659,0.079,0.005,0.244
840903245,0.0376,-0.0063,-1.0630,-0.226,-0.117,-0.122
840916245,0.0366,-0.0054,-1.0615,-0.043,-0.178,0.061
840929245,0.0391,-0.0054,-1.0537,0.018,-0.178,0.183
840942245,0.0371,-0.0068,-1.0640,0.140,0.067,-0.183
840955245,0.0391,-0.0044,-1.0537,0.079,-0.117,-0.000
840968245,0.0415,-0.0059,-1.0659,-0.043,0.005,-0.000
840981245,0.0396,-0.0049,-1.0615,-0.043,0.067,0.061
840994245,0.0342,-0.0044,-1.0659,0.079,-0.056,0.183
841007245,0.0371,-0.0063,-1.0610,-0.043,-0.117,-0.000
841020245,0.0420,-0.0059,-1.0596,-0.104,-0.117,-0.000
841033245,0.0371,-0.0063,-1.0630,0.018,-0.239,-0.000
841046245,0.0386,-0.0044,-1.0649,0.079,0.250,0.305
841059245,0.0366,-0.0068,-1.0674,0.323,-0.178,-0.000
841072245,0.0400,-0.0059,-1.0664,0.018,0.067,-0.061
841085245,0.0371,-0.0073,-1.0596,0.018,0.250,0.061
841098245,0.0391,-0.0024,-1.0654,0.140,-0.178,0.183
841111245,0.0371,-0.0049,-1.0664,-0.043,0.005,0.183
841124245,0.0337,-0.0088,-1.0659,-0.104,0.128,0.122
841137245,0.0400,-0.0078,-1.0615,0.018,-0.056,-0.061
841150245,0.0366,-0.0063,-1.0620,0.018,0.005,0.122
841163245,0.0356,-0.0063,-1.0605,-0.165,-0.117,-0.061
841176245,0.0371,-0.0063,-1.0640,0.079,-0.056,0.061
841189245,0.0425,-0.0054,-1.0601,0.140,0.067,-0.000
841202245,0.0332,-0.0073,-1.0669,0.018,0.005,-0.061
841215245,0.0361,-0.0054,-1.0645,-0.165,0.067,0.183
841228245,0.0381,-0.0034,-1.0615,-0.043,0.067,0.061
841241245,0.0391,-0.0039,-1.0591,-0.043,0.067,0.122
841254245,0.0391,-0.0034,-1.0625,-0.287,-0.056,-0.061
841267245,0.0381,-0.0049,-1.0586,-0.043,0.005,-0.000
841280245,0.0391,-0.0044,-1.0615,0.140,-0.056,-0.061
841293245,0.0415,-0.0112,-1.0605,-0.165,-0.056,0.061
841306245,0.0376,-0.0068,-1.0620,-0.043,-0.178,-0.183
841319245,0.0386,-0.0029,-1.0576,0.079,-0.239,0.061
841332245,0.0356,-0.0049,-1.0679,0.079,-0.178,-0.061
841345245,0.0376,-0.0063,-1.0640,0.140,0.067,-0.000
841358245,0.0342,-0.0068,-1.0659,0.140,-0.056,0.122
841371245,0.0396,-0.0083,-1.0635,0.140,-0.056,-0.122
841384245,0.0376,-0.0068,-1.0674,-0.104,0.005,0.244
841397245,0.0376,-0.0093,-1.0610,0.079,0.067,-0.000
841410245,0.0420,-0.0059,-1.0669,0.079,-0.117,0.183
841423245,0.0396,-0.0054,-1.0693,0.079,0.128,-0.000
841436245,0.0366,-0.0039,-1.0620,0.079,0.067,0.061
841449245,0.0361,-0.0024,-1.0640,0.018,-0.178,-0.122
841462245,0.0391,-0.0068,-1.0649,-0.104,0.067,-0.122
841475245,0.0391,-0.0078,-1.0645,0.201,0.005,-0.000
841488245,0.0396,-0.0029,-1.0649,-0.104,-0.178,0.122
841501245,0.0381,-0.0063,-1.0664,0.018,0.005,-0.000
841514245,0.0371,-0.0049,-1.0649,0.018,-0.117,-0.061
841527245,0.0366,-0.0059,-1.0630,-0.043,-0.056,0.122
841540245,0.0400,-0.0093,-1.0640,-0.104,0.005,-0.183
841553245,0.0396,-0.0039,-1.0640,0.018,-0.483,0.061
841566245,0.0317,-0.0029,-1.0630,-0.043,-0.056,0.122
841579245,0.0376,-0.0020,-1.0659,-0.104,0.005,-0.183
841592245,0.0356,-0.0029,-1.0625,-0.104,0.067,-0.000
841605245,0.0386,0.0000,-1.0654,0.140,-0.239,-0.305
841618245,0.0405,-0.0078,-1.0625,0.079,-0.117,-0.000
841631245,0.0366,-0.0054,-1.0640,-0.226,-0.056,-0.000
841644245,0.0376,-0.0073,-1.0664,0.018,0.067,-0.000
841657245,0.0356,-0.0054,-1.0615,0.018,0.005,-0.000
841670245,0.0356,-0.0073,-1.0596,0.018,0.005,-0.122
841683245,0.0356,-0.0049,-1.0625,0.140,-0.117,-0.061
841696245,0.0366,-0.0063,-1.0601,0.079,-0.178,-0.000
841709245,0.0371,-0.0078,-1.0605,-0.104,0.005,0.061
841722245,0.0396,-0.0063,-1.0566,0.079,-0.056,-0.061
841735245,0.0425,-0.0073,-1.0645,0.079,-0.239,0.366
841748245,0.0405,-0.0044,-1.0630,0.018,-0.117,-0.122
841761245,0.0396,-0.0073,-1.0669,0.018,-0.239,-0.061
841774245,0.0366,-0.0063,-1.0625,0.018,0.005,0.061
841787245,0.0425,-0.0024,-1.0659,0.140,0.128,-0.000
841800245,0.0396,-0.0078,-1.0605,-0.043,-0.239,0.061
841813245,0.0376,-0.0039,-1.0562,0.262,-0.178,-0.061
841826245,0.0386,-0.0073,-1.0615,-0.104,-0.361,0.122
841839245,0.0405,-0.0029,-1.0596,-0.043,-0.056,-0.122
841852245,0.0376,-0.0044,-1.0562,0.201,0.067,-0.122
841865245,0.0381,-0.0039,-1.0620,0.140,0.005,0.061
841878245,0.0342,-0.0063,-1.0615,0.079,0.005,-0.000
841891245,0.0386,-0.0068,-1.0693,-0.104,0.067,-0.000
841904245,0.0356,-0.0034,-1.0630,0.140,0.067,-0.061
841917245,0.0352,-0.0039,-1.0649,0.079,-0.361,0.061
841930245,0.0386,-0.0049,-1.0532,-0.043,0.067,-0.183
841943245,0.0430,-0.0073,-1.0669,-0.043,-0.056,-0.000
841956245,0.0405,-0.0073,-1.0615,0.018,0.128,0.305
841969245,0.0400,-0.0044,-1.0596,0.323,0.005,-0.122
841982245,0.0400,-0.0034,-1.0620,0.018,0.005,0.183
841995245,0.0430,-0.0059,-1.0610,0.201,0.067,-0.061
842008245,0.0386,-0.0107,-1.0635,0.262,0.005,-0.000
842021245,0.0410,-0.0078,-1.0615,0.018,0.005,0.183
842034245,0.0371,-0.0049,-1.0586,-0.349,0.067,-0.000
842047245,0.0386,-0.0020,-1.0635,0.140,-0.239,-0.122
842060245,0.0391,-0.0010,-1.0659,0.079,-0.178,0.061
842073245,0.0386,-0.0010,-1.0625,0.506,0.067,-0.244
842086245,0.0430,-0.0063,-1.0732,0.140,0.067,-0.000
842099245,0.0337,-0.0054,-1.0645,-0.104,-0.178,-0.183
842112245,0.0405,-0.0054,-1.0649,0.079,-0.056,0.061
842125245,0.0400,-0.0044,-1.0649,0.079,-0.056,-0.000
842138245,0.0376,-0.0039,-1.0630,-0.165,0.128,-0.061
842151245,0.0332,-0.0049,-1.0605,0.018,0.189,-0.000
842164245,0.0425,-0.0088,-1.0649,0.140,-0.178,-0.000
842177245,0.0400,-0.0107,-1.0645,0.079,0.005,0.061
842190245,0.0420,-0.0078,-1.0654,0.201,0.005,-0.061
842203245,0.0410,-0.0073,-1.0674,-0.104,-0.178,0.061
842216245,0.0366,-0.0059,-1.0659,0.018,0.067,-0.122
842229245,0.0371,-0.0054,-1.0645,-0.104,0.067,-0.061
842242245,0.0415,-0.0078,-1.0640,0.140,0.005,-0.000
842255245,0.0405,-0.0015,-1.0654,0.079,-0.178,-0.000
842268245,0.0381,-0.0059,-1.0654,0.079,-0.239,0.244
842281245,0.0361,-0.0073,-1.0610,0.201,0.005,0.061
842294245,0.0366,-0.0059,-1.0645,-0.165,0.067,-0.061
842307245,0.0405,-0.0044,-1.0605,-0.043,0.005,-0.000
842320245,0.0381,-0.0029,-1.0547,-0.165,0.005,-0.122
842333245,0.0396,-0.0049,-1.0625,0.018,0.067,-0.061
842346245,0.0410,-0.0093,-1.0698,-0.165,0.189,-0.000
842359245,0.0386,-0.0083,-1.0620,-0.043,-0.117,-0.244
842372245,0.0371,-0.0059,-1.0605,-0.043,0.189,0.122
842385245,0.0371,-0.0088,-1.0591,-0.043,-0.239,0.122
842398245,0.0405,-0.0078,-1.0615,0.079,0.128,-0.061
842411245,0.0396,-0.0088,-1.0645,0.262,-0.056,-0.061
842424245,0.0371,-0.0063,-1.0654,-0.104,0.067,0.122
842437245,0.0396,-0.0034,-1.0610,-0.104,0.067,0.122
842450245,0.0405,-0.0059,-1.0610,0.140,0.128,-0.000
842463245,0.0386,-0.0024,-1.0586,0.079,-0.178,0.183
842476245,0.0381,-0.0039,-1.0698,-0.226,0.128,-0.183
842489245,0.0352,-0.0078,-1.0635,0.262,-0.300,0.122
842502245,0.0391,-0.0029,-1.0605,0.018,0.005,-0.061
842515245,0.0391,-0.0078,-1.0615,0.079,-0.178,-0.061
842528245,0.0391,-0.0020,-1.0625,-0.287,-0.117,-0.000
842541245,0.0366,-0.0063,-1.0605,-0.226,0.067,0.183
842554245,0.0415,-0.0054,-1.0659,-0.043,0.128,-0.000
842567245,0.0391,-0.0024,-1.0664,-0.043,-0.239,0.061
842580245,0.0381,-0.0039,-1.0645,0.079,-0.117,-0.122
842593245,0.0396,-0.0059,-1.0640,0.079,-0.178,-0.183
842606245,0.0400,-0.0044,-1.0659,0.140,-0.178,0.122
842619245,0.0361,-0.0029,-1.0566,-0.165,-0.178,-0.183
842632245,0.0391,-0.0073,-1.0625,-0.104,-0.056,0.061
842645245,0.0391,-0.0068,-1.0635,-0.043,-0.117,-0.183
842658245,0.0396,-0.0039,-1.0625,0.018,-0.117,-0.000
842671245,0.0425,-0.0093,-1.0640,0.140,-0.056,-0.122
842684245,0.0391,-0.0073,-1.0693,-0.104,-0.117,-0.061
842697245,0.0410,-0.0024,-1.0610,0.079,0.128,-0.061
842710245,0.0376,-0.0063,-1.0601,-0.104,-0.117,-0.122
842723245,0.0337,-0.0034,-1.0625,0.018,-0.056,-0.183
842736245,0.0396,-0.0049,-1.0615,-0.165,0.005,-0.000
842749245,0.0386,-0.0083,-1.0610,-0.043,-0.056,0.122
842762245,0.0415,-0.0078,-1.0591,0.140,-0.056,0.061
842775245,0.0376,-0.0044,-1.0630,0.018,-0.117,0.305
842788245,0.0366,-0.0063,-1.0669,-0.043,-0.056,-0.061
842801245,0.0391,-0.0020,-1.0645,0.079,0.189,-0.183
842814245,0.0430,-0.0044,-1.0596,0.140,-0.056,-0.061
842827245,0.0371,-0.0088,-1.0625,-0.104,-0.056,-0.000
842840245,0.0376,-0.0122,-1.0674,-0.104,-0.117,-0.183
842853245,0.0371,-0.0083,-1.0581,0.140,-0.117,-0.061
842866245,0.0386,-0.0078,-1.0605,-0.104,-0.117,0.061
842879245,0.0386,-0.0059,-1.0625,0.445,-0.056,-0.061
842892245,0.0352,-0.0103,-1.0596,0.079,-0.178,0.061
842905245,0.0381,-0.0093,-1.0601,0.201,0.005,-0.244
842918245,0.0405,-0.0059,-1.0630,0.079,0.189,0.122
842931245,0.0381,-0.0068,-1.0581,-0.104,0.128,-0.000
842944245,0.0366,-0.0034,-1.0645,0.201,-0.056,-0.000
842957245,0.0396,-0.0059,-1.0581,0.079,0.128,0.183
842970245,0.0366,-0.0049,-1.0522,0.140,0.005,-0.061
842983245,0.0405,-0.0039,-1.0625,0.018,0.128,0.061
842996245,0.0376,-0.0044,-1.0552,0.079,0.067,0.061
843009245,0.0352,-0.0068,-1.0649,-0.226,0.067,0.061
843022245,0.0420,-0.0059,-1.0635,0.018,0.128,-0.183
843035245,0.0410,-0.0078,-1.0625,0.262,0.250,0.061
843048245,0.0356,-0.0049,-1.0630,-0.104,-0.361,-0.183
843061245,0.0376,-0.0063,-1.0601,-0.043,0.067,0.061
843074245,0.0420,-0.0078,-1.0615,0.018,-0.056,0.061
843087245,0.0405,-0.0068,-1.0635,-0.165,0.128,-0.183
843100245,0.0371,-0.0068,-1.0664,-0.104,-0.239,-0.122
843113245,0.0376,-0.0078,-1.0693,-0.043,0.067,0.061
843126245,0.0308,-0.0044,-1.0566,0.140,-0.056,-0.183
843139245,0.0410,-0.0078,-1.0688,0.018,-0.117,0.061
843152245,0.0361,-0.0068,-1.0630,0.201,-0.300,-0.183
843165245,0.0371,-0.0063,-1.0659,0.079,-0.239,0.061
843178245,0.0400,-0.0034,-1.0684,0.018,0.128,-0.000
843191245,0.0400,-0.0039,-1.0664,0.384,-0.178,0.061
843204245,0.0381,-0.0112,-1.0664,0.079,-0.178,-0.122
843217245,0.0376,-0.0049,-1.0679,0.018,-0.056,-0.061
843230245,0.0366,-0.0054,-1.0615,0.018,0.067,-0.000
843243245,0.0415,-0.0039,-1.0732,-0.165,-0.117,0.061
843256245,0.0356,-0.0068,-1.0605,-0.165,-0.117,0.061
843269245,0.0366,-0.0063,-1.0669,0.079,0.067,0.061
843282245,0.0396,-0.0073,-1.0664,0.262,-0.117,0.183
843295245,0.0366,-0.0083,-1.0679,-0.043,-0.056,-0.122
843308245,0.0410,-0.0034,-1.0645,0.140,0.005,-0.000
843321245,0.0396,-0.0078,-1.0615,0.262,-0.117,0.122
843334245,0.0420,-0.0063,-1.0562,0.140,-0.178,-0.366
843347245,0.0376,-0.0049,-1.0635,0.323,0.067,0.122
843360245,0.0405,-0.0068,-1.0576,-0.104,0.067,-0.000
843373245,0.0381,-0.0073,-1.0635,-0.104,0.005,-0.061
843386245,0.0371,-0.0063,-1.0659,0.018,-0.056,-0.122
843399245,0.0415,-0.0010,-1.0620,0.079,-0.178,-0.061
843412245,0.0356,-0.0034,-1.0684,0.018,0.311,0.061
843425245,0.0342,-0.0093,-1.0635,-0.104,-0.056,-0.000
843438245,0.0371,-0.0083,-1.0620,-0.165,0.067,0.183
843451245,0.0371,-0.0044,-1.0679,0.079,-0.056,-0.122
843464245,0.0386,-0.0073,-1.0586,0.079,-0.056,-0.061
843477245,0.0376,-0.0078,-1.0576,0.140,0.005,0.122
843490245,0.0386,-0.0103,-1.0645,0.018,0.189,0.061
843503245,0.0371,-0.0068,-1.0610,-0.043,-0.239,0.183
843516245,0.0396,-0.0059,-1.0659,-0.165,-0.178,-0.061
843529245,0.0391,-0.0093,-1.0674,0.018,-0.117,-0.061
843542245,0.0430,-0.0093,-1.0625,0.018,-0.239,-0.000
843555245,0.0405,-0.0044,-1.0669,0.262,-0.117,-0.122
843568245,0.0415,-0.0078,-1.0610,0.079,-0.056,-0.061
843581245,0.0361,-0.0044,-1.0576,0.018,-0.178,0.122
843594245,0.0386,-0.0044,-1.0649,-0.104,0.005,0.122
843607245,0.0376,-0.0029,-1.0654,-0.226,0.128,-0.061
843620245,0.0410,-0.0039,-1.0649,0.018,0.128,0.183
843633245,0.0361,-0.0059,-1.0620,0.079,-0.361,-0.122
843646245,0.0366,-0.0063,-1.0581,0.140,0.005,-0.244
843659245,0.0376,-0.0010,-1.0620,0.201,-0.117,-0.061
843672245,0.0386,-0.0044,-1.0581,0.262,0.005,0.061
843685245,0.0337,-0.0059,-1.0674,0.018,-0.117,-0.183
843698245,0.0347,-0.0088,-1.0615,-0.043,0.067,0.061
843711245,0.0405,-0.0034,-1.0596,0.079,-0.117,-0.000
843724245,0.0391,-0.0034,-1.0576,-0.165,0.128,-0.183
843737245,0.0376,-0.0063,-1.0625,0.140,0.067,0.122
843750245,0.0396,-0.0088,-1.0630,0.079,-0.178,-0.061
843763245,0.0352,-0.0068,-1.0601,-0.226,-0.178,0.122
843776245,0.0420,-0.0073,-1.0591,-0.226,0.494,-0.000
843789245,0.0386,-0.0073,-1.0620,-0.104,-0.117,0.061
843802245,0.0352,-0.0098,-1.0713,0.079,-0.117,-0.061
843815245,0.0391,-0.0068,-1.0688,0.323,-0.117,0.061
843828245,0.0405,-0.0059,-1.0659,0.079,0.189,0.122
843841245,0.0376,-0.0059,-1.0659,0.018,-0.056,-0.122
843854245,0.0361,-0.0088,-1.0669,0.079,-0.056,0.061
843867245,0.0396,-0.0078,-1.0596,-0.043,-0.056,-0.000
843880245,0.0405,-0.0005,-1.0625,-0.165,-0.056,-0.183
843893245,0.0400,-0.0059,-1.0576,-0.043,-0.239,0.061
843906245,0.0400,-0.0063,-1.0684,0.018,0.067,0.061
843919245,0.0396,-0.0039,-1.0630,0.079,-0.178,0.061
843932245,0.0405,-0.0059,-1.0659,0.079,0.005,-0.244
843945245,0.0435,-0.0083,-1.0620,0.018,0.005,-0.000
843958245,0.0386,-0.0068,-1.0669,0.018,-0.056,-0.061
843971245,0.0366,0.0000,-1.0679,0.079,0.128,-0.061
843984245,0.0410,-0.0073,-1.0591,-0.104,-0.300,-0.061
843997245,0.0371,-0.0078,-1.0576,-0.043,0.128,-0.122
844010245,0.0420,-0.0059,-1.0620,0.079,-0.117,-0.000
844023245,0.0386,-0.0054,-1.0669,0.079,-0.178,-0.122
844036245,0.0415,-0.0078,-1.0601,-0.226,-0.056,-0.183
844049245,0.0361,-0.0049,-1.0640,0.323,-0.178,-0.183
844062245,0.0361,-0.0044,-1.0630,-0.104,0.128,-0.000
844075245,0.0391,-0.0059,-1.0669,0.018,0.128,0.061
844088245,0.0391,-0.0098,-1.0645,0.140,-0.300,-0.183
844101245,0.0376,-0.0073,-1.0625,0.079,-0.117,-0.061
844114245,0.0352,-0.0063,-1.0601,0.201,-0.300,0.061
844127245,0.0376,-0.0078,-1.0615,0.140,0.067,0.183
844140245,0.0381,-0.0068,-1.0679,0.018,0.250,-0.122
844153245,0.0361,-0.0054,-1.0615,-0.104,0.067,-0.000
844166245,0.0347,-0.0020,-1.0586,-0.043,-0.056,-0.183
844179245,0.0352,-0.0054,-1.0635,0.140,-0.117,-0.183
844192245,0.0415,-0.0063,-1.0605,0.201,-0.178,0.122
844205245,0.0352,-0.0049,-1.0571,-0.104,-0.239,0.061
844218245,0.0444,-0.0049,-1.0640,0.079,0.189,-0.183
844231245,0.0342,-0.0068,-1.0610,0.140,-0.117,0.122
844244245,0.0430,-0.0083,-1.0601,0.079,0.005,-0.122
844257245,0.0391,-0.0049,-1.0649,0.140,-0.178,0.061
844270245,0.0352,-0.0068,-1.0596,0.201,-0.239,-0.183
844283245,0.0396,-0.0068,-1.0620,-0.226,0.005,0.122
844296245,0.0386,-0.0088,-1.0610,0.079,-0.178,-0.122
844309245,0.0371,-0.0068,-1.0630,-0.043,0.005,-0.122
844322245,0.0386,-0.0063,-1.0654,0.018,-0.117,-0.122
844335245,0.0415,-0.0029,-1.0620,0.079,0.005,-0.122
844348245,0.0352,-0.0073,-1.0640,0.201,-0.056,0.183
844361245,0.0410,-0.0088,-1.0659,-0.104,-0.117,-0.122
844374245,0.0400,-0.0063,-1.0615,-0.165,-0.117,-0.061
844387245,0.0376,-0.0029,-1.0664,0.079,0.005,-0.061
844400245,0.0376,-0.0049,-1.0610,-0.043,-0.056,-0.000
844413245,0.0371,-0.0078,-1.0664,0.079,-0.056,-0.122
844426245,0.0366,-0.0039,-1.0630,-0.043,0.128,-0.061
844439245,0.0381,-0.0049,-1.0649,-0.043,-0.117,-0.061
844452245,0.0342,-0.0063,-1.0576,-0.165,-0.117,-0.061
844465245,0.0396,-0.0044,-1.0659,-0.165,-0.178,-0.000
844478245,0.0327,-0.0063,-1.0630,0.140,0.005,-0.061
844491245,0.0405,-0.0063,-1.0659,0.140,-0.361,-0.183
844504245,0.0396,-0.0068,-1.0620,0.018,-0.056,-0.000
844517245,0.0356,-0.0068,-1.0615,-0.043,0.128,-0.061
844530245,0.0391,-0.0063,-1.0586,0.140,0.067,-0.000
844543245,0.0391,-0.0073,-1.0610,0.018,-0.239,-0.000
844556245,0.0410,-0.0059,-1.0635,-0.043,0.005,-0.122
844569245,0.0366,-0.0098,-1.0664,0.018,0.128,-0.000
844582245,0.0386,-0.0073,-1.0640,0.262,-0.117,0.061
844595245,0.0366,-0.0073,-1.0659,-0.104,-0.178,-0.000
844608245,0.0396,-0.0059,-1.0625,0.201,0.005,0.305
844621245,0.0361,-0.0049,-1.0620,-0.104,-0.178,-0.000
844634245,0.0410,-0.0044,-1.0693,-0.165,-0.056,-0.000
844647245,0.0396,-0.0078,-1.0664,0.201,0.005,0.061
844660245,0.0405,-0.0078,-1.0615,0.018,0.005,-0.000
844673245,0.0366,-0.0083,-1.0625,-0.043,-0.117,0.061
844686245,0.0356,-0.0044,-1.0596,-0.104,-0.056,-0.000
844699245,0.0381,-0.0039,-1.0630,0.140,-0.056,-0.000
844712245,0.0352,-0.0054,-1.0537,-0.043,-0.056,-0.122
844725245,0.0361,-0.0044,-1.0645,0.018,0.005,-0.061
844738245,0.0391,-0.0073,-1.0625,0.079,-0.300,-0.000
844751245,0.0415,-0.0054,-1.0625,0.201,0.128,0.061
844764245,0.0366,-0.0068,-1.0610,-0.104,-0.056,0.122
844777245,0.0386,-0.0068,-1.0547,-0.104,-0.056,-0.000
844790245,0.0381,-0.0088,-1.0640,0.140,0.067,0.122
844803245,0.0391,-0.0059,-1.0630,-0.165,-0.117,-0.061
844816245,0.0391,-0.0103,-1.0620,-0.287,-0.056,0.122
844829245,0.0415,-0.0063,-1.0664,-0.104,0.005,0.122
844842245,0.0396,-0.0054,-1.0586,0.018,-0.178,0.122
844855245,0.0361,-0.0068,-1.0596,0.201,0.189,0.244
844868245,0.0347,-0.0044,-1.0630,-0.043,0.005,-0.122
844881245,0.0396,-0.0059,-1.0659,-0.043,0.067,0.061
844894245,0.0371,-0.0020,-1.0601,-0.043,-0.056,-0.183
844907245,0.0400,-0.0039,-1.0620,-0.165,-0.117,0.061
844920245,0.0396,-0.0073,-1.0679,0.018,-0.117,-0.122
844933245,0.0405,-0.0044,-1.0586,-0.043,0.067,-0.061
844946245,0.0376,-0.0054,-1.0591,0.018,-0.178,-0.122
844959245,0.0386,-0.0059,-1.0601,-0.043,0.128,0.122
844972245,0.0371,-0.0059,-1.0664,-0.043,0.250,0.122
844985245,0.0376,-0.0044,-1.0610,0.323,-0.056,0.183
844998245,0.0430,-0.0039,-1.0664,0.140,0.067,-0.122
845011245,0.0415,-0.0039,-1.0605,-0.104,0.005,-0.000
845024245,0.0381,-0.0054,-1.0615,-0.226,-0.178,0.061
845037245,0.0425,-0.0059,-1.0596,0.018,0.128,0.122
845050245,0.0376,-0.0073,-1.0610,0.018,0.128,0.122
845063245,0.0405,-0.0063,-1.0596,0.201,0.189,0.122
845076245,0.0415,-0.0039,-1.0688,-0.165,0.005,0.061
845089245,0.0381,-0.0068,-1.0630,-0.165,-0.117,-0.000
845102245,0.0366,-0.0073,-1.0635,0.079,0.067,0.183
845115245,0.0371,-0.0029,-1.0601,0.201,0.005,0.183
845128245,0.0371,-0.0034,-1.0649,0.018,-0.178,-0.061
845141245,0.0381,-0.0088,-1.0601,0.140,-0.117,-0.183
845154245,0.0376,-0.0039,-1.0659,0.140,0.067,0.061
845167245,0.0400,-0.0054,-1.0576,-0.043,-0.239,0.122
845180245,0.0415,-0.0034,-1.0703,-0.226,0.005,-0.061
845193245,0.0376,-0.0049,-1.0625,-0.287,-0.056,0.061
845206245,0.0386,-0.0044,-1.0674,0.018,0.128,-0.061
845219245,0.0347,-0.0073,-1.0610,0.018,-0.117,0.244
845232245,0.0386,-0.0083,-1.0605,0.079,0.005,-0.061
845245245,0.0405,-0.0054,-1.0615,-0.043,-0.239,-0.244
845258245,0.0415,-0.0049,-1.0630,-0.043,0.005,-0.122
845271245,0.0400,-0.0132,-1.0615,0.140,-0.056,0.244
845284245,0.0371,-0.0103,-1.0669,-0.104,0.005,0.122
845297245,0.0391,-0.0054,-1.0620,-0.226,-0.117,-0.122
845310245,0.0361,-0.0073,-1.0610,-0.104,-0.117,0.061
845323245,0.0396,-0.0063,-1.0542,0.140,-0.056,-0.244
845336245,0.0381,-0.0005,-1.0645,-0.104,-0.239,-0.061
845349245,0.0400,-0.0034,-1.0610,0.140,-0.300,-0.061
845362245,0.0410,-0.0073,-1.0576,-0.043,-0.056,-0.061
845375245,0.0361,-0.0044,-1.0586,0.079,-0.117,-0.061
845388245,0.0366,-0.0059,-1.0591,-0.226,0.067,0.061
845401245,0.0381,-0.0068,-1.0635,0.140,0.005,-0.183
845414245,0.0410,-0.0044,-1.0625,-0.043,0.005,-0.000
845427245,0.0405,-0.0054,-1.0601,-0.043,-0.056,0.122
845440245,0.0381,-0.0039,-1.0684,-0.043,-0.117,0.122
845453245,0.0332,-0.0024,-1.0620,-0.104,-0.056,0.122
845466245,0.0356,-0.0078,-1.0615,0.018,-0.056,-0.122
845479245,0.0366,-0.0068,-1.0596,-0.165,0.005,-0.122
845492245,0.0381,-0.0078,-1.0537,0.140,-0.178,0.061
845505245,0.0332,-0.0068,-1.0698,0.079,0.067,-0.061
845518245,0.0361,-0.0039,-1.0640,0.079,-0.117,0.183
845531245,0.0381,-0.0098,-1.0576,-0.104,-0.056,-0.122
845544245,0.0410,-0.0024,-1.0571,0.018,0.005,-0.000
845557245,0.0396,-0.0039,-1.0625,0.079,0.005,0.122
845570245,0.0347,-0.0034,-1.0566,-0.287,-0.117,0.061
845583245,0.0405,-0.0054,-1.0649,-0.043,0.005,0.122
845596245,0.0361,-0.0063,-1.0562,0.079,-0.178,0.061
845609245,0.0425,-0.0049,-1.0684,-0.043,0.250,-0.000
845622245,0.0352,-0.0068,-1.0605,-0.043,0.005,-0.061
845635245,0.0361,-0.0029,-1.0654,0.140,-0.056,0.122
845648245,0.0400,-0.0049,-1.0601,0.018,-0.178,-0.122
845661245,0.0386,-0.0039,-1.0645,-0.043,-0.117,-0.122
845674245,0.0376,-0.0044,-1.0620,0.079,-0.056,-0.000
845687245,0.0415,-0.0039,-1.0679,0.140,0.250,-0.061
845700245,0.0361,-0.0078,-1.0591,-0.043,-0.056,-0.000
845713245,0.0381,-0.0049,-1.0635,-0.104,-0.117,0.061
845726245,0.0356,-0.0068,-1.0640,0.140,0.005,-0.000
845739245,0.0410,-0.0039,-1.0620,0.079,-0.056,-0.061
845752245,0.0396,-0.0054,-1.0605,-0.043,-0.117,-0.122
845765245,0.0371,-0.0078,-1.0601,0.018,-0.422,-0.061
845778245,0.0435,-0.0073,-1.0615,0.201,-0.056,0.183
845791245,0.0425,-0.0083,-1.0645,0.201,0.067,-0.061
845804245,0.0371,-0.0044,-1.0635,0.018,-0.178,-0.122
845817245,0.0366,-0.0059,-1.0713,0.079,0.005,-0.122
845830245,0.0386,-0.0034,-1.0625,0.079,-0.056,0.122
845843245,0.0386,-0.0063,-1.0630,-0.043,0.067,-0.000
845856245,0.0361,-0.0073,-1.0620,0.140,-0.239,-0.000
845869245,0.0361,-0.0044,-1.0620,0.140,0.128,0.061
845882245,0.0391,-0.0068,-1.0645,-0.043,0.189,-0.183
845895245,0.0381,-0.0068,-1.0640,-0.043,0.128,-0.000
845908245,0.0400,-0.0049,-1.0605,0.140,-0.117,-0.122
845921245,0.0396,-0.0059,-1.0640,0.140,-0.056,0.183
845934245,0.0356,-0.0088,-1.0630,-0.165,0.005,-0.061
845947245,0.0381,-0.0073,-1.0601,-0.104,-0.117,0.183
845960245,0.0396,-0.0063,-1.0625,-0.043,-0.239,-0.000
845973245,0.0371,-0.0059,-1.0635,-0.104,-0.117,-0.061
845986245,0.0376,-0.0049,-1.0635,0.201,-0.117,-0.061
845999245,0.0405,-0.0083,-1.0605,-0.165,-0.056,0.122
846012245,0.0415,-0.0063,-1.0649,0.018,-0.056,-0.000
846025245,0.0352,-0.0088,-1.0688,0.018,0.005,-0.305
846038245,0.0415,-0.0088,-1.0576,-0.287,-0.239,0.061
846051245,0.0361,-0.0093,-1.0620,0.018,-0.300,0.061
846064245,0.0386,-0.0024,-1.0625,-0.043,-0.178,0.061
846077245,0.0371,-0.0049,-1.0630,0.079,-0.056,-0.000
846090245,0.0376,-0.0049,-1.0640,-0.043,-0.117,-0.000
846103245,0.0347,-0.0049,-1.0605,-0.104,-0.117,-0.061
846116245,0.0366,-0.0068,-1.0630,-0.226,0.250,0.061
846129245,0.0410,-0.0034,-1.0635,0.140,0.067,-0.061
846142245,0.0391,-0.0098,-1.0571,0.018,-0.117,0.061
846155245,0.0386,-0.0068,-1.0620,0.140,-0.178,-0.000
846168245,0.0371,-0.0039,-1.0620,-0.104,-0.239,0.061
846181245,0.0376,-0.0068,-1.0596,0.140,-0.178,0.061
846194245,0.0400,-0.0078,-1.0615,-0.043,-0.056,-0.244
846207245,0.0386,-0.0078,-1.0659,0.140,0.250,-0.122
846220245,0.0386,-0.0039,-1.0630,0.201,-0.056,0.183
846233245,0.0366,-0.0044,-1.0640,0.018,-0.056,-0.061
846246245,0.0391,-0.0044,-1.0669,-0.043,-0.056,0.305
846259245,0.0400,-0.0063,-1.0596,0.018,-0.117,-0.061
846272245,0.0361,-0.0078,-1.0649,0.018,0.005,-0.244
846285245,0.0396,-0.0068,-1.0625,-0.043,-0.056,-0.061
846298245,0.0415,-0.0049,-1.0596,-0.104,0.250,-0.183
846311245,0.0400,-0.0059,-1.0601,-0.043,0.005,0.061
846324245,0.0405,-0.0044,-1.0679,0.201,0.067,0.061
846337245,0.0410,-0.0063,-1.0566,-0.043,0.067,-0.122
846350245,0.0376,-0.0024,-1.0576,-0.104,0.067,0.061
846363245,0.0366,-0.0083,-1.0547,-0.104,-0.178,-0.183
846376245,0.0381,-0.0078,-1.0640,0.018,-0.117,-0.244
846389245,0.0391,-0.0024,-1.0630,0.018,-0.178,-0.061
846402245,0.0386,-0.0054,-1.0640,0.079,-0.178,-0.000
846415245,0.0381,-0.0029,-1.0581,0.140,0.128,-0.000
846428245,0.0386,-0.0044,-1.0591,-0.104,0.128,0.305
846441245,0.0361,-0.0068,-1.0640,-0.165,-0.056,-0.000
846454245,0.0356,-0.0063,-1.0610,0.262,-0.056,-0.183
846467245,0.0366,-0.0054,-1.0679,-0.165,-0.056,0.122
846480245,0.0376,-0.0068,-1.0630,-0.165,0.005,-0.061
846493245,0.0420,-0.0068,-1.0620,0.018,0.067,-0.183
846506245,0.0405,-0.0054,-1.0630,0.140,0.005,0.305
846519245,0.0410,-0.0073,-1.0649,0.079,0.005,-0.122
846532245,0.0381,-0.0063,-1.0630,-0.043,-0.056,-0.122
846545245,0.0396,-0.0103,-1.0630,-0.043,-0.056,0.061
846558245,0.0352,-0.0044,-1.0664,-0.104,-0.300,-0.000
846571245,0.0391,-0.0063,-1.0596,0.079,0.005,-0.122
846584245,0.0356,-0.0049,-1.0620,-0.043,0.128,0.183
846597245,0.0352,-0.0068,-1.0610,0.018,-0.056,0.183
846610245,0.0391,-0.0039,-1.0659,-0.104,-0.117,-0.244
846623245,0.0371,-0.0068,-1.0596,0.018,-0.239,0.061
846636245,0.0400,-0.0054,-1.0596,0.140,-0.178,0.122
846649245,0.0391,-0.0039,-1.0591,-0.104,-0.117,-0.000
846662245,0.0366,-0.0078,-1.0581,-0.165,0.005,0.061
846675245,0.0332,-0.0054,-1.0566,-0.043,0.250,0.122
846688245,0.0396,-0.0063,-1.0601,-0.226,-0.239,-0.000
846701245,0.0376,-0.0083,-1.0679,0.079,-0.178,-0.000
846714245,0.0376,-0.0054,-1.0552,0.018,-0.239,-0.183
846727245,0.0381,-0.0044,-1.0596,-0.104,-0.056,-0.061
846740245,0.0356,-0.0039,-1.0640,-0.043,-0.056,-0.122
846753245,0.0386,-0.0039,-1.0669,0.262,0.067,-0.183
846766245,0.0371,-0.0059,-1.0654,-0.104,-0.056,-0.000
846779245,0.0381,-0.0068,-1.0654,0.079,-0.056,0.061
846792245,0.0425,-0.0029,-1.0591,0.079,-0.117,-0.061
846805245,0.0435,-0.0068,-1.0718,-0.165,-0.117,0.183
846818245,0.0420,-0.0054,-1.0625,0.079,0.128,0.122
846831245,0.0391,-0.0039,-1.0640,0.140,-0.239,0.183
846844245,0.0376,-0.0054,-1.0664,-0.104,-0.239,-0.122
846857245,0.0386,-0.0034,-1.0674,-0.104,-0.178,-0.000
846870245,0.0396,-0.0034,-1.0601,0.018,-0.178,0.122
846883245,0.0400,-0.0059,-1.0679,-0.165,0.005,0.183
846896245,0.0386,-0.0029,-1.0649,0.201,0.005,0.061
846909245,0.0376,-0.0054,-1.0635,-0.043,-0.178,-0.000
846922245,0.0381,-0.0098,-1.0630,0.262,-0.117,-0.122
846935245,0.0391,-0.0068,-1.0625,0.201,-0.117,-0.061
846948245,0.0381,-0.0073,-1.0630,0.201,-0.239,-0.366
846961245,0.0391,-0.0073,-1.0664,0.140,0.189,-0.122
846974245,0.0376,-0.0063,-1.0601,0.018,-0.361,0.122
846987245,0.0386,-0.0039,-1.0635,-0.104,-0.178,-0.000
847000245,0.0415,-0.0039,-1.0674,0.079,-0.239,-0.000
847013245,0.0361,-0.0039,-1.0620,0.079,-0.056,0.061
847026245,0.0381,-0.0083,-1.0620,-0.165,-0.178,-0.244
847039245,0.0356,-0.0078,-1.0581,0.018,-0.056,-0.000
847052245,0.0361,-0.0078,-1.0596,-0.165,-0.056,-0.183
847065245,0.0396,-0.0044,-1.0601,-0.104,0.067,-0.000
847078245,0.0342,-0.0068,-1.0571,-0.043,-0.117,-0.061
847091245,0.0371,-0.0068,-1.0625,0.140,-0.056,-0.000
847104245,0.0405,-0.0044,-1.0630,0.079,-0.117,-0.061
847117245,0.0405,-0.0029,-1.0654,-0.226,0.005,-0.000
847130245,0.0410,-0.0054,-1.0654,0.201,-0.117,0.244
847143245,0.0337,-0.0034,-1.0591,0.201,0.005,0.122
847156245,0.0396,-0.0039,-1.0601,0.018,-0.239,-0.061
847169245,0.0415,-0.0059,-1.0620,-0.043,0.005,0.305
847182245,0.0430,-0.0054,-1.0635,-0.043,-0.178,-0.000
847195245,0.0435,-0.0063,-1.0679,-0.043,-0.056,0.183
847208245,0.0396,-0.0098,-1.0586,0.018,-0.361,0.183
847221245,0.0381,-0.0073,-1.0615,0.079,-0.056,0.061
847234245,0.0386,-0.0059,-1.0601,0.140,-0.178,0.061
847247245,0.0396,-0.0063,-1.0649,-0.043,-0.178,-0.000
847260245,0.0400,-0.0039,-1.0605,0.201,-0.300,-0.183
847273245,0.0405,-0.0049,-1.0669,0.201,-0.056,-0.000
847286245,0.0366,-0.0073,-1.0645,0.079,0.067,-0.000
847299245,0.0381,-0.0039,-1.0659,-0.043,0.067,0.122
847312245,0.0332,-0.0088,-1.0615,0.018,-0.117,-0.122
847325245,0.0410,-0.0068,-1.0669,0.018,-0.178,0.122
847338245,0.0322,-0.0044,-1.0605,0.018,0.067,0.061
847351245,0.0391,-0.0059,-1.0610,0.018,0.005,0.061
847364245,0.0386,-0.0117,-1.0635,0.079,0.128,-0.061
847377245,0.0410,-0.0054,-1.0601,-0.165,-0.178,-0.061
847390245,0.0396,-0.0029,-1.0605,-0.104,-0.117,0.122
847403245,0.0400,-0.0088,-1.0640,-0.104,0.005,-0.122
847416245,0.0391,-0.0063,-1.0659,0.079,-0.056,0.061
847429245,0.0376,-0.0049,-1.0620,-0.043,0.005,-0.122
847442245,0.0420,-0.0063,-1.0654,0.018,0.005,0.061
847455245,0.0376,-0.0059,-1.0615,-0.104,-0.056,-0.000
847468245,0.0347,-0.0049,-1.0601,0.018,-0.239,-0.122
847481245,0.0381,-0.0059,-1.0640,-0.043,-0.056,-0.244
847494245,0.0391,-0.0034,-1.0610,0.079,-0.056,-0.000
847507245,0.0381,-0.0078,-1.0635,0.079,-0.117,-0.061
847520245,0.0400,-0.0015,-1.0649,-0.043,-0.056,-0.000
847533245,0.0366,-0.0078,-1.0645,0.079,0.005,0.061
847546245,0.0405,-0.0054,-1.0601,-0.043,-0.056,-0.122
847559245,0.0347,-0.0024,-1.0640,0.079,-0.056,0.122
847572245,0.0396,-0.0083,-1.0615,0.079,0.067,0.061
847585245,0.0366,-0.0059,-1.0547,0.079,-0.056,-0.061
847598245,0.0405,-0.0059,-1.0630,0.140,0.005,-0.061
847611245,0.0376,-0.0034,-1.0659,-0.043,0.250,0.122
847624245,0.0469,-0.0054,-1.0635,0.018,-0.117,0.183
847637245,0.0425,-0.0049,-1.0630,-0.104,-0.178,-0.000
847650245,0.0386,-0.0063,-1.0674,0.201,0.067,-0.000
847663245,0.0425,-0.0039,-1.0645,0.018,-0.239,-0.000
847676245,0.0352,-0.0073,-1.0601,0.079,-0.178,-0.000
847689245,0.0342,-0.0005,-1.0552,0.079,-0.239,-0.061
847702245,0.0415,-0.0088,-1.0625,0.140,-0.361,-0.061
847715245,0.0400,-0.0059,-1.0635,0.079,-0.178,-0.061
847728245,0.0400,-0.0063,-1.0596,0.018,0.067,-0.122
847741245,0.0386,-0.0049,-1.0645,-0.043,-0.300,-0.000
847754245,0.0381,-0.0059,-1.0591,0.018,-0.056,0.061
847767245,0.0410,-0.0044,-1.0645,0.018,-0.056,-0.000
847780245,0.0415,-0.0073,-1.0645,0.140,-0.178,-0.000
847793245,0.0356,-0.0073,-1.0605,0.018,-0.056,0.305
847806245,0.0376,-0.0029,-1.0640,0.018,-0.361,0.122
847819245,0.0376,-0.0068,-1.0581,-0.043,0.128,0.183
847832245,0.0430,-0.0059,-1.0605,0.079,0.311,-0.061
847845245,0.0381,-0.0054,-1.0664,-0.104,-0.117,-0.000
847858245,0.0376,-0.0068,-1.0640,-0.043,-0.117,0.244
847871245,0.0347,-0.0044,-1.0576,-0.043,0.128,-0.000
847884245,0.0425,-0.0078,-1.0654,0.018,-0.117,0.183
847897245,0.0376,-0.0098,-1.0615,-0.165,0.128,-0.122
847910245,0.0396,-0.0024,-1.0693,0.018,0.005,-0.122
847923245,0.0356,-0.0088,-1.0586,0.018,-0.178,0.061
847936245,0.0396,-0.0068,-1.0664,0.140,-0.056,0.061
847949245,0.0400,-0.0078,-1.0654,0.018,0.250,0.122
847962245,0.0371,-0.0068,-1.0659,-0.104,0.005,0.122
847975245,0.0425,-0.0059,-1.0645,-0.104,-0.117,-0.183
847988245,0.0405,-0.0068,-1.0659,0.079,0.128,0.061
848001245,0.0391,-0.0044,-1.0630,0.079,-0.056,-0.061
848014245,0.0381,-0.0054,-1.0669,-0.104,0.128,0.061
848027245,0.0405,-0.0024,-1.0640,0.018,-0.239,-0.061
848040245,0.0376,-0.0073,-1.0674,0.079,-0.117,-0.061
848053245,0.0396,-0.0044,-1.0581,-0.104,-0.300,-0.122
848066245,0.0405,-0.0054,-1.0654,-0.104,-0.117,0.061
848079245,0.0361,-0.0059,-1.0674,-0.043,0.005,-0.000
848092245,0.0347,-0.0059,-1.0654,-0.043,-0.117,-0.000
848105245,0.0386,-0.0054,-1.0649,-0.226,-0.300,-0.122
848118245,0.0381,-0.0103,-1.0586,0.018,0.005,0.122
848131245,0.0430,-0.0068,-1.0625,-0.165,0.005,-0.000
848144245,0.0410,-0.0049,-1.0596,-0.165,0.067,-0.183
848157245,0.0386,-0.0078,-1.0571,0.079,-0.117,0.061
848170245,0.0415,-0.0093,-1.0645,-0.043,0.005,0.061
848183245,0.0347,-0.0103,-1.0566,-0.165,-0.178,-0.183
848196245,0.0396,-0.0073,-1.0547,-0.165,-0.239,0.122
848209245,0.0405,-0.0098,-1.0615,-0.165,0.005,-0.000
848222245,0.0381,-0.0024,-1.0640,0.018,-0.117,0.122
848235245,0.0400,-0.0054,-1.0601,0.018,0.067,0.183
848248245,0.0391,-0.0088,-1.0620,-0.043,-0.117,-0.122
848261245,0.0420,-0.0093,-1.0645,0.079,-0.056,-0.000
848274245,0.0376,-0.0068,-1.0615,0.018,-0.178,0.061
848287245,0.0371,-0.0020,-1.0640,0.079,0.311,-0.122
848300245,0.0391,-0.0034,-1.0728,0.018,-0.178,-0.122
848313245,0.0371,-0.0088,-1.0596,-0.104,-0.178,-0.000
848326245,0.0337,-0.0063,-1.0615,0.140,-0.056,-0.061
848339245,0.0386,-0.0054,-1.0581,0.079,-0.178,-0.000
848352245,0.0396,-0.0034,-1.0645,0.079,-0.239,-0.061
848365245,0.0396,-0.0078,-1.0620,-0.104,-0.056,-0.183
848378245,0.0381,-0.0054,-1.0645,-0.226,0.005,-0.061
848391245,0.0400,-0.0054,-1.0640,0.018,0.250,-0.000
848404245,0.0376,-0.0073,-1.0620,0.140,-0.117,-0.061
848417245,0.0444,-0.0078,-1.0635,-0.165,-0.117,0.122
848430245,0.0361,-0.0063,-1.0601,-0.043,0.005,-0.061
848443245,0.0396,-0.0044,-1.0620,0.079,-0.117,-0.061
848456245,0.0381,-0.0098,-1.0557,-0.226,-0.239,-0.000
848469245,0.0376,-0.0088,-1.0601,-0.104,-0.178,-0.183
848482245,0.0391,-0.0073,-1.0649,0.018,-0.117,0.122
848495245,0.0396,-0.0083,-1.0664,0.140,-0.239,0.122
848508245,0.0361,-0.0083,-1.0649,0.079,-0.117,-0.061
848521245,0.0376,-0.0034,-1.0645,0.079,0.005,-0.000
848534245,0.0420,-0.0049,-1.0620,0.201,-0.178,0.061
848547245,0.0435,-0.0049,-1.0664,0.079,0.128,0.061
848560245,0.0381,-0.0020,-1.0596,-0.043,0.189,0.061
848573245,0.0396,-0.0034,-1.0649,0.018,-0.117,-0.000
848586245,0.0356,-0.0015,-1.0576,0.018,0.005,0.183
848599245,0.0400,-0.0107,-1.0605,0.079,0.189,-0.000
848612245,0.0366,-0.0044,-1.0669,0.140,-0.178,0.183
848625245,0.0381,-0.0063,-1.0664,0.140,0.005,-0.183
848638245,0.0396,-0.0044,-1.0586,0.140,-0.056,-0.000
848651245,0.0371,-0.0005,-1.0713,-0.043,0.005,0.122
848664245,0.0405,-0.0078,-1.0620,-0.104,0.067,-0.122
848677245,0.0366,-0.0024,-1.0659,-0.043,-0.056,0.183
848690245,0.0361,-0.0029,-1.0684,-0.165,-0.117,-0.122
848703245,0.0410,-0.0088,-1.0679,0.018,-0.117,-0.061
848716245,0.0366,-0.0020,-1.0649,0.201,-0.117,-0.000
848729245,0.0361,-0.0063,-1.0659,0.201,0.067,0.061
848742245,0.0381,-0.0063,-1.0630,-0.043,-0.056,-0.000
848755245,0.0396,-0.0039,-1.0654,0.018,0.128,0.061
848768245,0.0381,-0.0059,-1.0610,0.140,-0.239,0.122
848781245,0.0371,-0.0068,-1.0635,0.079,-0.117,0.061
848794245,0.0347,-0.0098,-1.0625,0.201,0.067,0.061
848807245,0.0391,-0.0068,-1.0654,0.079,-0.178,-0.000
848820245,0.0376,-0.0020,-1.0684,-0.043,-0.056,0.061
848833245,0.0371,-0.0049,-1.0615,-0.043,0.128,-0.061
848846245,0.0376,-0.0039,-1.0649,-0.349,-0.361,-0.183
848859245,0.0347,-0.0063,-1.0615,0.018,0.128,0.244
848872245,0.0386,-0.0093,-1.0630,-0.043,-0.117,-0.122
848885245,0.0386,-0.0054,-1.0640,-0.104,-0.239,0.183
848898245,0.0371,-0.0020,-1.0649,0.140,0.372,0.244
848911245,0.0430,-0.0088,-1.0674,-0.043,-0.056,0.122
848924245,0.0361,-0.0039,-1.0576,-0.165,0.128,0.061
848937245,0.0396,-0.0068,-1.0576,-0.043,-0.300,-0.000
848950245,0.0366,-0.0044,-1.0576,-0.043,-0.117,-0.061
848963245,0.0371,-0.0054,-1.0649,0.018,-0.239,-0.061
848976245,0.0361,-0.0068,-1.0601,-0.104,-0.117,-0.000
848989245,0.0386,-0.0107,-1.0620,0.079,-0.056,-0.183
849002245,0.0391,-0.0073,-1.0649,-0.165,0.250,-0.061
849015245,0.0391,-0.0020,-1.0654,0.079,0.005,-0.122
849028245,0.0410,-0.0078,-1.0630,0.079,-0.117,0.061
849041245,0.0386,-0.0073,-1.0664,0.140,0.005,0.183
849054245,0.0347,-0.0068,-1.0532,0.140,0.005,-0.122
849067245,0.0356,-0.0078,-1.0596,0.018,-0.056,-0.000
849080245,0.0415,-0.0029,-1.0654,0.018,-0.056,0.061
849093245,0.0386,-0.0093,-1.0625,-0.043,0.005,-0.000
849106245,0.0342,-0.0073,-1.0654,0.140,-0.056,-0.061
849119245,0.0366,-0.0049,-1.0649,0.018,-0.239,0.122
849132245,0.0386,-0.0039,-1.0654,0.079,-0.056,-0.000
849145245,0.0391,-0.0073,-1.0625,0.201,0.005,0.122
849158245,0.0386,-0.0068,-1.0645,-0.104,-0.056,-0.000
849171245,0.0396,-0.0039,-1.0630,0.201,-0.239,-0.000
849184245,0.0376,-0.0054,-1.0605,0.262,0.128,-0.000
849197245,0.0371,-0.0068,-1.0591,-0.104,0.005,-0.000
849210245,0.0356,-0.0049,-1.0635,-0.104,-0.178,0.061
849223245,0.0386,-0.0068,-1.0581,0.018,-0.117,-0.122
849236245,0.0386,-0.0093,-1.0703,-0.043,0.311,0.061
849249245,0.0381,-0.0073,-1.0566,-0.104,-0.117,-0.000
849262245,0.0356,-0.0098,-1.0576,0.079,-0.056,-0.061
849275245,0.0352,-0.0029,-1.0591,-0.104,0.005,-0.000
849288245,0.0405,-0.0044,-1.0630,-0.165,0.005,-0.183
849301245,0.0391,-0.0068,-1.0674,0.262,-0.178,0.183
849314245,0.0376,-0.0063,-1.0684,0.018,0.067,-0.061
849327245,0.0366,-0.0054,-1.0576,0.079,-0.056,0.122
849340245,0.0386,-0.0039,-1.0640,-0.043,-0.117,-0.122
849353245,0.0366,-0.0029,-1.0596,0.079,-0.178,-0.061
849366245,0.0396,-0.0068,-1.0625,-0.104,0.128,-0.122
849379245,0.0342,-0.0078,-1.0601,0.079,-0.178,-0.183
849392245,0.0396,-0.0078,-1.0737,0.079,0.005,-0.000
849405245,0.0391,-0.0044,-1.0615,-0.043,0.067,0.061
849418245,0.0410,-0.0083,-1.0645,0.079,0.067,-0.122
849431245,0.0376,-0.0088,-1.0620,-0.165,-0.117,-0.183
849444245,0.0396,-0.0029,-1.0605,-0.104,0.250,0.183
849457245,0.0371,-0.0039,-1.0610,0.201,0.067,-0.122
849470245,0.0376,-0.0044,-1.0693,-0.043,-0.300,0.183
849483245,0.0366,-0.0044,-1.0615,-0.104,-0.178,-0.061
849496245,0.0396,-0.0054,-1.0557,-0.104,-0.178,-0.183
849509245,0.0361,-0.0049,-1.0581,0.018,0.128,-0.122
849522245,0.0327,-0.0034,-1.0669,-0.043,0.128,-0.000
849535245,0.0381,-0.0034,-1.0581,-0.287,0.005,0.061
849548245,0.0386,-0.0068,-1.0581,0.140,0.067,-0.122
849561245,0.0361,-0.0078,-1.0630,0.140,0.067,0.061
849574245,0.0366,-0.0068,-1.0645,0.018,-0.239,-0.061
849587245,0.0396,-0.0049,-1.0571,-0.043,-0.056,-0.183
849600245,0.0391,-0.0063,-1.0620,0.323,0.005,-0.000
849613245,0.0439,-0.0068,-1.0547,-0.043,-0.178,0.061
849626245,0.0430,-0.0068,-1.0645,-0.104,0.005,-0.183
849639245,0.0400,-0.0068,-1.0640,0.079,0.005,-0.122
849652245,0.0405,-0.0073,-1.0635,0.262,-0.117,-0.000
849665245,0.0396,-0.0039,-1.0615,-0.104,-0.117,-0.122
849678245,0.0376,-0.0059,-1.0654,-0.104,-0.117,0.122
849691245,0.0347,-0.0078,-1.0625,0.079,0.005,0.061
849704245,0.0371,-0.0103,-1.0659,-0.104,0.433,0.061
849717245,0.0356,-0.0034,-1.0630,-0.043,-0.178,0.061
849730245,0.0415,-0.0044,-1.0635,0.079,-0.117,-0.000
849743245,0.0376,-0.0054,-1.0649,-0.165,-0.117,0.122
849756245,0.0371,-0.0039,-1.0654,-0.287,0.005,0.122
849769245,0.0376,-0.0059,-1.0586,0.140,-0.178,-0.061
849782245,0.0376,-0.0068,-1.0635,0.079,-0.178,-0.183
849795245,0.0381,-0.0107,-1.0581,-0.043,0.067,-0.183
849808245,0.0425,-0.0068,-1.0625,-0.104,0.005,0.244
849821245,0.0352,-0.0068,-1.0620,0.018,-0.056,-0.000
849834245,0.0371,-0.0083,-1.0566,0.018,-0.239,0.122
849847245,0.0396,-0.0068,-1.0566,0.079,0.005,0.122
849860245,0.0352,-0.0068,-1.0630,0.079,0.005,0.183
849873245,0.0376,-0.0044,-1.0664,0.323,0.128,-0.183
849886245,0.0410,-0.0029,-1.0635,0.018,-0.178,-0.000
849899245,0.0396,-0.0010,-1.0610,0.018,0.128,0.061
849912245,0.0376,-0.0059,-1.0640,-0.165,-0.117,-0.183
849925245,0.0366,-0.0063,-1.0645,-0.104,-0.239,-0.000
849938245,0.0386,-0.0068,-1.0630,-0.165,0.128,-0.122
849951245,0.0376,-0.0088,-1.0635,-0.104,0.005,-0.000
849964245,0.0400,-0.0010,-1.0630,0.201,-0.117,0.244
849977245,0.0425,-0.0049,-1.0645,0.018,-0.056,-0.000
849990245,0.0376,-0.0078,-1.0596,-0.165,-0.056,-0.122
850003245,0.0391,-0.0039,-1.0630,-0.104,0.005,0.061
850016245,0.0405,-0.0039,-1.0615,0.018,-0.117,-0.000
850029245,0.0391,-0.0059,-1.0620,-0.165,-0.117,-0.061
850042245,0.0376,-0.0063,-1.0625,0.079,0.128,0.244
850055245,0.0391,-0.0039,-1.0649,-0.226,0.005,-0.061
850068245,0.0425,-0.0059,-1.0664,0.262,0.005,0.061
850081245,0.0415,-0.0059,-1.0674,0.079,0.128,0.061
850094245,0.0449,-0.0073,-1.0688,-0.043,0.005,-0.000
850107245,0.0396,-0.0073,-1.0625,-0.104,0.067,-0.122
850120245,0.0391,-0.0054,-1.0630,0.201,-0.117,-0.122
850133245,0.0386,-0.0063,-1.0703,0.140,0.128,-0.183
850146245,0.0396,-0.0044,-1.0610,0.018,-0.178,-0.061
850159245,0.0366,-0.0059,-1.0674,0.018,-0.117,0.061
850172245,0.0410,-0.0063,-1.0625,0.018,0.005,0.183
850185245,0.0366,-0.0063,-1.0654,-0.043,-0.117,-0.000
850198245,0.0366,-0.0054,-1.0620,-0.043,-0.117,0.122
850211245,0.0444,-0.0049,-1.0596,-0.043,-0.117,-0.061
850224245,0.0347,-0.0059,-1.0625,-0.043,-0.117,0.122
850237245,0.0410,-0.0068,-1.0620,-0.226,0.067,0.061
850250245,0.0410,-0.0073,-1.0601,0.018,0.067,-0.061
850263245,0.0347,-0.0063,-1.0576,0.018,0.067,-0.061
850276245,0.0386,-0.0112,-1.0596,0.201,0.067,-0.061
850289245,0.0386,-0.0078,-1.0601,0.201,0.067,0.061
850302245,0.0381,-0.0039,-1.0664,-0.043,-0.239,-0.122
850315245,0.0366,-0.0063,-1.0605,0.140,0.067,0.061
850328245,0.0386,-0.0068,-1.0649,0.201,-0.239,-0.061
850341245,0.0356,-0.0063,-1.0571,0.079,0.067,0.122
850354245,0.0400,-0.0054,-1.0679,0.079,-0.117,-0.061
850367245,0.0391,-0.0054,-1.0630,-0.043,-0.178,-0.122
850380245,0.0381,-0.0068,-1.0645,0.018,-0.117,-0.183
850393245,0.0347,-0.0054,-1.0630,0.201,-0.178,-0.061
850406245,0.0396,-0.0063,-1.0542,0.018,-0.056,0.122
850419245,0.0410,-0.0078,-1.0615,0.140,0.005,-0.122
850432245,0.0386,-0.0088,-1.0591,-0.043,-0.056,0.183
850445245,0.0410,-0.0059,-1.0640,0.018,-0.117,-0.000
850458245,0.0381,-0.0059,-1.0654,-0.226,-0.239,-0.122
850471245,0.0396,-0.0063,-1.0630,0.079,-0.178,-0.000
850484245,0.0415,-0.0054,-1.0698,0.201,-0.056,0.061
850497245,0.0361,-0.0049,-1.0576,-0.104,-0.117,-0.061
850510245,0.0371,-0.0063,-1.0605,0.323,-0.239,-0.061
850523245,0.0361,-0.0044,-1.0610,-0.043,-0.117,-0.061
850536245,0.0410,-0.0049,-1.0684,0.018,0.189,0.183
850549245,0.0347,-0.0044,-1.0645,0.140,-0.117,-0.000
850562245,0.0381,-0.0034,-1.0596,0.384,0.189,-0.183
850575245,0.0356,-0.0088,-1.0581,-0.043,-0.178,-0.000
850588245,0.0366,-0.0073,-1.0684,0.079,-0.239,-0.000
850601245,0.0366,-0.0049,-1.0635,-0.104,0.005,0.122
850614245,0.0420,-0.0083,-1.0649,0.140,-0.300,0.122
850627245,0.0376,-0.0088,-1.0635,0.262,0.005,-0.122
850640245,0.0381,-0.0083,-1.0576,0.079,0.067,-0.122
850653245,0.0356,-0.0049,-1.0640,0.079,-0.117,-0.061
850666245,0.0376,-0.0034,-1.0630,0.201,0.067,-0.244
850679245,0.0439,-0.0063,-1.0620,-0.104,-0.117,-0.061
850692245,0.0381,-0.0098,-1.0566,0.140,-0.056,-0.061
850705245,0.0376,-0.0034,-1.0649,-0.104,-0.239,-0.061
850718245,0.0381,-0.0068,-1.0723,-0.165,0.067,-0.061
850731245,0.0366,-0.0049,-1.0664,-0.104,0.067,0.122
850744245,0.0361,-0.0059,-1.0596,-0.165,0.128,0.061
850757245,0.0400,-0.0059,-1.0630,-0.043,-0.178,-0.122
850770245,0.0371,-0.0068,-1.0649,0.140,-0.178,0.122
850783245,0.0376,-0.0029,-1.0620,-0.410,0.005,0.061
850796245,0.0342,-0.0020,-1.0649,-0.043,-0.056,0.183
850809245,0.0322,-0.0049,-1.0649,-0.104,-0.117,-0.122
850822245,0.0386,-0.0083,-1.0693,-0.104,0.005,0.183
850835245,0.0381,-0.0054,-1.0605,-0.104,0.067,-0.122
850848245,0.0356,-0.0044,-1.0649,0.262,0.067,-0.183
850861245,0.0425,-0.0063,-1.0664,0.018,0.067,-0.122
850874245,0.0420,-0.0068,-1.0591,-0.043,0.005,-0.000
850887245,0.0361,-0.0068,-1.0615,0.018,0.005,-0.122
850900245,0.0381,-0.0063,-1.0620,-0.043,-0.178,0.244
850913245,0.0391,-0.0059,-1.0630,0.018,-0.117,-0.061
850926245,0.0391,-0.0044,-1.0693,0.079,-0.300,0.122
850939245,0.0400,-0.0098,-1.0654,0.079,0.067,0.061
850952245,0.0381,-0.0098,-1.0664,0.018,0.067,0.122
850965245,0.0386,-0.0010,-1.0645,0.262,-0.178,0.061
850978245,0.0410,-0.0059,-1.0591,0.018,0.128,-0.244
850991245,0.0381,-0.0063,-1.0649,-0.349,0.005,0.061
851004245,0.0361,-0.0059,-1.0630,-0.104,0.005,0.122
851017245,0.0386,-0.0093,-1.0625,-0.165,-0.056,0.122
851030245,0.0381,-0.0044,-1.0571,-0.043,0.189,0.244
851043245,0.0391,-0.0049,-1.0649,0.018,-0.056,-0.183
851056245,0.0381,-0.0093,-1.0630,-0.043,-0.117,0.122
851069245,0.0396,-0.0059,-1.0591,-0.043,-0.117,-0.122
851082245,0.0342,-0.0063,-1.0610,-0.165,-0.361,0.122
851095245,0.0391,-0.0073,-1.0601,0.323,-0.056,-0.061
851108245,0.0386,-0.0088,-1.0674,-0.043,-0.178,-0.183
851121245,0.0405,-0.0088,-1.0625,0.262,0.067,-0.183
851134245,0.0396,-0.0063,-1.0620,0.018,0.005,-0.061
851147245,0.0400,-0.0020,-1.0664,0.018,-0.239,-0.000
851160245,0.0391,-0.0049,-1.0630,-0.226,-0.117,-0.061
851173245,0.0356,-0.0039,-1.0688,-0.043,0.005,0.061
851186245,0.0391,-0.0078,-1.0586,-0.104,-0.056,-0.183
851199245,0.0391,-0.0039,-1.0576,0.201,-0.056,-0.000
851212245,0.0371,-0.0010,-1.0649,-0.287,0.250,0.061
851225245,0.0410,-0.0063,-1.0649,-0.043,-0.056,-0.061
851238245,0.0361,-0.0078,-1.0630,0.018,0.128,-0.000
851251245,0.0391,-0.0049,-1.0605,-0.043,0.067,-0.122
851264245,0.0371,-0.0049,-1.0620,0.079,0.067,-0.000
851277245,0.0386,-0.0063,-1.0630,-0.043,0.128,0.305
851290245,0.0356,-0.0068,-1.0625,-0.104,-0.056,0.183
851303245,0.0376,-0.0068,-1.0605,0.018,-0.178,0.122
851316245,0.0386,-0.0054,-1.0586,0.201,-0.056,-0.000
851329245,0.0371,-0.0073,-1.0698,0.201,-0.117,0.061
851342245,0.0400,-0.0059,-1.0698,0.201,0.067,0.122
851355245,0.0415,-0.0083,-1.0635,-0.104,0.067,0.061
851368245,0.0386,-0.0063,-1.0601,0.140,0.250,-0.061
851381245,0.0381,-0.0054,-1.0654,0.079,0.128,0.061
851394245,0.0425,-0.0098,-1.0645,-0.165,0.067,-0.000
851407245,0.0342,-0.0063,-1.0659,-0.287,-0.056,0.122
851420245,0.0415,-0.0044,-1.0605,0.018,0.067,-0.061
851433245,0.0347,-0.0059,-1.0635,-0.043,-0.117,0.183
851446245,0.0405,-0.0088,-1.0605,0.140,-0.117,0.061
851459245,0.0391,-0.0083,-1.0649,-0.104,-0.056,0.183
851472245,0.0366,-0.0078,-1.0625,-0.043,-0.178,0.183
851485245,0.0420,-0.0063,-1.0645,-0.043,0.005,0.122
851498245,0.0400,-0.0029,-1.0659,0.018,-0.056,0.122
851511245,0.0356,-0.0073,-1.0566,0.201,-0.056,0.061
851524245,0.0381,-0.0039,-1.0620,0.018,-0.239,-0.122
851537245,0.0371,-0.0049,-1.0649,0.079,-0.300,0.122
851550245,0.0381,-0.0039,-1.0581,-0.104,0.005,-0.061
851563245,0.0381,-0.0054,-1.0615,-0.043,-0.178,0.122
851576245,0.0361,-0.0054,-1.0630,0.018,-0.117,-0.000
851589245,0.0405,-0.0034,-1.0679,0.201,-0.239,-0.000
851602245,0.0381,-0.0044,-1.0659,0.079,0.128,0.061
851615245,0.0381,-0.0054,-1.0630,0.201,0.128,-0.000
851628245,0.0376,-0.0083,-1.0645,0.201,0.189,0.061
851641245,0.0405,-0.0068,-1.0605,0.018,-0.056,-0.183
851654245,0.0381,-0.0073,-1.0581,0.018,-0.117,-0.000
851667245,0.0366,-0.0083,-1.0605,0.079,0.067,-0.122
851680245,0.0415,-0.0088,-1.0645,0.018,0.128,-0.000
851693245,0.0386,-0.0088,-1.0625,-0.043,-0.178,-0.000
851706245,0.0381,-0.0107,-1.0635,0.079,-0.117,-0.244
851719245,0.0381,-0.0088,-1.0645,-0.043,-0.117,-0.000
851732245,0.0381,-0.0034,-1.0625,0.140,0.005,-0.122
851745245,0.0410,-0.0039,-1.0615,0.140,0.067,-0.061
851758245,0.0420,-0.0068,-1.0669,0.018,-0.178,0.061
851771245,0.0371,-0.0059,-1.0635,0.140,0.067,-0.061
851784245,0.0371,-0.0059,-1.0581,0.079,0.067,0.061
851797245,0.0361,-0.0083,-1.0625,0.018,0.128,-0.122
851810245,0.0356,-0.0063,-1.0669,-0.043,0.005,0.061
851823245,0.0386,-0.0054,-1.0591,0.018,-0.361,0.122
851836245,0.0391,-0.0034,-1.0605,-0.226,-0.178,-0.000
851849245,0.0366,-0.0088,-1.0596,0.018,0.067,0.061
851862245,0.0356,-0.0063,-1.0605,0.079,-0.056,-0.122
851875245,0.0405,-0.0112,-1.0684,0.140,-0.056,0.183
851888245,0.0400,-0.0073,-1.0688,0.018,-0.117,0.061
851901245,0.0376,-0.0054,-1.0645,-0.165,0.067,0.122
851914245,0.0381,-0.0073,-1.0645,-0.165,-0.178,-0.000
851927245,0.0415,-0.0029,-1.0591,0.079,-0.056,-0.000
851940245,0.0396,-0.0093,-1.0640,0.018,-0.056,0.061
851953245,0.0356,-0.0034,-1.0669,-0.043,-0.178,0.061
851966245,0.0361,-0.0073,-1.0605,0.018,-0.239,0.061
851979245,0.0337,-0.0059,-1.0630,0.018,0.128,0.061
851992245,0.0342,-0.0015,-1.0674,0.018,-0.178,-0.061
852005245,0.0337,-0.0054,-1.0552,0.018,0.005,-0.000
852018245,0.0410,-0.0068,-1.0615,-0.104,-0.117,0.122
852031245,0.0400,-0.0059,-1.0566,0.018,-0.239,-0.000
852044245,0.0400,-0.0068,-1.0645,0.140,0.005,0.122
852057245,0.0396,-0.0063,-1.0654,-0.043,-0.178,0.183
852070245,0.0396,-0.0054,-1.0684,0.140,-0.300,-0.000
852083245,0.0386,-0.0078,-1.0610,0.079,-0.117,0.183
852096245,0.0415,-0.0098,-1.0630,-0.043,-0.117,0.061
852109245,0.0376,-0.0054,-1.0664,-0.043,0.005,0.183
852122245,0.0410,-0.0029,-1.0674,0.018,0.067,-0.061
852135245,0.0391,-0.0098,-1.0615,0.079,-0.056,-0.061
852148245,0.0342,-0.0059,-1.0591,-0.043,-0.056,-0.000
852161245,0.0356,-0.0103,-1.0576,-0.043,-0.239,-0.061
852174245,0.0342,-0.0063,-1.0635,0.018,-0.117,0.122
852187245,0.0386,-0.0088,-1.0625,0.262,0.005,-0.061
852200245,0.0361,-0.0093,-1.0664,0.140,0.067,-0.000
852213245,0.0371,-0.0049,-1.0659,0.079,-0.239,-0.000
852226245,0.0386,-0.0059,-1.0586,0.018,-0.056,-0.061
852239245,0.0376,-0.0068,-1.0620,0.018,0.005,-0.061
852252245,0.0376,-0.0073,-1.0664,0.018,0.005,-0.061
852265245,0.0337,-0.0078,-1.0654,-0.226,0.005,-0.061
852278245,0.0420,-0.0024,-1.0615,0.201,-0.056,-0.000
852291245,0.0400,-0.0054,-1.0596,-0.043,0.005,0.366
852304245,0.0405,-0.0029,-1.0615,0.079,0.005,-0.061
852317245,0.0366,-0.0083,-1.0620,-0.104,-0.117,-0.061
852330245,0.0381,-0.0059,-1.0615,-0.287,-0.178,-0.061
852343245,0.0391,-0.0068,-1.0596,0.018,-0.056,0.061
852356245,0.0376,-0.0020,-1.0679,0.262,-0.056,0.061
852369245,0.0400,-0.0063,-1.0591,-0.043,0.005,-0.122
852382245,0.0371,-0.0024,-1.0669,-0.043,-0.117,-0.122
852395245,0.0376,-0.0083,-1.0620,0.140,0.067,-0.183
852408245,0.0366,-0.0029,-1.0620,0.018,-0.178,-0.183
852421245,0.0396,-0.0044,-1.0649,0.201,0.005,-0.061
852434245,0.0391,-0.0083,-1.0635,0.201,-0.239,-0.061
852447245,0.0420,-0.0068,-1.0674,-0.043,-0.056,0.061
852460245,0.0376,-0.0068,-1.0659,0.018,-0.056,0.305
852473245,0.0400,-0.0020,-1.0615,-0.104,0.128,-0.122
852486245,0.0366,-0.0034,-1.0654,-0.104,-0.117,-0.061
852499245,0.0396,-0.0059,-1.0684,0.018,-0.117,-0.061
852512245,0.0371,-0.0044,-1.0620,0.140,0.067,-0.000
852525245,0.0371,-0.0073,-1.0601,-0.287,-0.117,0.183
852538245,0.0381,-0.0044,-1.0625,0.018,0.067,0.122
852551245,0.0361,-0.0073,-1.0591,0.201,-0.056,-0.061
852564245,0.0381,-0.0059,-1.0605,0.201,0.067,-0.183
852577245,0.0391,-0.0039,-1.0664,0.079,0.189,-0.061
852590245,0.0391,-0.0059,-1.0615,-0.104,-0.178,0.061
852603245,0.0405,-0.0039,-1.0649,0.079,0.005,-0.061
852616245,0.0352,-0.0049,-1.0649,0.323,-0.178,-0.061
852629245,0.0430,-0.0049,-1.0659,0.140,-0.178,-0.122
852642245,0.0396,-0.0024,-1.0601,0.018,0.128,0.061
852655245,0.0381,-0.0059,-1.0605,0.140,-0.117,-0.122
852668245,0.0322,-0.0044,-1.0586,0.018,-0.117,0.122
852681245,0.0386,-0.0083,-1.0664,0.018,-0.056,-0.000
852694245,0.0352,-0.0059,-1.0610,0.018,-0.239,-0.183
852707245,0.0391,-0.0093,-1.0581,0.079,-0.056,0.061
852720245,0.0342,-0.0044,-1.0605,0.201,-0.239,-0.122
852733245,0.0352,-0.0044,-1.0586,-0.226,-0.056,0.061
852746245,0.0332,-0.0083,-1.0562,-0.043,-0.300,0.183
852759245,0.0361,-0.0059,-1.0596,0.079,-0.117,0.061
852772245,0.0425,-0.0054,-1.0688,-0.043,0.067,-0.000
852785245,0.0435,-0.0073,-1.0713,0.079,0.067,-0.122
852798245,0.0400,-0.0068,-1.0630,0.079,-0.117,-0.000
852811245,0.0376,-0.0063,-1.0620,-0.043,0.067,-0.000
852824245,0.0376,-0.0063,-1.0674,0.140,0.067,0.061
852837245,0.0347,-0.0044,-1.0664,0.201,-0.239,0.061
852850245,0.0342,-0.0059,-1.0620,0.018,0.067,0.061
852863245,0.0386,-0.0049,-1.0615,0.079,0.005,0.061
852876245,0.0381,-0.0049,-1.0596,-0.104,0.067,0.061
852889245,0.0396,-0.0044,-1.0605,-0.043,0.067,0.061
852902245,0.0449,-0.0078,-1.0591,0.018,0.005,0.122
852915245,0.0381,-0.0049,-1.0708,0.018,-0.239,0.061
852928245,0.0366,-0.0010,-1.0620,-0.104,-0.239,-0.000
852941245,0.0400,-0.0029,-1.0645,0.018,-0.117,0.061
852954245,0.0396,-0.0059,-1.0605,0.140,-0.117,0.122
852967245,0.0386,-0.0029,-1.0615,0.079,0.005,-0.000
852980245,0.0371,-0.0088,-1.0620,-0.104,-0.239,-0.061
852993245,0.0391,-0.0044,-1.0679,-0.104,-0.117,-0.183
853006245,0.0396,-0.0044,-1.0620,-0.043,-0.056,0.122
853019245,0.0376,-0.0073,-1.0620,-0.226,0.005,0.122
853032245,0.0376,-0.0054,-1.0586,-0.043,0.005,-0.061
853045245,0.0396,-0.0049,-1.0615,0.262,-0.178,-0.061
853058245,0.0352,-0.0054,-1.0620,0.079,0.128,0.183
853071245,0.0356,-0.0063,-1.0659,-0.043,0.067,0.061
853084245,0.0400,-0.0083,-1.0669,0.018,-0.117,0.122
853097245,0.0386,-0.0068,-1.0654,0.018,0.067,0.061
853110245,0.0405,-0.0034,-1.0649,0.079,-0.056,0.183
853123245,0.0337,-0.0054,-1.0645,-0.104,-0.056,-0.061
853136245,0.0371,-0.0078,-1.0596,0.079,0.067,0.122
853149245,0.0376,-0.0054,-1.0610,0.018,-0.178,-0.183
853162245,0.0400,-0.0083,-1.0620,0.018,0.005,-0.000
853175245,0.0347,-0.0024,-1.0645,0.018,-0.178,0.183
853188245,0.0391,-0.0039,-1.0610,-0.226,-0.178,-0.183
853201245,0.0352,-0.0059,-1.0610,-0.165,-0.178,-0.183
853214245,0.0366,-0.0059,-1.0688,0.079,0.128,0.183
853227245,0.0356,-0.0029,-1.0581,0.018,-0.117,-0.000
853240245,0.0396,-0.0068,-1.0664,-0.104,-0.117,-0.122
853253245,0.0420,-0.0073,-1.0659,-0.043,0.067,0.061
853266245,0.0386,-0.0059,-1.0645,0.018,0.128,-0.061
853279245,0.0371,-0.0068,-1.0586,0.262,-0.117,-0.122
853292245,0.0396,-0.0063,-1.0635,-0.043,0.250,-0.244
853305245,0.0381,-0.0039,-1.0581,-0.104,-0.056,-0.000
853318245,0.0352,-0.0059,-1.0635,-0.043,-0.178,-0.000
853331245,0.0396,-0.0059,-1.0649,-0.165,-0.056,-0.000
853344245,0.0439,-0.0059,-1.0737,0.018,-0.178,0.061
853357245,0.0410,-0.0049,-1.0635,0.018,-0.117,-0.061
853370245,0.0420,-0.0073,-1.0605,0.079,0.067,0.061
853383245,0.0400,-0.0029,-1.0571,0.018,-0.117,0.061
853396245,0.0386,-0.0078,-1.0752,0.018,0.005,-0.000
853409245,0.0386,-0.0039,-1.0586,-0.043,-0.117,-0.122
853422245,0.0439,-0.0098,-1.0640,0.079,-0.300,-0.305
853435245,0.0410,-0.0088,-1.0596,-0.165,-0.300,-0.000
853448245,0.0356,-0.0073,-1.0571,-0.043,0.005,0.061
853461245,0.0342,-0.0073,-1.0684,0.079,-0.239,0.061
853474245,0.0371,-0.0073,-1.0640,-0.043,-0.117,-0.061
853487245,0.0391,-0.0063,-1.0601,0.140,-0.056,-0.000
853500245,0.0425,-0.0049,-1.0659,0.018,-0.056,0.061
853513245,0.0381,-0.0054,-1.0615,-0.043,-0.056,-0.000
853526245,0.0396,-0.0044,-1.0630,-0.043,0.005,-0.000
853539245,0.0356,-0.0039,-1.0557,-0.104,0.067,-0.061
853552245,0.0396,-0.0063,-1.0688,0.201,0.067,-0.244
853565245,0.0391,-0.0068,-1.0591,0.018,0.189,-0.122
853578245,0.0347,-0.0083,-1.0669,0.079,0.067,-0.000
853591245,0.0371,-0.0034,-1.0674,0.018,-0.056,-0.000
853604245,0.0376,-0.0039,-1.0669,0.201,0.005,0.061
853617245,0.0371,-0.0044,-1.0591,0.140,0.067,-0.061
853630245,0.0381,-0.0083,-1.0596,0.018,0.005,0.061
853643245,0.0386,-0.0098,-1.0654,0.201,-0.056,0.122
853656245,0.0410,-0.0059,-1.0625,-0.104,-0.178,0.122
853669245,0.0366,-0.0063,-1.0591,-0.043,-0.056,-0.000
853682245,0.0405,-0.0068,-1.0601,0.262,-0.056,0.061
853695245,0.0376,-0.0059,-1.0596,0.140,0.005,-0.183
853708245,0.0410,-0.0015,-1.0669,-0.226,0.067,-0.061
853721245,0.0366,-0.0044,-1.0679,-0.043,-0.117,0.061
853734245,0.0376,-0.0044,-1.0640,0.140,-0.056,-0.183
853747245,0.0361,-0.0088,-1.0674,0.201,-0.178,-0.000
853760245,0.0376,-0.0083,-1.0615,-0.104,-0.056,0.061
853773245,0.0386,-0.0078,-1.0601,-0.043,-0.178,-0.122
853786245,0.0420,-0.0083,-1.0610,-0.104,0.005,-0.000
853799245,0.0391,-0.0059,-1.0703,-0.104,-0.056,-0.061
853812245,0.0371,-0.0078,-1.0605,0.323,-0.056,0.244
853825245,0.0342,-0.0039,-1.0547,-0.226,0.128,0.183
853838245,0.0347,-0.0063,-1.0630,0.018,-0.300,-0.000
853851245,0.0391,-0.0093,-1.0596,0.018,0.128,0.061
853864245,0.0415,-0.0054,-1.0654,0.079,-0.300,0.061
853877245,0.0356,-0.0083,-1.0645,0.140,-0.178,-0.061
853890245,0.0381,-0.0054,-1.0635,-0.104,0.067,0.183
853903245,0.0391,-0.0059,-1.0630,0.262,0.189,-0.000
853916245,0.0342,-0.0078,-1.0630,0.018,-0.117,-0.061
853929245,0.0337,-0.0093,-1.0640,-0.104,-0.239,-0.000
853942245,0.0405,-0.0039,-1.0659,-0.043,-0.056,0.122
853955245,0.0396,-0.0063,-1.0635,-0.226,0.005,0.061
853968245,0.0381,-0.0059,-1.0591,0.262,0.005,-0.061
853981245,0.0386,-0.0073,-1.0654,-0.043,-0.178,-0.000
853994245,0.0366,-0.0103,-1.0640,-0.165,-0.117,0.183
854007245,0.0347,-0.0029,-1.0610,0.140,-0.117,0.183
854020245,0.0391,-0.0049,-1.0581,-0.104,-0.117,0.305
854033245,0.0356,-0.0024,-1.0625,-0.104,0.005,-0.000
854046245,0.0376,-0.0093,-1.0527,-0.043,-0.056,-0.122
854059245,0.0444,-0.0063,-1.0669,0.018,0.005,0.244
854072245,0.0415,-0.0068,-1.0630,-0.043,-0.117,0.061
854085245,0.0371,-0.0054,-1.0674,-0.104,0.128,-0.244
854098245,0.0356,-0.0034,-1.0591,-0.104,0.189,-0.061
854111245,0.0356,-0.0093,-1.0640,0.140,0.067,-0.000
854124245,0.0400,-0.0044,-1.0640,-0.165,-0.117,-0.305
854137245,0.0425,-0.0054,-1.0640,0.201,-0.178,-0.000
854150245,0.0352,-0.0024,-1.0664,0.262,0.128,-0.000
854163245,0.0361,-0.0039,-1.0659,0.079,0.189,-0.061
854176245,0.0332,-0.0054,-1.0688,0.018,0.005,-0.061
854189245,0.0381,-0.0088,-1.0664,0.079,-0.178,0.305
854202245,0.0356,-0.0044,-1.0610,-0.104,0.005,-0.000
854215245,0.0400,-0.0063,-1.0645,0.079,0.005,-0.061
854228245,0.0396,-0.0059,-1.0571,-0.043,-0.056,-0.122
854241245,0.0396,-0.0112,-1.0615,0.140,-0.239,-0.244
854254245,0.0371,-0.0078,-1.0610,-0.043,0.311,-0.122
854267245,0.0410,-0.0049,-1.0630,-0.226,0.250,-0.000
854280245,0.0386,-0.0078,-1.0635,0.079,0.005,-0.183
854293245,0.0371,-0.0049,-1.0654,0.018,0.067,0.061
854306245,0.0396,-0.0034,-1.0615,0.018,0.067,-0.000
854319245,0.0352,-0.0029,-1.0684,-0.104,0.005,0.122
854332245,0.0381,-0.0034,-1.0537,-0.165,0.128,0.183
854345245,0.0410,-0.0068,-1.0684,-0.043,-0.056,0.244
854358245,0.0366,-0.0068,-1.0649,-0.043,0.005,0.122
854371245,0.0410,-0.0054,-1.0630,-0.104,-0.178,0.183
854384245,0.0371,-0.0078,-1.0664,-0.165,0.005,0.305
854397245,0.0405,-0.0083,-1.0664,0.140,-0.239,0.061
854410245,0.0391,-0.0059,-1.0649,-0.226,0.005,-0.000
854423245,0.0298,-0.0073,-1.0649,0.079,-0.300,0.061
854436245,0.0376,-0.0063,-1.0698,0.079,0.128,-0.000
854449245,0.0361,-0.0029,-1.0654,-0.043,-0.117,0.183
854462245,0.0356,-0.0088,-1.0591,-0.165,-0.178,-0.000
854475245,0.0415,-0.0054,-1.0684,0.018,-0.178,0.122
854488245,0.0366,-0.0054,-1.0576,-0.104,-0.056,-0.061
854501245,0.0386,-0.0088,-1.0601,-0.165,-0.117,-0.061
854514245,0.0396,-0.0039,-1.0625,-0.043,-0.117,-0.061
854527245,0.0356,-0.0034,-1.0605,0.018,-0.117,-0.000
854540245,0.0381,-0.0039,-1.0649,0.140,0.128,-0.122
854553245,0.0361,-0.0044,-1.0630,0.079,-0.056,-0.122
854566245,0.0415,-0.0083,-1.0693,0.140,-0.178,0.061
854579245,0.0386,-0.0088,-1.0630,0.018,-0.056,-0.061
854592245,0.0381,-0.0083,-1.0610,-0.104,-0.056,0.122
854605245,0.0405,-0.0029,-1.0630,-0.104,-0.117,-0.000
854618245,0.0415,-0.0078,-1.0571,0.018,-0.422,-0.000
854631245,0.0439,-0.0068,-1.0645,-0.104,-0.056,-0.122
854644245,0.0405,-0.0024,-1.0659,0.140,-0.117,0.061
854657245,0.0376,-0.0024,-1.0645,0.079,0.067,-0.000
854670245,0.0337,-0.0054,-1.0664,-0.104,-0.056,0.427
854683245,0.0396,-0.0024,-1.0610,0.079,-0.178,0.183
854696245,0.0425,-0.0044,-1.0649,-0.104,0.005,0.122
854709245,0.0381,-0.0068,-1.0620,0.018,-0.056,0.183
854722245,0.0400,-0.0049,-1.0684,-0.104,0.005,-0.244
854735245,0.0415,-0.0049,-1.0610,0.079,-0.178,0.061
854748245,0.0386,-0.0078,-1.0586,-0.043,0.005,0.061
854761245,0.0381,-0.0039,-1.0640,0.079,0.005,-0.122
854774245,0.0381,-0.0088,-1.0630,0.018,0.128,-0.061
854787245,0.0352,-0.0054,-1.0601,0.018,-0.117,-0.000
854800245,0.0381,-0.0049,-1.0596,0.140,0.250,0.183
854813245,0.0415,-0.0049,-1.0557,-0.043,0.005,0.122
854826245,0.0400,-0.0059,-1.0571,-0.104,0.005,-0.061
854839245,0.0356,-0.0059,-1.0649,-0.043,-0.056,-0.061
854852245,0.0376,-0.0044,-1.0615,-0.104,-0.117,-0.000
854865245,0.0366,-0.0078,-1.0557,-0.104,0.372,-0.122
854878245,0.0381,-0.0034,-1.0659,0.140,-0.056,-0.000
854891245,0.0425,-0.0034,-1.0532,-0.165,-0.056,0.061
854904245,0.0371,-0.0078,-1.0610,0.201,0.128,-0.000
854917245,0.0400,-0.0054,-1.0566,0.323,0.067,-0.000
854930245,0.0381,-0.0068,-1.0649,-0.104,-0.056,0.061
854943245,0.0410,-0.0088,-1.0615,0.079,-0.117,0.244
854956245,0.0371,-0.0029,-1.0581,0.079,0.128,-0.183
854969245,0.0391,-0.0073,-1.0630,0.140,0.128,-0.244
854982245,0.0381,-0.0059,-1.0664,0.140,0.067,0.061
854995245,0.0391,-0.0073,-1.0645,-0.104,0.005,-0.000
855008245,0.0371,-0.0039,-1.0630,0.140,0.189,0.183
855021245,0.0371,-0.0024,-1.0669,0.262,-0.117,-0.061
855034245,0.0410,-0.0083,-1.0605,0.201,0.189,-0.122
855047245,0.0400,-0.0093,-1.0605,-0.104,0.005,-0.305
855060245,0.0396,-0.0049,-1.0581,-0.043,-0.117,-0.183
855073245,0.0386,-0.0068,-1.0654,0.262,0.067,0.122
855086245,0.0366,-0.0059,-1.0645,-0.104,-0.178,-0.122
855099245,0.0425,-0.0063,-1.0664,0.201,-0.117,0.122
855112245,0.0396,-0.0044,-1.0640,-0.043,-0.117,0.183
855125245,0.0405,-0.0093,-1.0635,-0.104,0.005,0.061
855138245,0.0386,-0.0039,-1.0596,-0.165,-0.056,-0.122
855151245,0.0352,-0.0059,-1.0596,-0.043,0.005,0.183
855164245,0.0376,-0.0049,-1.0586,0.079,-0.178,-0.122
855177245,0.0361,-0.0059,-1.0620,0.262,-0.056,0.061
855190245,0.0361,-0.0034,-1.0586,0.018,-0.056,0.061
855203245,0.0391,-0.0078,-1.0630,-0.043,-0.178,-0.061
855216245,0.0371,-0.0024,-1.0581,-0.104,-0.239,-0.061
855229245,0.0376,-0.0059,-1.0615,0.079,0.067,0.122
855242245,0.0391,-0.0059,-1.0596,0.201,0.005,-0.183
855255245,0.0400,-0.0063,-1.0654,0.018,-0.056,0.183
855268245,0.0381,-0.0044,-1.0586,-0.043,0.250,-0.061
855281245,0.0425,-0.0083,-1.0728,0.018,0.005,0.061
855294245,0.0352,-0.0029,-1.0596,0.079,-0.056,0.061
855307245,0.0386,-0.0078,-1.0664,0.201,-0.117,-0.122
855320245,0.0415,-0.0068,-1.0596,0.018,0.067,0.061
855333245,0.0342,-0.0049,-1.0615,0.201,0.067,0.061
855346245,0.0405,-0.0059,-1.0635,-0.165,-0.178,-0.122
855359245,0.0396,-0.0083,-1.0635,-0.165,-0.178,0.061
855372245,0.0366,-0.0068,-1.0591,-0.226,0.005,0.244
855385245,0.0400,-0.0049,-1.0615,-0.226,-0.178,0.061
855398245,0.0381,-0.0029,-1.0596,0.018,0.067,-0.061
855411245,0.0415,-0.0063,-1.0654,0.201,0.005,-0.122
855424245,0.0381,-0.0073,-1.0576,0.140,-0.117,0.122
855437245,0.0410,-0.0034,-1.0669,0.140,-0.056,0.122
855450245,0.0361,-0.0020,-1.0566,-0.165,0.005,-0.000
855463245,0.0420,-0.0068,-1.0625,0.140,-0.178,0.061
855476245,0.0366,-0.0078,-1.0562,0.201,-0.117,-0.061
855489245,0.0415,-0.0063,-1.0610,0.140,-0.178,0.122
855502245,0.0400,-0.0059,-1.0615,0.140,-0.056,0.183
855515245,0.0391,-0.0073,-1.0620,0.079,0.005,0.061
855528245,0.0386,-0.0088,-1.0552,0.018,-0.056,-0.122
855541245,0.0386,-0.0083,-1.0635,0.140,-0.300,0.122
855554245,0.0391,-0.0029,-1.0547,0.079,-0.178,0.061
855567245,0.0376,-0.0073,-1.0649,-0.165,0.005,-0.122
855580245,0.0376,-0.0068,-1.0688,0.079,-0.117,-0.000
855593245,0.0425,-0.0068,-1.0605,0.201,-0.056,-0.061
855606245,0.0352,-0.0063,-1.0610,0.018,0.067,-0.000
855619245,0.0376,-0.0063,-1.0615,0.140,-0.178,0.061
855632245,0.0347,-0.0068,-1.0591,0.079,0.128,-0.000
855645245,0.0386,-0.0093,-1.0630,0.079,-0.056,-0.122
855658245,0.0405,-0.0068,-1.0576,-0.104,-0.117,-0.061
855671245,0.0361,-0.0039,-1.0635,0.262,0.005,-0.000
855684245,0.0347,-0.0044,-1.0649,0.018,-0.239,0.122
855697245,0.0366,-0.0054,-1.0659,0.018,0.067,-0.122
855710245,0.0400,-0.0063,-1.0586,-0.226,-0.056,-0.000
855723245,0.0376,-0.0073,-1.0596,-0.226,-0.056,0.122
855736245,0.0386,-0.0078,-1.0625,0.018,-0.178,-0.061
855749245,0.0400,-0.0059,-1.0645,0.079,0.128,0.244
855762245,0.0352,-0.0063,-1.0684,0.201,-0.178,0.122
855775245,0.0361,-0.0020,-1.0596,0.018,0.005,-0.122
855788245,0.0342,-0.0034,-1.0596,-0.104,0.005,-0.122
855801245,0.0410,-0.0093,-1.0615,-0.043,-0.056,0.183
855814245,0.0391,-0.0054,-1.0601,0.323,0.005,-0.122
855827245,0.0410,-0.0063,-1.0625,-0.104,0.005,0.061
855840245,0.0366,-0.0059,-1.0620,0.079,0.128,-0.183
855853245,0.0352,-0.0020,-1.0645,-0.043,0.005,-0.061
855866245,0.0342,-0.0044,-1.0576,-0.165,0.005,0.061
855879245,0.0435,-0.0024,-1.0601,0.079,-0.239,-0.061
855892245,0.0376,-0.0073,-1.0591,0.140,-0.178,0.183
855905245,0.0444,-0.0034,-1.0688,0.018,-0.056,0.183
855918245,0.0396,-0.0078,-1.0664,-0.104,0.005,0.061
855931245,0.0410,-0.0083,-1.0635,-0.104,-0.056,0.183
855944245,0.0386,-0.0083,-1.0664,0.018,0.189,-0.000
855957245,0.0376,-0.0059,-1.0620,-0.104,-0.300,-0.061
855970245,0.0410,-0.0049,-1.0674,0.018,0.189,-0.061
855983245,0.0410,-0.0073,-1.0625,-0.043,-0.056,0.061
855996245,0.0410,-0.0078,-1.0610,-0.043,0.005,-0.061
856009245,0.0405,-0.0068,-1.0557,0.018,0.250,-0.305
856022245,0.0317,-0.0054,-1.0630,0.079,0.189,0.061
856035245,0.0391,-0.0073,-1.0630,0.201,0.067,-0.122
856048245,0.0391,-0.0073,-1.0649,0.079,-0.117,0.122
856061245,0.0312,-0.0039,-1.0596,0.201,0.067,0.061
856074245,0.0405,-0.0088,-1.0581,-0.043,-0.056,-0.000
856087245,0.0415,-0.0054,-1.0664,0.140,-0.117,-0.122
856100245,0.0371,-0.0024,-1.0640,0.018,-0.117,-0.244
856113245,0.0391,-0.0054,-1.0591,0.140,-0.178,-0.061
856126245,0.0430,-0.0078,-1.0620,-0.104,-0.056,-0.000
856139245,0.0396,-0.0098,-1.0649,0.140,-0.056,-0.183
856152245,0.0396,-0.0039,-1.0723,0.018,-0.117,0.122
856165245,0.0356,-0.0098,-1.0586,-0.165,-0.117,0.122
856178245,0.0386,-0.0078,-1.0615,-0.165,0.189,-0.061
856191245,0.0361,-0.0078,-1.0552,0.018,-0.056,-0.122
856204245,0.0371,-0.0034,-1.0513,-0.165,0.005,-0.122
856217245,0.0332,-0.0034,-1.0698,-0.043,-0.117,-0.000
856230245,0.0386,-0.0039,-1.0659,-0.104,-0.056,-0.061
856243245,0.0405,-0.0073,-1.0635,0.018,-0.056,-0.000
856256245,0.0405,-0.0049,-1.0679,-0.043,-0.056,0.061
856269245,0.0391,-0.0059,-1.0625,0.201,0.067,-0.061
856282245,0.0381,-0.0063,-1.0645,0.140,0.250,0.061
856295245,0.0376,-0.0073,-1.0649,0.018,-0.056,0.061
856308245,0.0396,-0.0083,-1.0581,-0.104,0.067,-0.183
856321245,0.0366,-0.0063,-1.0649,-0.043,-0.178,-0.000
856334245,0.0400,-0.0078,-1.0605,-0.104,0.005,0.122
856347245,0.0381,-0.0039,-1.0596,-0.043,-0.056,0.122
856360245,0.0405,-0.0034,-1.0591,0.201,0.189,0.061
856373245,0.0371,-0.0083,-1.0591,0.140,-0.178,-0.122
856386245,0.0396,-0.0049,-1.0620,0.018,-0.056,-0.244
856399245,0.0405,-0.0073,-1.0645,-0.043,0.067,-0.000
856412245,0.0366,-0.0005,-1.0586,0.018,-0.239,-0.122
856425245,0.0352,-0.0049,-1.0601,-0.043,0.005,-0.000
856438245,0.0371,-0.0059,-1.0586,0.018,0.067,-0.244
856451245,0.0361,-0.0059,-1.0557,0.201,-0.056,-0.061
856464245,0.0371,-0.0024,-1.0620,0.079,-0.117,0.061
856477245,0.0371,-0.0093,-1.0605,0.018,-0.056,0.244
856490245,0.0386,-0.0039,-1.0610,-0.165,0.067,0.122
856503245,0.0376,-0.0078,-1.0674,0.201,0.067,0.061
856516245,0.0391,-0.0039,-1.0635,0.018,0.067,-0.061
856529245,0.0381,-0.0098,-1.0635,0.018,-0.239,-0.000
856542245,0.0396,-0.0059,-1.0635,0.018,-0.056,0.122
856555245,0.0420,-0.0068,-1.0601,-0.043,0.189,-0.122
856568245,0.0396,-0.0063,-1.0645,0.018,-0.117,-0.061
856581245,0.0356,-0.0093,-1.0649,-0.043,0.128,-0.061
856594245,0.0376,-0.0029,-1.0610,0.079,0.067,-0.061
856607245,0.0352,-0.0098,-1.0571,0.262,0.128,-0.000
856620245,0.0371,-0.0039,-1.0645,-0.104,0.005,0.122
856633245,0.0396,-0.0073,-1.0532,-0.104,-0.117,-0.000
856646245,0.0371,-0.0029,-1.0630,0.140,-0.056,-0.061
856659245,0.0366,-0.0054,-1.0615,-0.043,-0.056,0.061
856672245,0.0410,-0.0093,-1.0669,0.018,0.128,-0.061
856685245,0.0400,-0.0078,-1.0723,0.140,0.128,0.061
856698245,0.0371,-0.0059,-1.0615,0.018,-0.117,-0.183
856711245,0.0400,-0.0068,-1.0640,0.079,0.189,-0.000
856724245,0.0361,-0.0039,-1.0649,0.140,0.067,0.122
856737245,0.0376,-0.0054,-1.0645,-0.043,-0.117,-0.000
856750245,0.0396,-0.0073,-1.0625,-0.043,0.005,-0.000
856763245,0.0415,-0.0034,-1.0688,0.079,-0.056,-0.122
856776245,0.0356,-0.0049,-1.0610,-0.165,-0.178,0.061
856789245,0.0361,-0.0068,-1.0620,0.201,0.067,-0.122
856802245,0.0420,-0.0059,-1.0669,-0.043,-0.117,0.061
856815245,0.0391,-0.0088,-1.0605,0.018,-0.056,0.122
856828245,0.0396,-0.0083,-1.0581,-0.043,0.067,0.183
856841245,0.0376,-0.0049,-1.0601,0.018,-0.117,0.061
856854245,0.0425,-0.0083,-1.0679,0.262,-0.056,-0.122
856867245,0.0396,-0.0063,-1.0698,0.018,0.128,-0.061
856880245,0.0356,-0.0054,-1.0576,0.018,-0.117,-0.000
856893245,0.0420,-0.0073,-1.0640,0.018,0.250,-0.244
856906245,0.0405,-0.0059,-1.0674,-0.043,-0.117,-0.000
856919245,0.0381,-0.0054,-1.0625,-0.043,-0.239,-0.122
856932245,0.0366,-0.0068,-1.0571,-0.043,0.005,-0.000
856945245,0.0410,-0.0039,-1.0693,0.079,0.128,-0.000
856958245,0.0352,-0.0034,-1.0625,-0.104,-0.117,-0.061
856971245,0.0332,-0.0063,-1.0635,0.201,0.128,0.183
856984245,0.0435,-0.0068,-1.0630,0.079,0.128,0.122
856997245,0.0332,-0.0083,-1.0576,-0.104,-0.056,-0.061
857010245,0.0376,-0.0112,-1.0596,0.140,-0.117,-0.061
857023245,0.0386,-0.0063,-1.0645,0.018,-0.178,-0.061
857036245,0.0386,-0.0073,-1.0649,0.201,-0.056,-0.122
857049245,0.0381,0.0010,-1.0620,0.201,-0.117,0.244
857062245,0.0400,-0.0073,-1.0605,-0.043,-0.056,-0.000
857075245,0.0396,-0.0083,-1.0576,-0.043,0.005,0.122
857088245,0.0391,-0.0039,-1.0605,0.079,-0.056,-0.061
857101245,0.0352,-0.0083,-1.0610,0.018,0.128,-0.000
857114245,0.0371,-0.0034,-1.0649,-0.165,-0.178,-0.000
857127245,0.0415,-0.0049,-1.0679,0.018,-0.178,-0.122
857140245,0.0361,-0.0059,-1.0601,-0.104,0.128,-0.061
857153245,0.0371,-0.0068,-1.0684,-0.104,-0.056,-0.183
857166245,0.0410,-0.0059,-1.0659,-0.287,-0.178,-0.061
857179245,0.0366,-0.0098,-1.0669,-0.104,-0.178,0.061
857192245,0.0405,-0.0063,-1.0591,-0.226,0.067,0.061
857205245,0.0371,-0.0015,-1.0645,0.140,0.128,-0.000
857218245,0.0430,-0.0034,-1.0571,-0.104,0.005,-0.061
857231245,0.0381,-0.0054,-1.0659,-0.104,0.067,-0.000
857244245,0.0405,-0.0068,-1.0610,0.079,0.067,-0.000
857257245,0.0366,-0.0049,-1.0635,-0.104,-0.056,-0.000
857270245,0.0356,-0.0044,-1.0693,-0.104,-0.056,0.061
857283245,0.0391,-0.0098,-1.0659,-0.104,-0.056,-0.000
857296245,0.0405,-0.0063,-1.0591,0.079,-0.056,-0.000
857309245,0.0391,-0.0039,-1.0625,-0.165,0.128,-0.000
857322245,0.0381,-0.0039,-1.0645,0.079,0.067,-0.183
857335245,0.0332,-0.0073,-1.0664,0.140,-0.178,0.122
857348245,0.0415,-0.0049,-1.0630,0.018,-0.300,0.183
857361245,0.0371,-0.0073,-1.0591,-0.104,0.067,-0.000
857374245,0.0381,-0.0029,-1.0679,0.018,0.128,0.061
857387245,0.0425,-0.0044,-1.0615,0.140,-0.239,0.061
857400245,0.0420,-0.0063,-1.0610,0.140,0.067,-0.061
857413245,0.0381,-0.0078,-1.0620,-0.165,-0.178,-0.122
857426245,0.0430,-0.0083,-1.0620,0.079,-0.178,0.122
857439245,0.0400,-0.0039,-1.0581,0.079,-0.056,-0.061
857452245,0.0361,-0.0044,-1.0601,-0.043,0.128,-0.000
857465245,0.0356,-0.0044,-1.0649,0.018,0.128,-0.000
857478245,0.0391,-0.0059,-1.0659,0.323,0.067,-0.061
857491245,0.0430,-0.0049,-1.0625,-0.165,0.067,-0.000
857504245,0.0430,-0.0049,-1.0645,0.079,-0.056,0.183
857517245,0.0396,-0.0078,-1.0669,-0.043,0.128,-0.061
857530245,0.0371,-0.0083,-1.0664,0.018,0.067,0.061
857543245,0.0405,-0.0068,-1.0586,0.140,0.005,-0.122
857556245,0.0386,-0.0039,-1.0601,-0.043,-0.056,-0.183
857569245,0.0356,-0.0078,-1.0630,-0.043,-0.239,-0.000
857582245,0.0366,-0.0083,-1.0610,0.079,0.128,0.061
857595245,0.0386,-0.0044,-1.0640,0.018,0.005,-0.122
857608245,0.0376,-0.0063,-1.0615,0.079,-0.117,0.061
857621245,0.0386,-0.0049,-1.0664,-0.043,-0.300,0.061
857634245,0.0381,-0.0098,-1.0625,0.018,0.005,-0.122
857647245,0.0391,-0.0059,-1.0610,-0.104,-0.178,-0.061
857660245,0.0381,-0.0068,-1.0703,-0.226,-0.300,0.061
857673245,0.0352,-0.0034,-1.0601,0.140,-0.056,-0.000
857686245,0.0415,-0.0068,-1.0610,0.079,-0.056,-0.000
857699245,0.0391,-0.0044,-1.0640,0.079,-0.178,-0.122
857712245,0.0371,-0.0054,-1.0649,0.079,0.067,0.061
857725245,0.0381,-0.0049,-1.0601,0.201,0.067,0.183
857738245,0.0361,-0.0063,-1.0649,-0.043,-0.056,-0.000
857751245,0.0361,-0.0049,-1.0576,0.201,0.005,-0.183
857764245,0.0376,-0.0054,-1.0659,-0.104,0.005,0.061
857777245,0.0396,-0.0049,-1.0576,0.018,-0.056,-0.061
857790245,0.0410,-0.0068,-1.0615,0.079,0.067,0.061
857803245,0.0396,-0.0015,-1.0596,0.079,-0.178,-0.122
857816245,0.0376,-0.0054,-1.0625,0.140,0.128,-0.061
857829245,0.0376,-0.0054,-1.0703,0.018,-0.117,-0.000
857842245,0.0430,-0.0034,-1.0610,-0.043,0.067,-0.122
857855245,0.0396,-0.0068,-1.0566,-0.043,0.005,-0.000
857868245,0.0386,-0.0073,-1.0693,-0.043,0.311,-0.061
857881245,0.0405,-0.0073,-1.0645,-0.104,-0.178,0.183
857894245,0.0400,-0.0068,-1.0664,-0.165,-0.117,-0.122
857907245,0.0420,-0.0059,-1.0645,-0.043,0.067,-0.000
857920245,0.0391,-0.0059,-1.0615,-0.043,-0.178,0.061
857933245,0.0376,-0.0083,-1.0635,-0.043,-0.178,-0.183
857946245,0.0381,-0.0063,-1.0654,0.018,-0.178,0.122
857959245,0.0386,-0.0078,-1.0620,0.018,-0.056,0.061
857972245,0.0396,-0.0049,-1.0596,0.018,-0.117,-0.122
857985245,0.0405,-0.0083,-1.0571,-0.043,-0.056,-0.061
857998245,0.0376,-0.0068,-1.0601,-0.043,-0.056,0.122
858011245,0.0361,-0.0054,-1.0610,-0.043,0.128,-0.061
858024245,0.0405,-0.0044,-1.0625,-0.043,-0.117,0.244
858037245,0.0371,-0.0083,-1.0625,-0.104,-0.178,-0.122
858050245,0.0376,-0.0063,-1.0669,0.018,0.005,-0.061
858063245,0.0342,-0.0083,-1.0605,0.079,-0.117,-0.000
858076245,0.0342,-0.0034,-1.0547,-0.287,0.005,-0.000
858089245,0.0400,-0.0039,-1.0625,-0.043,0.005,0.122
858102245,0.0381,-0.0068,-1.0693,-0.043,-0.300,-0.000
858115245,0.0386,-0.0088,-1.0645,-0.165,-0.178,-0.061
858128245,0.0366,-0.0015,-1.0645,0.140,-0.117,-0.122
858141245,0.0396,-0.0088,-1.0679,-0.043,-0.056,-0.122
858154245,0.0356,-0.0049,-1.0640,0.140,0.067,-0.122
858167245,0.0396,-0.0063,-1.0615,0.262,-0.178,0.122
858180245,0.0439,-0.0044,-1.0654,0.140,-0.117,-0.183
858193245,0.0391,-0.0039,-1.0625,0.201,0.250,-0.000
858206245,0.0400,-0.0020,-1.0615,0.140,-0.117,0.488
858219245,0.0391,-0.0068,-1.0649,0.018,-0.117,0.061
858232245,0.0347,-0.0083,-1.0596,-0.043,0.005,-0.000
858245245,0.0366,-0.0073,-1.0693,-0.165,0.005,-0.122
858258245,0.0371,-0.0063,-1.0659,0.079,0.250,0.122
858271245,0.0449,-0.0059,-1.0674,-0.104,-0.117,-0.061
858284245,0.0376,-0.0078,-1.0601,-0.104,-0.361,-0.427
858297245,0.0366,-0.0068,-1.0620,0.140,0.067,0.061
858310245,0.0332,-0.0068,-1.0630,0.018,-0.117,-0.122
858323245,0.0376,-0.0059,-1.0649,0.384,-0.056,-0.000
858336245,0.0371,-0.0029,-1.0571,0.079,-0.178,0.061
858349245,0.0381,-0.0039,-1.0645,0.018,0.067,-0.000
858362245,0.0361,-0.0044,-1.0547,0.018,0.005,-0.061
858375245,0.0400,-0.0068,-1.0635,0.079,0.067,0.244
858388245,0.0376,-0.0068,-1.0649,0.201,0.189,-0.122
858401245,0.0425,-0.0059,-1.0581,-0.043,0.005,-0.000
858414245,0.0356,-0.0059,-1.0552,-0.043,-0.239,-0.000
858427245,0.0352,-0.0020,-1.0645,-0.043,0.005,0.122
858440245,0.0391,-0.0088,-1.0620,-0.104,0.005,0.244
858453245,0.0415,-0.0054,-1.0659,-0.043,0.067,-0.061
858466245,0.0386,-0.0059,-1.0630,-0.043,-0.056,-0.122
858479245,0.0391,-0.0088,-1.0698,-0.104,0.005,-0.061
858492245,0.0366,-0.0039,-1.0571,-0.104,-0.178,-0.061
858505245,0.0396,-0.0059,-1.0591,0.018,-0.178,0.183
858518245,0.0386,-0.0083,-1.0645,-0.104,-0.056,-0.061
858531245,0.0405,-0.0049,-1.0664,-0.226,0.189,-0.061
858544245,0.0400,-0.0073,-1.0635,0.201,0.067,-0.122
858557245,0.0371,-0.0034,-1.0688,0.079,0.005,-0.000
858570245,0.0371,-0.0063,-1.0596,-0.043,-0.056,-0.122
858583245,0.0400,-0.0044,-1.0669,-0.043,0.128,-0.061
858596245,0.0386,-0.0059,-1.0586,0.018,0.189,-0.000
858609245,0.0361,-0.0049,-1.0674,-0.165,-0.117,0.061
858622245,0.0376,-0.0054,-1.0601,0.018,0.005,0.122
858635245,0.0366,-0.0059,-1.0630,0.262,0.128,-0.122
858648245,0.0381,-0.0054,-1.0596,0.262,0.128,-0.000
858661245,0.0430,-0.0059,-1.0645,-0.043,-0.056,-0.000
858674245,0.0396,-0.0005,-1.0596,0.018,-0.300,-0.061
858687245,0.0366,-0.0034,-1.0630,0.079,0.067,0.122
858700245,0.0337,-0.0034,-1.0679,0.018,0.005,0.061
858713245,0.0396,-0.0068,-1.0562,-0.104,-0.117,0.061
858726245,0.0425,-0.0044,-1.0718,0.018,-0.117,-0.061
858739245,0.0410,-0.0034,-1.0625,-0.043,0.128,-0.000
858752245,0.0391,-0.0098,-1.0635,0.262,0.128,-0.061
858765245,0.0361,-0.0049,-1.0581,-0.104,0.005,-0.000
858778245,0.0400,-0.0054,-1.0610,0.018,-0.178,-0.061
858791245,0.0366,-0.0083,-1.0596,0.140,0.067,0.122
858804245,0.0391,-0.0073,-1.0679,0.079,0.067,-0.061
858817245,0.0396,-0.0049,-1.0596,0.018,0.005,0.122
858830245,0.0410,-0.0054,-1.0625,0.079,0.128,-0.244
858843245,0.0405,-0.0063,-1.0586,-0.043,-0.178,-0.000
858856245,0.0347,-0.0059,-1.0605,0.201,0.067,0.061
858869245,0.0400,-0.0059,-1.0620,0.018,-0.239,-0.061
858882245,0.0405,-0.0039,-1.0669,0.201,0.189,-0.000
858895245,0.0400,-0.0034,-1.0669,0.140,-0.300,-0.061
858908245,0.0405,-0.0073,-1.0718,-0.104,-0.117,-0.244
858921245,0.0371,-0.0049,-1.0664,0.140,0.005,0.061
858934245,0.0425,-0.0039,-1.0640,0.140,0.250,0.122
858947245,0.0386,-0.0078,-1.0723,0.140,-0.239,0.305
858960245,0.0405,-0.0054,-1.0645,0.079,0.067,0.061
858973245,0.0327,-0.0078,-1.0645,-0.165,-0.178,-0.061
858986245,0.0386,-0.0039,-1.0669,0.018,-0.361,-0.122
858999245,0.0361,-0.0015,-1.0649,0.079,-0.361,0.122
859012245,0.0376,-0.0063,-1.0645,0.201,-0.178,-0.000
859025245,0.0366,-0.0078,-1.0601,-0.226,0.005,0.122
859038245,0.0381,-0.0049,-1.0601,0.140,-0.056,-0.122
859051245,0.0386,-0.0083,-1.0630,0.018,-0.178,0.183
859064245,0.0381,-0.0083,-1.0571,0.079,-0.117,0.305
859077245,0.0400,-0.0068,-1.0635,0.140,0.067,0.122
859090245,0.0400,-0.0078,-1.0659,0.018,-0.239,-0.061
859103245,0.0400,-0.0044,-1.0659,-0.226,0.067,-0.061
859116245,0.0371,-0.0049,-1.0630,-0.104,-0.056,0.061
859129245,0.0376,-0.0083,-1.0625,0.201,-0.117,-0.000
859142245,0.0381,-0.0078,-1.0615,-0.104,-0.056,-0.061
859155245,0.0352,-0.0020,-1.0664,0.201,-0.239,0.061
859168245,0.0386,-0.0049,-1.0591,0.140,-0.117,-0.244
859181245,0.0381,-0.0063,-1.0649,-0.043,-0.056,-0.000
859194245,0.0391,-0.0068,-1.0659,-0.043,0.067,-0.061
859207245,0.0396,-0.0044,-1.0684,0.018,-0.178,-0.122
859220245,0.0317,-0.0068,-1.0586,0.018,0.250,-0.061
859233245,0.0352,-0.0068,-1.0615,-0.043,0.189,-0.122
859246245,0.0415,-0.0024,-1.0654,0.018,-0.056,0.061
859259245,0.0400,0.0010,-1.0645,0.079,0.067,-0.183
859272245,0.0342,-0.0049,-1.0566,0.018,-0.056,-0.061
859285245,0.0425,-0.0039,-1.0669,-0.104,0.067,-0.061
859298245,0.0342,-0.0073,-1.0645,0.079,-0.117,-0.000
859311245,0.0381,-0.0054,-1.0645,-0.165,0.005,0.122
859324245,0.0381,-0.0063,-1.0640,0.079,0.067,0.122
859337245,0.0391,-0.0059,-1.0654,-0.104,0.067,0.122
859350245,0.0381,-0.0049,-1.0610,0.018,-0.056,0.061
859363245,0.0366,-0.0049,-1.0635,0.384,-0.117,-0.061
859376245,0.0371,-0.0068,-1.0640,-0.165,-0.117,-0.061
859389245,0.0376,-0.0083,-1.0698,0.018,0.128,0.183
859402245,0.0381,-0.0024,-1.0630,0.140,0.005,0.183
859415245,0.0425,-0.0083,-1.0645,0.079,-0.117,-0.244
859428245,0.0396,-0.0063,-1.0649,-0.043,-0.117,0.061
859441245,0.0420,-0.0049,-1.0581,0.262,-0.239,0.122
859454245,0.0361,-0.0068,-1.0620,0.079,-0.239,-0.122
859467245,0.0366,-0.0073,-1.0586,0.018,0.128,-0.183
859480245,0.0376,-0.0039,-1.0571,0.018,-0.178,-0.061
859493245,0.0381,-0.0063,-1.0674,0.140,0.005,-0.366
859506245,0.0376,-0.0044,-1.0601,-0.104,0.005,-0.061
859519245,0.0410,-0.0029,-1.0674,0.079,-0.056,-0.061
859532245,0.0352,-0.0039,-1.0669,-0.165,0.128,0.061
859545245,0.0337,-0.0049,-1.0635,-0.043,-0.178,0.122
859558245,0.0371,-0.0049,-1.0586,-0.165,-0.117,-0.122
859571245,0.0371,-0.0039,-1.0625,0.140,0.005,0.061
859584245,0.0410,-0.0093,-1.0659,-0.104,-0.117,0.305
859597245,0.0425,-0.0039,-1.0610,-0.104,0.067,0.061
859610245,0.0337,-0.0054,-1.0605,-0.104,-0.117,-0.244
859623245,0.0396,-0.0044,-1.0625,-0.043,0.005,0.122
859636245,0.0376,-0.0054,-1.0552,-0.043,-0.178,0.122
859649245,0.0391,-0.0054,-1.0591,0.079,-0.117,0.061
859662245,0.0396,-0.0059,-1.0620,0.140,0.067,0.244
859675245,0.0405,-0.0073,-1.0659,0.079,0.250,-0.000
859688245,0.0371,-0.0059,-1.0601,-0.104,-0.117,-0.183
859701245,0.0376,-0.0039,-1.0664,-0.165,-0.117,-0.000
859714245,0.0371,-0.0054,-1.0601,-0.165,0.067,0.061
859727245,0.0396,-0.0049,-1.0630,0.079,0.311,0.183
859740245,0.0405,-0.0073,-1.0586,-0.104,-0.178,-0.000
859753245,0.0405,-0.0063,-1.0601,0.018,-0.056,0.061
859766245,0.0381,-0.0088,-1.0610,0.018,0.005,-0.122
859779245,0.0366,-0.0063,-1.0654,0.201,0.005,-0.000
859792245,0.0430,-0.0063,-1.0625,-0.043,0.067,-0.000
859805245,0.0391,-0.0068,-1.0635,-0.165,0.067,0.183
859818245,0.0381,-0.0059,-1.0601,0.079,-0.178,0.122
859831245,0.0347,-0.0063,-1.0596,0.201,0.189,0.183
859844245,0.0356,-0.0078,-1.0659,-0.165,0.067,0.122
859857245,0.0376,-0.0015,-1.0576,0.018,-0.178,-0.000
859870245,0.0391,-0.0078,-1.0605,-0.043,-0.056,-0.061
859883245,0.0400,-0.0054,-1.0635,0.201,0.067,-0.122
859896245,0.0435,-0.0073,-1.0649,-0.043,0.005,-0.061
859909245,0.0361,-0.0034,-1.0586,0.018,0.067,0.061
859922245,0.0361,-0.0049,-1.0620,-0.104,-0.178,-0.244
859935245,0.0366,-0.0034,-1.0640,-0.104,-0.422,-0.061
859948245,0.0371,-0.0015,-1.0615,0.201,0.005,0.122
859961245,0.0391,-0.0068,-1.0625,0.140,-0.056,-0.244
859974245,0.0356,-0.0088,-1.0645,-0.104,0.005,0.061
859987245,0.0376,-0.0088,-1.0659,-0.165,0.005,0.061
860000245,0.0391,-0.0093,-1.0640,0.018,-0.056,0.061
860013245,0.0381,-0.0044,-1.0659,-0.104,-0.300,0.122
860026245,0.0391,-0.0078,-1.0625,0.018,0.005,-0.061
860039245,0.0405,-0.0049,-1.0620,-0.043,-0.117,0.183
860052245,0.0371,-0.0034,-1.0605,0.079,-0.056,-0.061
860065245,0.0352,-0.0005,-1.0635,0.018,0.005,0.122
860078245,0.0376,-0.0068,-1.0596,-0.104,-0.239,0.061
860091245,0.0356,-0.0078,-1.0615,-0.104,-0.056,-0.000
860104245,0.0381,-0.0059,-1.0640,0.018,0.067,0.061
860117245,0.0391,-0.0088,-1.0654,-0.104,-0.117,-0.061
860130245,0.0371,-0.0088,-1.0688,-0.165,0.067,0.122
860143245,0.0361,-0.0020,-1.0566,0.018,-0.117,-0.061
860156245,0.0400,-0.0093,-1.0708,-0.104,-0.178,0.061
860169245,0.0391,-0.0029,-1.0645,-0.226,-0.056,-0.183
860182245,0.0376,-0.0039,-1.0635,-0.226,0.005,-0.305
860195245,0.0376,-0.0083,-1.0640,-0.043,-0.056,0.061
860208245,0.0386,-0.0059,-1.0630,-0.043,0.005,-0.122
860221245,0.0391,-0.0049,-1.0566,-0.226,-0.361,-0.000
860234245,0.0410,-0.0059,-1.0635,0.018,-0.178,-0.061
860247245,0.0405,-0.0088,-1.0610,0.018,-0.178,-0.000
860260245,0.0400,-0.0059,-1.0664,0.079,0.250,-0.061
860273245,0.0396,-0.0049,-1.0640,0.323,-0.056,-0.000
860286245,0.0337,-0.0049,-1.0576,-0.043,0.128,0.183
860299245,0.0381,-0.0063,-1.0659,0.140,-0.056,0.061
860312245,0.0425,-0.0063,-1.0659,-0.104,0.005,0.122
860325245,0.0381,-0.0073,-1.0640,-0.104,-0.239,0.183
860338245,0.0386,-0.0098,-1.0664,-0.104,0.067,-0.000
860351245,0.0361,-0.0059,-1.0620,0.018,0.128,-0.000
860364245,0.0410,-0.0044,-1.0659,0.079,0.005,-0.000
860377245,0.0332,-0.0059,-1.0557,0.079,-0.056,-0.122
860390245,0.0391,-0.0020,-1.0630,-0.104,-0.117,0.122
860403245,0.0454,-0.0083,-1.0645,0.201,-0.117,-0.122
860416245,0.0361,-0.0068,-1.0625,-0.226,0.128,0.061
860429245,0.0386,-0.0059,-1.0601,0.262,-0.117,-0.061
860442245,0.0381,-0.0063,-1.0596,0.262,-0.056,-0.061
860455245,0.0347,-0.0044,-1.0537,0.018,-0.056,-0.061
860468245,0.0361,-0.0083,-1.0591,-0.104,0.128,-0.000
860481245,0.0425,-0.0063,-1.0615,0.018,-0.300,0.122
860494245,0.0400,-0.0073,-1.0591,0.018,0.189,0.122
860507245,0.0371,-0.0005,-1.0669,0.079,0.005,-0.061
860520245,0.0366,-0.0034,-1.0679,-0.104,-0.117,0.061
860533245,0.0386,-0.0068,-1.0649,-0.104,0.005,-0.061
860546245,0.0342,-0.0049,-1.0679,0.018,-0.056,-0.244
860559245,0.0342,-0.0024,-1.0576,0.140,-0.056,-0.000
860572245,0.0405,-0.0054,-1.0635,0.018,-0.361,-0.183
860585245,0.0371,-0.0020,-1.0596,0.018,-0.117,-0.061
860598245,0.0396,-0.0039,-1.0649,0.140,-0.117,0.061
860611245,0.0376,-0.0073,-1.0645,0.018,-0.239,-0.183
860624245,0.0371,-0.0044,-1.0645,-0.165,-0.056,0.183
860637245,0.0352,-0.0083,-1.0610,-0.165,-0.056,-0.000
860650245,0.0415,-0.0049,-1.0635,0.201,0.067,-0.061
860663245,0.0410,-0.0059,-1.0610,0.140,0.067,-0.183
860676245,0.0356,-0.0034,-1.0669,-0.043,-0.117,-0.305
860689245,0.0400,-0.0049,-1.0615,0.140,0.189,0.122
860702245,0.0371,-0.0093,-1.0552,0.079,-0.056,0.061
860715245,0.0439,-0.0063,-1.0688,0.018,-0.117,-0.122
860728245,0.0352,-0.0078,-1.0630,0.079,-0.056,0.183
860741245,0.0405,-0.0068,-1.0576,-0.043,-0.056,-0.000
860754245,0.0361,-0.0054,-1.0566,0.201,-0.117,0.122
860767245,0.0337,-0.0054,-1.0664,-0.043,0.128,-0.000
860780245,0.0376,-0.0063,-1.0605,0.018,-0.239,0.366
860793245,0.0352,-0.0044,-1.0586,-0.104,0.067,-0.000
860806245,0.0361,-0.0024,-1.0674,0.079,0.005,-0.061
860819245,0.0386,-0.0059,-1.0649,-0.043,-0.361,-0.244
860832245,0.0381,-0.0010,-1.0566,0.018,-0.056,-0.000
860845245,0.0386,-0.0068,-1.0630,0.018,0.128,0.061
860858245,0.0347,-0.0044,-1.0610,0.079,-0.056,-0.061
860871245,0.0405,-0.0039,-1.0649,0.018,-0.117,0.122
860884245,0.0376,-0.0063,-1.0664,0.140,0.005,-0.000
860897245,0.0405,-0.0068,-1.0625,0.201,-0.178,-0.061
860910245,0.0376,-0.0063,-1.0522,-0.043,0.128,0.183
860923245,0.0386,-0.0049,-1.0659,-0.043,-0.117,-0.122
860936245,0.0371,-0.0020,-1.0654,-0.165,-0.178,-0.122
860949245,0.0356,-0.0063,-1.0674,0.140,0.067,-0.183
860962245,0.0405,-0.0059,-1.0640,-0.104,-0.178,-0.000
860975245,0.0415,-0.0073,-1.0659,0.018,0.067,-0.000
860988245,0.0410,-0.0049,-1.0571,-0.104,-0.178,0.061
861001245,0.0356,-0.0049,-1.0591,-0.226,-0.117,-0.061
861014245,0.0361,-0.0020,-1.0640,0.079,-0.056,-0.000
861027245,0.0386,-0.0068,-1.0688,0.018,-0.239,-0.061
861040245,0.0400,-0.0039,-1.0586,0.140,0.189,0.061
861053245,0.0356,-0.0088,-1.0693,-0.165,-0.239,-0.183
861066245,0.0376,-0.0034,-1.0659,0.079,0.005,0.061
861079245,0.0396,-0.0015,-1.0742,-0.043,-0.239,-0.000
861092245,0.0381,-0.0054,-1.0679,0.201,0.067,-0.000
861105245,0.0381,-0.0049,-1.0562,0.140,0.067,-0.122
861118245,0.0347,-0.0044,-1.0610,-0.043,-0.178,0.244
861131245,0.0391,-0.0029,-1.0620,0.140,-0.117,0.122
861144245,0.0317,-0.0093,-1.0640,0.018,-0.056,-0.061
861157245,0.0396,-0.0039,-1.0688,0.079,0.005,-0.061
861170245,0.0396,-0.0039,-1.0596,0.018,-0.056,0.122
861183245,0.0386,-0.0029,-1.0640,0.079,0.005,-0.244
861196245,0.0410,-0.0054,-1.0610,-0.043,-0.056,-0.000
861209245,0.0391,-0.0068,-1.0625,0.140,-0.239,-0.000
861222245,0.0322,-0.0054,-1.0625,0.140,0.067,-0.122
861235245,0.0337,-0.0059,-1.0566,-0.226,-0.056,-0.183
861248245,0.0356,-0.0068,-1.0708,-0.165,0.005,-0.061
861261245,0.0386,-0.0015,-1.0645,0.079,-0.117,0.183
861274245,0.0381,-0.0049,-1.0537,0.018,-0.056,-0.122
861287245,0.0361,-0.0059,-1.0620,0.079,-0.117,-0.061
861300245,0.0361,-0.0059,-1.0601,0.262,0.067,0.061
861313245,0.0376,-0.0044,-1.0605,0.079,0.005,-0.183
861326245,0.0391,-0.0049,-1.0591,0.201,-0.117,-0.000
861339245,0.0381,-0.0083,-1.0610,0.018,-0.178,0.122
861352245,0.0396,-0.0039,-1.0649,0.201,0.128,0.122
861365245,0.0386,-0.0010,-1.0645,0.201,0.128,-0.183
861378245,0.0371,-0.0068,-1.0664,-0.104,-0.239,-0.244
861391245,0.0381,-0.0044,-1.0581,-0.104,0.067,-0.000
861404245,0.0371,-0.0098,-1.0669,0.140,-0.178,-0.122
861417245,0.0386,-0.0034,-1.0601,0.140,-0.117,0.061
861430245,0.0386,-0.0083,-1.0640,0.079,-0.239,-0.183
861443245,0.0371,-0.0034,-1.0698,-0.165,0.189,-0.183
861456245,0.0400,-0.0059,-1.0576,0.201,-0.117,-0.000
861469245,0.0405,-0.0039,-1.0625,0.018,-0.117,-0.000
861482245,0.0352,-0.0073,-1.0649,0.079,-0.056,-0.183
861495245,0.0356,-0.0098,-1.0649,-0.043,-0.117,-0.061
861508245,0.0386,-0.0054,-1.0649,-0.165,0.067,0.061
861521245,0.0366,-0.0044,-1.0640,-0.043,0.005,-0.000
861534245,0.0435,-0.0063,-1.0654,-0.165,-0.117,-0.000
861547245,0.0396,-0.0063,-1.0615,0.262,-0.056,-0.000
861560245,0.0396,-0.0034,-1.0645,-0.043,-0.117,-0.000
861573245,0.0381,-0.0063,-1.0630,0.018,-0.300,-0.061
861586245,0.0356,-0.0039,-1.0586,0.140,0.189,-0.061
861599245,0.0386,-0.0015,-1.0669,-0.104,-0.117,0.183
861612245,0.0376,-0.0049,-1.0566,-0.104,0.005,-0.000
861625245,0.0376,-0.0054,-1.0640,-0.104,0.005,0.122
861638245,0.0381,-0.0098,-1.0581,0.018,0.128,-0.061
861651245,0.0400,-0.0063,-1.0601,0.018,0.005,-0.000
861664245,0.0425,-0.0029,-1.0654,-0.043,-0.117,0.244
861677245,0.0366,-0.0078,-1.0591,-0.104,-0.056,-0.122
861690245,0.0376,-0.0098,-1.0654,-0.043,0.005,-0.000
861703245,0.0391,-0.0049,-1.0659,0.140,0.250,0.061
861716245,0.0381,-0.0039,-1.0649,0.018,-0.117,0.061
861729245,0.0347,-0.0054,-1.0654,0.018,-0.178,0.122
861742245,0.0405,-0.0098,-1.0596,-0.104,-0.056,0.122
861755245,0.0391,-0.0073,-1.0596,-0.226,0.067,0.183
861768245,0.0439,-0.0063,-1.0664,-0.165,-0.239,-0.122
861781245,0.0391,-0.0063,-1.0591,0.140,-0.239,0.122
861794245,0.0396,-0.0039,-1.0654,0.018,0.128,0.061
861807245,0.0391,-0.0059,-1.0649,0.018,0.067,-0.000
861820245,0.0405,-0.0098,-1.0620,-0.043,-0.178,-0.061
861833245,0.0405,-0.0073,-1.0684,0.018,0.067,-0.000
861846245,0.0400,-0.0034,-1.0630,0.262,-0.117,0.122
861859245,0.0356,-0.0054,-1.0610,0.262,-0.178,0.122
861872245,0.0425,-0.0044,-1.0669,0.079,0.005,-0.000
861885245,0.0405,-0.0059,-1.0610,0.262,0.128,-0.122
861898245,0.0376,-0.0049,-1.0571,0.018,0.128,-0.000
861911245,0.0371,-0.0063,-1.0630,-0.043,-0.117,0.061
861924245,0.0381,-0.0010,-1.0674,-0.043,-0.056,0.122
861937245,0.0371,-0.0044,-1.0566,-0.104,-0.117,0.183
861950245,0.0425,-0.0044,-1.0635,-0.104,-0.056,-0.061
861963245,0.0356,-0.0049,-1.0640,0.018,0.128,-0.061
861976245,0.0410,-0.0078,-1.0688,0.018,-0.056,0.122
861989245,0.0400,-0.0078,-1.0698,0.140,0.128,-0.183
862002245,0.0400,-0.0034,-1.0659,0.079,0.005,-0.122
862015245,0.0381,-0.0034,-1.0615,0.079,-0.056,0.122
862028245,0.0366,-0.0034,-1.0630,-0.043,0.067,-0.000
862041245,0.0366,-0.0103,-1.0635,-0.043,0.067,-0.000
862054245,0.0405,-0.0073,-1.0591,0.140,-0.117,-0.061
862067245,0.0400,-0.0078,-1.0654,0.140,-0.239,-0.122
862080245,0.0361,-0.0054,-1.0640,0.018,-0.117,0.061
862093245,0.0400,-0.0103,-1.0615,0.079,0.128,-0.061
862106245,0.0410,-0.0063,-1.0649,-0.165,-0.178,0.183
862119245,0.0361,-0.0059,-1.0684,0.079,-0.117,-0.061
862132245,0.0386,-0.0039,-1.0625,0.140,-0.178,0.122
862145245,0.0391,-0.0034,-1.0605,-0.104,0.005,-0.061
862158245,0.0386,-0.0073,-1.0669,0.262,0.128,-0.061
862171245,0.0371,-0.0068,-1.0620,-0.104,0.005,0.122
862184245,0.0352,-0.0034,-1.0601,0.201,-0.056,-0.061
862197245,0.0400,-0.0034,-1.0586,-0.165,0.067,0.122
862210245,0.0386,-0.0083,-1.0635,0.079,0.067,-0.183
862223245,0.0400,-0.0083,-1.0596,0.018,0.067,-0.244
862236245,0.0391,-0.0039,-1.0640,0.018,-0.117,-0.061
862249245,0.0356,-0.0078,-1.0610,0.140,0.067,-0.122
862262245,0.0400,-0.0010,-1.0610,0.201,0.005,0.183
862275245,0.0439,-0.0039,-1.0625,-0.165,0.250,0.122
862288245,0.0376,-0.0093,-1.0679,-0.043,-0.178,-0.000
862301245,0.0371,-0.0039,-1.0610,0.018,-0.056,-0.061
862314245,0.0371,-0.0015,-1.0635,0.201,-0.178,-0.122
862327245,0.0396,-0.0044,-1.0688,-0.104,-0.117,-0.061
862340245,0.0376,-0.0088,-1.0576,0.201,0.067,0.122
862353245,0.0356,-0.0059,-1.0586,-0.104,-0.056,-0.000
862366245,0.0405,-0.0029,-1.0659,-0.104,-0.056,-0.183
862379245,0.0415,-0.0020,-1.0659,0.079,0.005,-0.000
862392245,0.0381,-0.0068,-1.0615,-0.104,-0.056,0.244
862405245,0.0386,-0.0059,-1.0615,-0.043,0.128,-0.000
862418245,0.0400,-0.0073,-1.0645,0.018,-0.239,0.305
862431245,0.0376,-0.0039,-1.0669,0.384,0.067,-0.183
862444245,0.0371,-0.0073,-1.0684,-0.104,-0.178,-0.000
862457245,0.0386,-0.0083,-1.0596,0.018,-0.056,-0.000
862470245,0.0376,-0.0083,-1.0669,0.079,0.005,-0.000
862483245,0.0454,-0.0083,-1.0596,0.140,0.250,0.061
862496245,0.0435,-0.0029,-1.0649,0.079,-0.056,-0.244
862509245,0.0405,-0.0039,-1.0679,-0.104,-0.056,-0.244
862522245,0.0312,-0.0044,-1.0566,0.140,-0.361,0.061
862535245,0.0420,-0.0054,-1.0635,0.018,0.128,0.061
862548245,0.0376,-0.0054,-1.0605,0.140,0.005,-0.061
862561245,0.0376,-0.0049,-1.0664,-0.104,-0.117,-0.244
862574245,0.0366,-0.0073,-1.0610,0.140,0.005,0.122
862587245,0.0415,-0.0044,-1.0669,0.079,-0.117,0.122
862600245,0.0361,-0.0073,-1.0635,0.262,0.005,-0.000
862613245,0.0420,-0.0063,-1.0596,0.018,-0.239,0.183
862626245,0.0371,-0.0059,-1.0615,-0.104,0.005,-0.122
862639245,0.0376,-0.0073,-1.0698,0.140,-0.056,0.183
862652245,0.0366,-0.0083,-1.0620,0.201,-0.056,0.061
862665245,0.0371,-0.0049,-1.0688,-0.287,-0.117,-0.000
862678245,0.0366,-0.0039,-1.0630,-0.043,-0.056,-0.183
862691245,0.0386,-0.0020,-1.0654,-0.226,-0.117,0.183
862704245,0.0400,-0.0059,-1.0659,0.018,0.128,0.183
862717245,0.0405,-0.0059,-1.0640,0.079,-0.056,-0.000
862730245,0.0400,-0.0068,-1.0625,0.140,0.189,0.122
862743245,0.0410,-0.0083,-1.0620,0.079,-0.178,-0.061
862756245,0.0415,-0.0093,-1.0615,-0.043,-0.117,-0.122
862769245,0.0396,-0.0039,-1.0605,0.201,0.067,0.305
862782245,0.0376,-0.0068,-1.0664,-0.104,0.250,-0.000
862795245,0.0356,-0.0029,-1.0698,0.079,0.005,-0.122
862808245,0.0386,-0.0059,-1.0605,0.201,-0.056,-0.183
862821245,0.0386,-0.0068,-1.0640,-0.165,-0.178,-0.000
862834245,0.0356,-0.0068,-1.0640,0.079,0.005,-0.061
862847245,0.0356,-0.0044,-1.0659,0.079,-0.239,0.183
862860245,0.0366,-0.0034,-1.0596,0.140,0.311,0.122
862873245,0.0366,-0.0088,-1.0649,0.079,0.067,-0.061
862886245,0.0361,-0.0068,-1.0615,-0.043,0.128,-0.061
862899245,0.0391,-0.0059,-1.0654,-0.043,-0.056,0.122
862912245,0.0391,-0.0044,-1.0605,0.079,0.067,-0.061
862925245,0.0386,-0.0039,-1.0615,0.018,-0.117,0.061
862938245,0.0386,-0.0044,-1.0640,0.018,0.128,-0.061
862951245,0.0366,-0.0063,-1.0649,-0.043,-0.117,-0.061
862964245,0.0352,-0.0054,-1.0645,0.140,0.250,0.061
862977245,0.0366,-0.0044,-1.0654,0.018,-0.056,-0.061
862990245,0.0356,-0.0034,-1.0654,0.079,-0.178,0.061
863003245,0.0347,-0.0029,-1.0640,0.140,-0.117,-0.000
863016245,0.0391,-0.0054,-1.0664,-0.104,0.189,-0.061
863029245,0.0376,-0.0083,-1.0635,-0.165,0.067,-0.000
863042245,0.0400,-0.0049,-1.0654,0.140,-0.117,0.183
863055245,0.0400,-0.0044,-1.0625,0.018,0.067,0.122
863068245,0.0410,-0.0068,-1.0625,-0.104,0.067,0.061
863081245,0.0391,-0.0044,-1.0640,0.140,-0.056,0.061
863094245,0.0391,-0.0073,-1.0615,0.079,-0.239,0.061
863107245,0.0400,-0.0049,-1.0620,0.262,0.005,-0.000
863120245,0.0415,-0.0039,-1.0649,-0.226,0.005,-0.061
863133245,0.0371,-0.0073,-1.0620,0.079,-0.117,-0.122
863146245,0.0410,-0.0063,-1.0605,-0.043,-0.239,-0.122
863159245,0.0342,-0.0044,-1.0581,-0.104,-0.117,-0.122
863172245,0.0376,-0.0049,-1.0586,0.079,0.005,0.061
863185245,0.0381,-0.0059,-1.0659,0.018,-0.056,0.122
863198245,0.0396,-0.0083,-1.0610,0.079,-0.239,0.122
863211245,0.0366,-0.0049,-1.0654,0.140,0.005,-0.000
863224245,0.0400,-0.0044,-1.0615,0.140,-0.056,0.183
863237245,0.0376,-0.0088,-1.0615,0.140,0.005,0.122
863250245,0.0400,-0.0044,-1.0669,0.079,-0.117,-0.000
863263245,0.0376,-0.0107,-1.0630,0.018,-0.239,-0.000
863276245,0.0376,-0.0063,-1.0615,-0.043,0.189,0.122
863289245,0.0396,-0.0044,-1.0679,0.018,-0.056,0.122
863302245,0.0391,-0.0068,-1.0664,-0.226,0.067,0.122
863315245,0.0410,-0.0049,-1.0664,0.018,-0.178,0.122
863328245,0.0371,-0.0073,-1.0596,0.018,0.067,-0.061
863341245,0.0386,-0.0073,-1.0669,-0.165,-0.056,-0.122
863354245,0.0376,-0.0044,-1.0571,-0.104,0.005,-0.000
863367245,0.0381,-0.0034,-1.0562,-0.043,-0.056,-0.000
863380245,0.0405,-0.0073,-1.0649,0.079,-0.178,0.183
863393245,0.0396,-0.0039,-1.0625,-0.043,-0.300,0.061
863406245,0.0386,-0.0068,-1.0605,-0.104,-0.300,-0.183
863419245,0.0391,-0.0049,-1.0586,0.140,-0.117,0.244
863432245,0.0361,-0.0063,-1.0693,0.140,-0.178,-0.122
863445245,0.0371,-0.0044,-1.0654,0.018,-0.361,-0.000
863458245,0.0376,-0.0044,-1.0591,0.201,-0.239,-0.061
863471245,0.0356,-0.0063,-1.0591,-0.104,-0.117,-0.000
863484245,0.0391,-0.0029,-1.0640,0.018,-0.300,-0.122
863497245,0.0381,-0.0044,-1.0620,0.079,0.128,-0.061
863510245,0.0352,-0.0010,-1.0630,0.140,-0.239,0.061
863523245,0.0405,-0.0034,-1.0566,0.079,-0.178,0.061
863536245,0.0405,-0.0103,-1.0591,-0.043,-0.239,-0.061
863549245,0.0386,-0.0088,-1.0669,0.018,-0.178,-0.061
863562245,0.0391,-0.0073,-1.0576,0.079,-0.239,0.122
863575245,0.0420,-0.0083,-1.0615,0.018,0.189,-0.122
863588245,0.0396,-0.0078,-1.0596,0.079,-0.178,0.061
863601245,0.0420,-0.0049,-1.0645,0.140,0.005,-0.061
863614245,0.0410,-0.0039,-1.0620,-0.287,-0.300,-0.122
863627245,0.0420,-0.0054,-1.0605,-0.043,-0.117,-0.244
863640245,0.0337,-0.0059,-1.0591,-0.226,0.005,-0.183
863653245,0.0381,-0.0073,-1.0635,-0.043,0.189,0.122
863666245,0.0381,-0.0059,-1.0630,0.018,-0.117,-0.000
863679245,0.0410,-0.0049,-1.0674,-0.104,-0.056,-0.000
863692245,0.0391,-0.0054,-1.0615,0.079,-0.178,-0.244
863705245,0.0386,-0.0049,-1.0576,-0.043,0.067,-0.000
863718245,0.0376,-0.0034,-1.0571,0.079,-0.056,0.488
863731245,0.0420,-0.0044,-1.0654,-0.104,-0.117,-0.000
863744245,0.0356,-0.0039,-1.0596,0.018,0.128,0.122
863757245,0.0400,-0.0044,-1.0601,-0.043,0.128,0.122
863770245,0.0366,-0.0059,-1.0674,0.018,-0.056,-0.122
863783245,0.0415,-0.0039,-1.0693,0.018,-0.239,0.122
863796245,0.0396,-0.0005,-1.0635,0.140,0.067,0.305
863809245,0.0381,-0.0078,-1.0605,-0.043,-0.117,-0.000
863822245,0.0381,-0.0078,-1.0620,0.018,-0.056,-0.000
863835245,0.0405,-0.0073,-1.0674,0.140,0.128,-0.061
863848245,0.0356,-0.0049,-1.0596,0.018,-0.056,0.061
863861245,0.0386,-0.0073,-1.0679,-0.043,-0.056,0.061
863874245,0.0376,-0.0049,-1.0610,-0.043,-0.117,0.122
863887245,0.0386,-0.0078,-1.0601,-0.043,-0.056,-0.061
863900245,0.0366,-0.0029,-1.0591,-0.104,-0.117,0.061
863913245,0.0396,-0.0059,-1.0596,-0.165,0.067,0.122
863926245,0.0391,-0.0029,-1.0674,0.018,-0.117,0.183
863939245,0.0410,-0.0020,-1.0684,-0.043,-0.117,0.061
863952245,0.0376,-0.0044,-1.0625,0.018,0.005,-0.061
863965245,0.0400,-0.0044,-1.0625,-0.104,-0.056,0.061
863978245,0.0376,-0.0073,-1.0620,0.079,-0.117,0.061
863991245,0.0376,-0.0073,-1.0625,-0.165,-0.056,-0.244
864004245,0.0410,-0.0073,-1.0557,-0.043,-0.361,0.061
864017245,0.0439,-0.0078,-1.0664,0.018,-0.117,0.122
864030245,0.0376,-0.0073,-1.0581,-0.043,0.067,-0.244
864043245,0.0361,-0.0073,-1.0630,-0.043,-0.239,-0.000
864056245,0.0405,-0.0034,-1.0664,0.201,-0.117,-0.061
864069245,0.0405,-0.0054,-1.0654,-0.165,0.067,-0.061
864082245,0.0376,-0.0068,-1.0615,0.018,-0.178,-0.061
864095245,0.0376,-0.0073,-1.0562,0.018,-0.178,0.061
864108245,0.0386,-0.0068,-1.0645,0.201,0.005,-0.061
864121245,0.0371,-0.0083,-1.0674,0.140,-0.422,-0.061
864134245,0.0366,-0.0054,-1.0605,0.079,0.067,-0.183
864147245,0.0396,-0.0078,-1.0684,0.262,-0.117,-0.061
864160245,0.0415,-0.0039,-1.0669,-0.104,-0.178,-0.000
864173245,0.0376,-0.0020,-1.0615,0.079,-0.056,0.061
864186245,0.0386,-0.0054,-1.0601,0.079,0.067,0.061
864199245,0.0361,-0.0039,-1.0635,0.201,-0.117,-0.061
864212245,0.0396,-0.0068,-1.0654,-0.043,-0.117,0.061
864225245,0.0371,-0.0073,-1.0591,-0.043,-0.300,-0.000
864238245,0.0396,-0.0073,-1.0625,0.018,-0.056,-0.061
864251245,0.0371,-0.0059,-1.0601,0.079,-0.117,-0.000
864264245,0.0420,-0.0049,-1.0615,0.018,0.005,-0.122
864277245,0.0371,-0.0039,-1.0605,0.018,-0.056,-0.000
864290245,0.0381,-0.0073,-1.0679,0.079,-0.178,-0.183
864303245,0.0400,-0.0073,-1.0605,-0.165,-0.117,-0.000
864316245,0.0405,-0.0063,-1.0659,-0.165,0.067,-0.122
864329245,0.0391,-0.0059,-1.0649,-0.043,0.128,0.122
864342245,0.0376,-0.0054,-1.0684,-0.043,-0.056,-0.000
864355245,0.0352,-0.0054,-1.0684,0.201,-0.239,0.061
864368245,0.0356,-0.0049,-1.0649,0.018,-0.056,-0.122
864381245,0.0356,-0.0093,-1.0596,0.079,0.067,-0.000
864394245,0.0405,-0.0059,-1.0581,0.018,0.067,0.061
864407245,0.0371,-0.0063,-1.0640,0.018,-0.178,-0.000
864420245,0.0420,-0.0054,-1.0659,-0.165,-0.117,0.183
864433245,0.0361,-0.0049,-1.0605,0.079,-0.056,0.061
864446245,0.0396,-0.0059,-1.0654,-0.165,0.067,0.244
864459245,0.0347,-0.0083,-1.0566,0.262,-0.178,-0.000
864472245,0.0396,-0.0088,-1.0669,-0.226,-0.178,-0.000
864485245,0.0386,-0.0088,-1.0610,0.262,-0.056,0.061
864498245,0.0376,-0.0024,-1.0645,0.018,0.067,-0.122
864511245,0.0391,-0.0054,-1.0620,-0.043,-0.056,-0.061
864524245,0.0400,-0.0054,-1.0601,0.079,0.128,-0.000
864537245,0.0391,-0.0044,-1.0610,0.262,-0.056,-0.122
864550245,0.0396,-0.0059,-1.0679,0.079,-0.117,-0.000
864563245,0.0405,-0.0078,-1.0601,-0.104,-0.117,-0.061
864576245,0.0371,-0.0059,-1.0635,-0.165,-0.117,-0.000
864589245,0.0405,-0.0054,-1.0591,0.018,-0.117,0.122
864602245,0.0376,-0.0059,-1.0615,-0.043,0.311,-0.061
864615245,0.0415,-0.0054,-1.0596,-0.226,-0.178,0.061
864628245,0.0342,-0.0029,-1.0640,-0.165,-0.117,0.122
864641245,0.0410,-0.0059,-1.0591,-0.043,0.128,-0.061
864654245,0.0376,-0.0083,-1.0586,0.140,0.189,-0.000
864667245,0.0381,-0.0044,-1.0562,0.079,-0.239,-0.122
864680245,0.0425,-0.0039,-1.0645,-0.165,-0.239,-0.122
864693245,0.0396,-0.0049,-1.0586,-0.104,0.067,0.061
864706245,0.0405,-0.0093,-1.0630,-0.043,-0.178,0.244
864719245,0.0366,-0.0059,-1.0635,0.323,0.005,0.122
864732245,0.0425,-0.0024,-1.0571,-0.104,0.250,0.061
864745245,0.0371,-0.0063,-1.0645,-0.104,-0.178,-0.122
864758245,0.0405,-0.0083,-1.0674,0.262,-0.300,0.183
864771245,0.0396,-0.0103,-1.0635,-0.043,0.128,-0.183
864784245,0.0396,-0.0034,-1.0645,0.079,0.067,-0.061
864797245,0.0396,-0.0068,-1.0625,0.140,-0.056,-0.183
864810245,0.0400,-0.0049,-1.0640,0.140,-0.239,0.122
864823245,0.0415,-0.0029,-1.0566,0.018,-0.056,-0.000
864836245,0.0371,-0.0083,-1.0605,-0.043,-0.117,-0.061
864849245,0.0371,-0.0063,-1.0615,-0.104,-0.178,-0.061
864862245,0.0410,-0.0088,-1.0591,0.201,-0.117,0.244
864875245,0.0405,-0.0073,-1.0659,0.140,0.005,0.183
864888245,0.0391,-0.0059,-1.0605,0.018,0.005,-0.122
864901245,0.0396,-0.0078,-1.0576,0.140,0.005,-0.000
864914245,0.0381,-0.0029,-1.0605,-0.043,-0.056,0.061
864927245,0.0420,-0.0049,-1.0635,-0.104,-0.056,0.061
864940245,0.0381,-0.0063,-1.0635,0.018,-0.300,-0.061
864953245,0.0361,-0.0049,-1.0557,-0.287,0.005,-0.061
864966245,0.0405,-0.0054,-1.0562,-0.104,-0.056,0.183
864979245,0.0454,-0.0054,-1.0713,0.079,0.005,-0.061
864992245,0.0342,-0.0059,-1.0527,-0.043,0.067,-0.122
865005245,0.0381,-0.0049,-1.0688,0.018,-0.178,-0.122
865018245,0.0400,-0.0044,-1.0625,-0.226,-0.117,0.122
865031245,0.0356,-0.0029,-1.0674,0.201,-0.117,0.244
865044245,0.0396,-0.0059,-1.0640,0.079,0.067,-0.122
865057245,0.0435,-0.0059,-1.0723,0.201,0.189,-0.183
865070245,0.0430,-0.0054,-1.0684,0.079,-0.056,0.122
865083245,0.0396,-0.0068,-1.0659,0.018,0.005,-0.061
865096245,0.0352,-0.0068,-1.0581,-0.226,0.005,0.061
865109245,0.0391,-0.0059,-1.0605,0.079,-0.117,-0.061
865122245,0.0361,-0.0029,-1.0586,-0.104,0.067,-0.183
865135245,0.0391,-0.0068,-1.0713,-0.104,0.067,0.183
865148245,0.0371,-0.0044,-1.0630,0.201,-0.178,0.122
865161245,0.0405,-0.0059,-1.0620,-0.043,0.067,0.061
865174245,0.0391,-0.0083,-1.0640,0.262,0.005,0.244
865187245,0.0381,-0.0034,-1.0605,0.018,0.005,0.183
865200245,0.0361,-0.0049,-1.0576,-0.043,-0.239,0.122
865213245,0.0356,-0.0059,-1.0635,0.018,-0.117,-0.061
865226245,0.0376,-0.0063,-1.0576,-0.043,-0.483,0.183
865239245,0.0371,-0.0034,-1.0645,0.018,0.005,0.183
865252245,0.0371,-0.0024,-1.0645,-0.043,0.189,0.244
865265245,0.0352,-0.0054,-1.0684,-0.043,-0.056,0.244
865278245,0.0391,-0.0054,-1.0615,-0.165,0.128,-0.000
865291245,0.0337,-0.0054,-1.0645,0.018,-0.178,-0.000
865304245,0.0361,-0.0029,-1.0605,0.140,0.250,-0.183
865317245,0.0400,-0.0073,-1.0630,-0.104,-0.117,0.122
865330245,0.0396,-0.0059,-1.0649,-0.043,0.067,-0.122
865343245,0.0361,-0.0054,-1.0645,0.018,0.128,-0.122
865356245,0.0381,-0.0059,-1.0596,-0.043,0.005,0.122
865369245,0.0356,-0.0049,-1.0649,0.018,0.067,-0.061
865382245,0.0347,-0.0044,-1.0596,-0.043,0.005,0.244
865395245,0.0356,-0.0059,-1.0615,0.018,0.005,-0.183
865408245,0.0356,-0.0088,-1.0605,0.140,0.005,-0.122
865421245,0.0430,-0.0073,-1.0654,0.018,-0.056,0.122
865434245,0.0361,-0.0098,-1.0620,0.201,0.189,0.183
865447245,0.0400,-0.0098,-1.0596,-0.165,-0.178,0.122
865460245,0.0405,-0.0044,-1.0645,0.018,0.128,0.061
865473245,0.0415,-0.0063,-1.0645,0.079,-0.117,0.061
865486245,0.0352,-0.0049,-1.0596,-0.043,0.005,0.244
865499245,0.0396,-0.0054,-1.0640,0.079,-0.117,0.061
865512245,0.0396,-0.0034,-1.0630,-0.104,0.067,0.061
865525245,0.0361,-0.0063,-1.0645,0.140,-0.056,0.061
865538245,0.0386,-0.0044,-1.0645,0.140,0.189,0.061
865551245,0.0386,-0.0063,-1.0664,-0.165,-0.178,-0.061
865564245,0.0381,-0.0063,-1.0669,0.079,-0.239,-0.000
865577245,0.0376,-0.0029,-1.0610,-0.165,-0.117,-0.061
865590245,0.0396,-0.0044,-1.0615,-0.165,-0.056,-0.000
865603245,0.0396,-0.0054,-1.0605,-0.165,-0.056,0.183
865616245,0.0371,-0.0112,-1.0669,0.018,0.067,-0.122
865629245,0.0361,-0.0088,-1.0605,-0.104,0.005,-0.122
865642245,0.0371,-0.0063,-1.0669,0.201,-0.178,-0.122
865655245,0.0405,-0.0093,-1.0654,0.201,0.005,0.122
865668245,0.0371,-0.0054,-1.0615,0.140,0.067,-0.061
865681245,0.0342,-0.0073,-1.0625,-0.104,-0.117,0.122
865694245,0.0386,-0.0044,-1.0566,-0.165,0.005,-0.061
865707245,0.0371,-0.0020,-1.0620,0.079,-0.056,0.183
865720245,0.0371,-0.0093,-1.0679,0.201,-0.178,-0.061
865733245,0.0425,-0.0054,-1.0596,-0.165,-0.178,0.061
865746245,0.0371,-0.0073,-1.0615,0.018,-0.056,0.122
865759245,0.0352,-0.0078,-1.0630,0.262,-0.178,0.061
865772245,0.0410,-0.0044,-1.0581,0.140,0.128,0.244
865785245,0.0366,-0.0063,-1.0669,-0.043,-0.117,0.183
865798245,0.0386,-0.0024,-1.0630,-0.226,0.005,0.305
865811245,0.0405,-0.0083,-1.0596,-0.043,0.067,0.305
865824245,0.0420,-0.0063,-1.0669,0.140,0.005,0.061
865837245,0.0376,-0.0059,-1.0605,0.018,0.067,0.061
865850245,0.0386,-0.0049,-1.0625,0.079,-0.056,0.061
865863245,0.0366,-0.0039,-1.0615,0.140,-0.178,0.244
865876245,0.0386,-0.0029,-1.0679,0.018,0.189,-0.000
865889245,0.0405,-0.0059,-1.0635,0.079,0.067,-0.061
865902245,0.0391,-0.0034,-1.0708,0.018,0.005,0.244
865915245,0.0376,-0.0068,-1.0552,0.018,0.067,-0.061
865928245,0.0376,-0.0068,-1.0605,0.079,0.005,0.183
865941245,0.0381,-0.0029,-1.0586,-0.104,0.005,-0.061
865954245,0.0405,-0.0083,-1.0674,-0.165,-0.117,-0.000
865967245,0.0396,-0.0044,-1.0649,0.140,0.067,-0.061
865980245,0.0386,-0.0063,-1.0684,-0.043,-0.117,0.122
865993245,0.0356,-0.0020,-1.0591,0.079,-0.117,-0.122
866006245,0.0376,-0.0083,-1.0576,-0.104,0.311,0.061
866019245,0.0391,-0.0039,-1.0571,0.140,-0.056,-0.061
866032245,0.0396,-0.0049,-1.0659,0.140,0.128,0.122
866045245,0.0347,-0.0024,-1.0620,0.079,-0.300,0.183
866058245,0.0356,-0.0054,-1.0566,0.079,-0.178,-0.061
866071245,0.0430,-0.0103,-1.0645,0.140,-0.056,0.183
866084245,0.0371,-0.0049,-1.0601,0.079,0.189,-0.305
866097245,0.0371,-0.0054,-1.0664,0.079,-0.178,0.305
866110245,0.0400,-0.0015,-1.0645,0.079,-0.056,-0.061
866123245,0.0396,-0.0083,-1.0596,0.079,-0.056,-0.122
866136245,0.0356,-0.0059,-1.0674,0.018,-0.056,-0.122
866149245,0.0396,-0.0039,-1.0654,-0.043,-0.178,-0.061
866162245,0.0371,-0.0063,-1.0591,-0.226,0.128,0.122
866175245,0.0396,-0.0049,-1.0654,0.079,-0.117,-0.061
866188245,0.0405,-0.0073,-1.0605,0.018,0.128,0.122
866201245,0.0391,-0.0054,-1.0635,0.018,-0.178,-0.061
866214245,0.0386,-0.0044,-1.0659,0.079,-0.239,-0.061
866227245,0.0347,-0.0088,-1.0630,0.018,0.005,0.183
866240245,0.0356,-0.0073,-1.0591,0.140,-0.178,-0.061
866253245,0.0356,-0.0059,-1.0625,-0.043,-0.117,-0.061
866266245,0.0381,-0.0039,-1.0610,-0.043,-0.056,-0.122
866279245,0.0376,-0.0044,-1.0645,-0.043,0.067,-0.122
866292245,0.0400,-0.0059,-1.0669,-0.043,0.067,-0.000
866305245,0.0327,-0.0083,-1.0635,0.079,0.005,-0.000
866318245,0.0361,-0.0073,-1.0635,0.018,0.067,0.122
866331245,0.0415,-0.0063,-1.0630,0.201,0.067,-0.061
866344245,0.0361,-0.0020,-1.0625,0.140,-0.117,0.122
866357245,0.0371,-0.0073,-1.0669,0.079,-0.300,-0.000
866370245,0.0347,-0.0029,-1.0645,-0.043,0.005,-0.000
866383245,0.0396,-0.0063,-1.0664,0.018,0.128,-0.244
866396245,0.0410,-0.0054,-1.0591,-0.104,-0.117,-0.061
866409245,0.0371,-0.0093,-1.0571,0.201,0.067,-0.183
866422245,0.0371,-0.0020,-1.0601,-0.043,-0.056,-0.183
866435245,0.0376,-0.0059,-1.0679,0.018,-0.239,0.183
866448245,0.0366,-0.0068,-1.0620,-0.043,-0.178,-0.000
866461245,0.0366,-0.0059,-1.0645,0.262,0.005,-0.244
866474245,0.0405,-0.0044,-1.0610,0.323,-0.300,0.122
866487245,0.0376,-0.0034,-1.0620,-0.043,-0.056,0.061
866500245,0.0317,-0.0073,-1.0640,0.201,0.005,-0.122
866513245,0.0405,-0.0039,-1.0669,-0.165,0.005,-0.183
866526245,0.0352,-0.0078,-1.0547,0.201,-0.117,-0.000
866539245,0.0386,-0.0029,-1.0576,0.079,0.189,-0.000
866552245,0.0381,-0.0068,-1.0615,0.079,-0.056,0.061
866565245,0.0371,-0.0034,-1.0566,-0.104,0.128,0.183
866578245,0.0361,-0.0063,-1.0576,0.140,-0.117,-0.000
866591245,0.0439,-0.0044,-1.0610,0.018,-0.178,-0.000
866604245,0.0400,-0.0024,-1.0586,-0.043,-0.178,0.244
866617245,0.0391,-0.0029,-1.0615,0.079,-0.056,-0.061
866630245,0.0371,-0.0029,-1.0571,0.018,-0.056,-0.000
866643245,0.0425,-0.0073,-1.0610,0.018,-0.056,-0.366
866656245,0.0391,-0.0083,-1.0601,-0.043,-0.117,-0.061
866669245,0.0371,-0.0054,-1.0576,0.018,-0.056,-0.000
866682245,0.0396,-0.0073,-1.0669,-0.104,-0.239,-0.000
866695245,0.0405,-0.0049,-1.0664,0.018,-0.300,0.122
866708245,0.0371,-0.0054,-1.0581,-0.043,-0.239,-0.122
866721245,0.0386,-0.0024,-1.0645,-0.043,-0.056,-0.061
866734245,0.0381,-0.0083,-1.0522,0.018,0.005,0.183
866747245,0.0347,-0.0034,-1.0610,-0.165,0.067,0.183
866760245,0.0371,-0.0024,-1.0620,0.079,0.128,-0.000
866773245,0.0376,-0.0073,-1.0640,0.018,-0.117,-0.000
866786245,0.0415,-0.0063,-1.0615,0.018,-0.117,0.122
866799245,0.0430,-0.0059,-1.0610,0.140,-0.117,0.183
866812245,0.0396,-0.0044,-1.0640,0.140,0.005,-0.061
866825245,0.0381,-0.0059,-1.0679,-0.165,-0.117,-0.244
866838245,0.0405,-0.0044,-1.0645,-0.226,-0.056,0.244
866851245,0.0405,-0.0054,-1.0596,-0.043,0.005,-0.122
866864245,0.0415,-0.0049,-1.0645,0.018,-0.117,0.183
866877245,0.0391,-0.0107,-1.0620,0.079,0.005,-0.061
866890245,0.0371,-0.0068,-1.0630,-0.104,0.005,0.122
866903245,0.0400,-0.0068,-1.0620,-0.043,0.128,-0.061
866916245,0.0391,-0.0107,-1.0576,0.018,-0.422,0.183
866929245,0.0366,-0.0034,-1.0615,0.079,-0.178,-0.122
866942245,0.0371,-0.0020,-1.0659,0.079,0.189,-0.183
866955245,0.0332,-0.0059,-1.0684,0.201,0.005,-0.183
866968245,0.0371,-0.0073,-1.0635,0.140,0.067,-0.122
866981245,0.0366,-0.0088,-1.0635,-0.043,0.005,-0.061
866994245,0.0371,-0.0073,-1.0659,0.079,0.005,-0.061
867007245,0.0371,-0.0044,-1.0620,-0.043,0.067,-0.000
867020245,0.0391,-0.0024,-1.0615,-0.043,0.005,0.244
867033245,0.0386,-0.0054,-1.0630,-0.165,-0.178,0.183
867046245,0.0391,-0.0059,-1.0601,0.201,-0.117,-0.000
867059245,0.0376,-0.0044,-1.0664,-0.043,0.067,0.061
867072245,0.0420,-0.0063,-1.0615,0.018,-0.056,-0.122
867085245,0.0454,-0.0059,-1.0566,0.079,-0.117,-0.061
867098245,0.0410,-0.0063,-1.0654,0.018,-0.117,0.122
867111245,0.0356,-0.0059,-1.0596,0.201,-0.056,-0.061
867124245,0.0347,-0.0049,-1.0654,-0.043,0.067,0.061
867137245,0.0396,-0.0029,-1.0557,0.140,-0.239,-0.061
867150245,0.0396,-0.0059,-1.0596,-0.104,-0.117,0.061
867163245,0.0376,-0.0049,-1.0640,0.018,-0.056,-0.122
867176245,0.0396,-0.0044,-1.0586,-0.165,0.005,0.061
867189245,0.0347,-0.0078,-1.0669,0.079,-0.056,-0.061
867202245,0.0400,-0.0049,-1.0605,0.079,-0.117,0.122
867215245,0.0376,-0.0054,-1.0586,-0.165,-0.239,0.122
867228245,0.0396,-0.0078,-1.0679,0.140,-0.117,0.122
867241245,0.0396,-0.0083,-1.0591,-0.043,-0.117,-0.061
867254245,0.0327,-0.0020,-1.0601,-0.165,0.128,0.183
867267245,0.0356,-0.0059,-1.0693,-0.104,-0.239,-0.000
867280245,0.0396,-0.0083,-1.0635,0.079,-0.056,-0.000
867293245,0.0410,-0.0078,-1.0649,0.079,-0.117,0.061
867306245,0.0386,-0.0029,-1.0586,0.018,0.128,0.061
867319245,0.0386,-0.0039,-1.0615,0.323,-0.117,0.061
867332245,0.0400,-0.0059,-1.0684,-0.104,-0.117,-0.000
867345245,0.0415,-0.0063,-1.0576,-0.104,0.067,-0.000
867358245,0.0415,-0.0054,-1.0669,0.140,0.005,0.122
867371245,0.0381,-0.0020,-1.0591,-0.043,-0.056,-0.061
867384245,0.0376,-0.0049,-1.0674,0.079,-0.056,-0.000
867397245,0.0381,-0.0063,-1.0620,0.079,-0.056,-0.122
867410245,0.0366,-0.0059,-1.0601,-0.043,-0.117,-0.061
867423245,0.0376,-0.0044,-1.0596,-0.043,-0.178,-0.061
867436245,0.0376,-0.0024,-1.0659,-0.104,0.067,-0.061
867449245,0.0405,-0.0063,-1.0684,-0.043,0.005,0.122
867462245,0.0352,-0.0083,-1.0654,-0.104,-0.056,-0.122
867475245,0.0396,-0.0083,-1.0552,0.079,-0.178,-0.000
867488245,0.0425,-0.0054,-1.0664,0.262,-0.239,0.305
867501245,0.0396,-0.0073,-1.0601,0.018,-0.178,-0.183
867514245,0.0356,-0.0063,-1.0649,-0.165,0.067,0.122
867527245,0.0386,-0.0059,-1.0654,-0.165,0.067,-0.305
867540245,0.0396,-0.0034,-1.0659,0.201,-0.117,-0.000
867553245,0.0396,-0.0049,-1.0649,-0.104,-0.300,0.061
867566245,0.0376,-0.0044,-1.0635,-0.104,0.067,0.183
867579245,0.0435,-0.0073,-1.0649,0.079,0.189,0.061
867592245,0.0371,-0.0078,-1.0649,0.079,-0.117,-0.183
867605245,0.0410,-0.0054,-1.0659,0.140,0.067,-0.000
867618245,0.0347,-0.0073,-1.0591,0.140,-0.117,-0.061
867631245,0.0356,-0.0039,-1.0605,-0.043,0.005,-0.061
867644245,0.0371,-0.0044,-1.0586,-0.104,0.128,-0.061
867657245,0.0371,-0.0044,-1.0610,0.018,0.128,-0.000
867670245,0.0371,-0.0083,-1.0581,0.018,-0.239,-0.061
867683245,0.0376,-0.0093,-1.0654,0.018,-0.056,-0.061
867696245,0.0396,-0.0068,-1.0674,-0.043,0.067,0.183
867709245,0.0371,-0.0024,-1.0635,-0.226,0.005,-0.000
867722245,0.0420,-0.0049,-1.0635,0.018,-0.178,-0.122
867735245,0.0381,-0.0078,-1.0659,0.140,-0.300,-0.000
867748245,0.0352,-0.0054,-1.0605,0.140,0.189,0.061
867761245,0.0371,-0.0078,-1.0610,0.018,0.005,-0.061
867774245,0.0420,-0.0034,-1.0596,0.018,0.067,-0.122
867787245,0.0396,-0.0063,-1.0640,0.079,0.005,-0.122
867800245,0.0376,-0.0039,-1.0625,0.018,0.005,-0.122
867813245,0.0386,-0.0063,-1.0752,-0.043,0.067,0.061
867826245,0.0352,-0.0020,-1.0581,0.079,0.067,-0.061
867839245,0.0356,-0.0068,-1.0645,0.018,-0.117,0.183
867852245,0.0425,-0.0078,-1.0635,-0.043,-0.117,0.061
867865245,0.0381,-0.0020,-1.0625,-0.165,0.189,-0.061
867878245,0.0376,-0.0107,-1.0581,0.079,-0.117,-0.061
867891245,0.0400,-0.0044,-1.0620,-0.043,-0.117,-0.000
867904245,0.0342,-0.0063,-1.0630,0.140,0.067,-0.061
867917245,0.0391,-0.0083,-1.0649,0.018,0.067,0.244
867930245,0.0410,-0.0044,-1.0620,-0.226,-0.117,-0.000
867943245,0.0391,-0.0088,-1.0688,0.140,0.005,0.244
867956245,0.0371,-0.0054,-1.0596,-0.104,0.005,-0.061
867969245,0.0366,-0.0068,-1.0684,0.018,-0.056,-0.000
867982245,0.0425,-0.0093,-1.0674,0.018,-0.178,-0.000
867995245,0.0410,-0.0088,-1.0664,-0.043,-0.117,0.061
868008245,0.0376,-0.0059,-1.0645,0.323,-0.117,0.061
868021245,0.0391,-0.0088,-1.0649,-0.226,-0.117,0.061
868034245,0.0400,-0.0039,-1.0688,0.018,0.005,-0.122
868047245,0.0415,-0.0078,-1.0620,0.018,-0.056,-0.183
868060245,0.0366,-0.0059,-1.0703,0.018,-0.056,-0.061
868073245,0.0391,-0.0054,-1.0601,0.140,0.189,0.061
868086245,0.0352,-0.0020,-1.0645,-0.104,-0.117,0.061
868099245,0.0376,-0.0088,-1.0679,0.018,0.005,0.122
868112245,0.0386,-0.0117,-1.0674,0.201,0.128,-0.122
868125245,0.0396,-0.0083,-1.0649,-0.043,0.128,0.122
868138245,0.0376,-0.0049,-1.0591,0.018,-0.117,-0.244
868151245,0.0366,-0.0034,-1.0640,0.018,0.067,0.183
868164245,0.0371,-0.0103,-1.0679,0.201,0.005,0.366
868177245,0.0356,-0.0073,-1.0630,0.201,0.128,0.122
868190245,0.0366,-0.0112,-1.0640,0.140,-0.056,-0.061
868203245,0.0410,-0.0103,-1.0586,0.079,-0.239,-0.000
868216245,0.0361,-0.0020,-1.0659,0.018,-0.056,-0.000
868229245,0.0356,-0.0073,-1.0654,0.018,-0.239,-0.183
868242245,0.0405,-0.0029,-1.0610,-0.043,-0.117,-0.122
868255245,0.0425,-0.0044,-1.0635,-0.104,-0.178,-0.061
868268245,0.0405,-0.0054,-1.0630,-0.104,-0.056,-0.000
868281245,0.0376,-0.0049,-1.0674,-0.226,-0.117,0.244
868294245,0.0386,-0.0049,-1.0615,0.018,-0.178,0.061
868307245,0.0381,-0.0078,-1.0659,-0.226,0.005,0.305
868320245,0.0381,-0.0083,-1.0610,0.140,0.005,0.061
868333245,0.0337,-0.0098,-1.0640,0.079,-0.056,0.244
868346245,0.0371,-0.0073,-1.0601,-0.043,-0.300,-0.061
868359245,0.0366,-0.0068,-1.0693,-0.165,-0.117,-0.183
868372245,0.0337,-0.0068,-1.0596,0.140,0.005,-0.061
868385245,0.0449,-0.0024,-1.0615,-0.043,-0.178,-0.122
868398245,0.0391,-0.0068,-1.0576,0.018,-0.117,0.122
868411245,0.0400,-0.0029,-1.0625,0.079,-0.239,0.122
868424245,0.0386,-0.0054,-1.0664,0.079,0.128,-0.122
868437245,0.0391,-0.0039,-1.0620,-0.104,0.128,-0.061
868450245,0.0391,-0.0054,-1.0601,-0.043,-0.056,-0.000
868463245,0.0376,-0.0073,-1.0620,0.140,-0.056,0.061
868476245,0.0396,-0.0078,-1.0562,-0.104,-0.239,-0.061
868489245,0.0400,-0.0044,-1.0591,-0.043,0.067,-0.061
868502245,0.0361,-0.0015,-1.0635,0.140,-0.056,-0.061
868515245,0.0415,-0.0063,-1.0649,-0.104,-0.117,-0.305
868528245,0.0386,-0.0044,-1.0557,-0.043,-0.178,-0.061
868541245,0.0400,-0.0068,-1.0630,-0.043,0.189,-0.061
868554245,0.0361,-0.0029,-1.0640,0.140,-0.117,-0.000
868567245,0.0405,-0.0059,-1.0610,-0.165,-0.117,0.061
868580245,0.0430,-0.0083,-1.0645,-0.104,-0.117,0.122
868593245,0.0356,-0.0068,-1.0586,0.018,-0.056,0.122
868606245,0.0342,-0.0078,-1.0654,0.018,-0.117,-0.061
868619245,0.0391,-0.0063,-1.0659,-0.104,0.067,-0.000
868632245,0.0361,-0.0083,-1.0654,0.018,0.067,-0.061
868645245,0.0391,-0.0068,-1.0605,-0.226,-0.056,0.122
868658245,0.0391,-0.0083,-1.0630,0.201,0.128,-0.061
868671245,0.0366,-0.0073,-1.0659,-0.165,-0.117,-0.061
868684245,0.0410,-0.0093,-1.0640,0.018,-0.056,0.061
868697245,0.0376,-0.0049,-1.0635,0.140,-0.361,0.122
868710245,0.0376,-0.0059,-1.0630,-0.165,-0.117,-0.000
868723245,0.0425,-0.0063,-1.0679,0.018,-0.178,-0.061
868736245,0.0376,-0.0063,-1.0659,-0.104,-0.178,-0.244
868749245,0.0361,-0.0010,-1.0610,-0.165,0.005,-0.122
868762245,0.0386,-0.0049,-1.0571,-0.104,-0.178,-0.122
868775245,0.0366,-0.0049,-1.0576,0.018,-0.056,-0.000
868788245,0.0396,-0.0044,-1.0610,-0.043,-0.056,0.061
868801245,0.0386,-0.0103,-1.0605,-0.104,-0.178,-0.000
868814245,0.0410,-0.0039,-1.0703,-0.043,-0.178,-0.061
868827245,0.0376,-0.0054,-1.0586,-0.104,-0.056,0.183
868840245,0.0415,-0.0039,-1.0635,-0.043,0.189,0.061
868853245,0.0410,-0.0054,-1.0601,-0.043,0.005,-0.061
868866245,0.0396,-0.0083,-1.0645,0.018,-0.056,-0.061
868879245,0.0410,-0.0029,-1.0645,0.079,-0.239,0.122
868892245,0.0391,-0.0078,-1.0649,-0.043,0.067,-0.061
868905245,0.0425,-0.0093,-1.0674,0.079,-0.117,-0.000
868918245,0.0415,-0.0098,-1.0601,-0.104,-0.239,-0.061
868931245,0.0376,-0.0063,-1.0645,0.201,0.067,-0.061
868944245,0.0376,-0.0073,-1.0635,-0.287,-0.178,-0.122
868957245,0.0396,-0.0049,-1.0615,0.262,0.005,0.061
868970245,0.0391,-0.0034,-1.0698,0.018,-0.239,0.061
868983245,0.0366,-0.0093,-1.0679,-0.043,-0.056,0.244
868996245,0.0396,-0.0049,-1.0625,-0.165,-0.056,-0.183
869009245,0.0430,-0.0034,-1.0684,-0.226,-0.056,-0.000
869022245,0.0405,-0.0083,-1.0669,-0.165,-0.056,-0.061
869035245,0.0366,-0.0073,-1.0659,0.018,-0.239,-0.061
869048245,0.0312,-0.0054,-1.0552,-0.043,0.005,-0.122
869061245,0.0376,-0.0034,-1.0566,-0.104,-0.117,-0.061
869074245,0.0347,-0.0059,-1.0635,-0.104,0.067,0.183
869087245,0.0366,-0.0044,-1.0615,0.018,0.067,0.122
869100245,0.0396,-0.0059,-1.0605,0.018,-0.178,-0.000
869113245,0.0415,-0.0005,-1.0645,0.140,-0.117,-0.183
869126245,0.0391,-0.0054,-1.0640,-0.043,-0.239,-0.000
869139245,0.0361,-0.0054,-1.0635,-0.043,0.433,0.061
869152245,0.0366,-0.0059,-1.0625,-0.226,0.128,-0.122
869165245,0.0396,-0.0068,-1.0620,0.201,0.128,-0.061
869178245,0.0347,-0.0054,-1.0601,0.079,-0.117,0.061
869191245,0.0352,-0.0044,-1.0610,0.079,0.128,-0.000
869204245,0.0391,-0.0068,-1.0630,0.018,-0.178,-0.000
869217245,0.0435,-0.0034,-1.0615,0.140,-0.056,-0.000
869230245,0.0400,-0.0044,-1.0557,-0.104,-0.178,0.061
869243245,0.0396,-0.0024,-1.0610,0.018,0.067,0.061
869256245,0.0386,-0.0039,-1.0596,0.079,-0.117,-0.000
869269245,0.0366,-0.0029,-1.0635,0.018,0.067,-0.061
869282245,0.0386,-0.0034,-1.0615,-0.043,0.005,0.061
869295245,0.0376,-0.0063,-1.0659,0.018,-0.178,-0.061
869308245,0.0366,-0.0088,-1.0635,0.079,0.067,0.244
869321245,0.0405,-0.0093,-1.0684,0.201,-0.117,-0.061
869334245,0.0361,-0.0039,-1.0610,0.140,0.189,-0.122
869347245,0.0381,-0.0088,-1.0664,0.018,0.067,-0.122
869360245,0.0356,-0.0059,-1.0610,-0.104,-0.178,-0.061
869373245,0.0361,-0.0068,-1.0664,0.079,0.067,-0.000
869386245,0.0381,-0.0034,-1.0601,-0.104,-0.117,-0.000
869399245,0.0396,-0.0049,-1.0625,-0.043,-0.117,0.122
869412245,0.0361,-0.0049,-1.0615,0.140,-0.300,0.122
869425245,0.0396,-0.0034,-1.0640,-0.043,0.189,-0.000
869438245,0.0386,-0.0054,-1.0625,0.079,-0.117,-0.061
869451245,0.0400,-0.0073,-1.0562,-0.165,0.067,0.061
869464245,0.0381,-0.0083,-1.0645,0.018,-0.056,0.061
869477245,0.0430,-0.0088,-1.0693,0.140,-0.056,-0.000
869490245,0.0352,-0.0044,-1.0576,0.201,-0.056,0.122
869503245,0.0386,-0.0054,-1.0601,-0.104,0.067,0.122
869516245,0.0396,-0.0054,-1.0625,0.079,-0.056,-0.061
869529245,0.0391,-0.0083,-1.0596,0.018,0.005,0.183
869542245,0.0391,-0.0020,-1.0640,0.079,-0.056,-0.000
869555245,0.0381,-0.0068,-1.0615,0.262,-0.056,-0.000
869568245,0.0449,-0.0063,-1.0635,-0.043,-0.178,-0.122
869581245,0.0376,-0.0078,-1.0679,-0.043,0.250,0.122
869594245,0.0376,-0.0059,-1.0635,0.018,0.067,-0.061
869607245,0.0347,-0.0059,-1.0620,0.079,0.005,-0.000
869620245,0.0356,-0.0054,-1.0640,0.140,-0.300,-0.061
869633245,0.0425,-0.0044,-1.0649,0.140,0.189,0.061
869646245,0.0420,-0.0059,-1.0610,0.140,-0.300,0.122
869659245,0.0376,-0.0083,-1.0581,0.018,-0.117,-0.122
869672245,0.0386,-0.0073,-1.0649,0.201,-0.239,0.061
869685245,0.0381,0.0005,-1.0601,-0.043,-0.361,-0.061
869698245,0.0415,-0.0073,-1.0630,0.079,-0.117,-0.061
869711245,0.0391,-0.0063,-1.0620,-0.043,0.067,-0.000
869724245,0.0366,-0.0083,-1.0605,0.140,0.128,0.183
869737245,0.0376,-0.0044,-1.0610,-0.043,-0.117,-0.183
869750245,0.0347,-0.0039,-1.0635,0.201,0.005,0.183
869763245,0.0361,-0.0044,-1.0625,0.018,-0.117,-0.000
869776245,0.0405,-0.0029,-1.0654,-0.165,-0.117,-0.305
869789245,0.0352,-0.0063,-1.0576,0.018,-0.117,-0.000
869802245,0.0405,-0.0044,-1.0615,0.079,0.067,0.122
869815245,0.0405,-0.0029,-1.0630,0.018,0.067,0.122
869828245,0.0396,-0.0063,-1.0645,0.201,0.067,0.122
869841245,0.0410,-0.0088,-1.0610,-0.104,-0.117,-0.000
869854245,0.0381,-0.0063,-1.0566,0.018,0.005,-0.122
869867245,0.0366,-0.0078,-1.0542,-0.043,-0.056,-0.061
869880245,0.0396,-0.0054,-1.0664,-0.043,-0.056,-0.000
869893245,0.0425,-0.0049,-1.0752,0.079,0.005,-0.183
869906245,0.0420,-0.0039,-1.0635,0.079,-0.056,0.122
869919245,0.0361,-0.0068,-1.0537,0.140,0.128,-0.061
869932245,0.0391,-0.0063,-1.0674,0.262,-0.178,-0.000
869945245,0.0376,-0.0073,-1.0630,-0.104,-0.117,-0.000
869958245,0.0396,-0.0059,-1.0674,0.079,0.189,-0.122
869971245,0.0459,-0.0049,-1.0630,0.018,-0.117,-0.061
869984245,0.0410,-0.0083,-1.0659,-0.104,0.005,0.244
869997245,0.0410,-0.0049,-1.0688,-0.043,-0.117,-0.000
870010245,0.0415,-0.0059,-1.0649,-0.104,-0.056,0.122
870023245,0.0371,-0.0083,-1.0610,0.079,-0.056,-0.183
870036245,0.0356,-0.0083,-1.0615,-0.104,-0.056,0.061
870049245,0.0356,-0.0049,-1.0640,0.079,-0.056,0.305
870062245,0.0420,-0.0063,-1.0630,0.018,-0.178,0.244
870075245,0.0391,-0.0044,-1.0562,-0.104,-0.056,-0.122
870088245,0.0405,-0.0024,-1.0649,-0.104,0.128,0.305
870101245,0.0425,-0.0059,-1.0625,0.018,-0.056,-0.061
870114245,0.0410,-0.0083,-1.0645,-0.104,0.005,0.122
870127245,0.0396,-0.0049,-1.0586,0.140,0.067,-0.122
870140245,0.0420,-0.0068,-1.0669,-0.226,-0.056,0.061
870153245,0.0386,-0.0083,-1.0605,0.201,-0.056,-0.061
870166245,0.0342,-0.0059,-1.0625,0.079,0.005,0.061
870179245,0.0391,-0.0063,-1.0659,-0.104,0.005,0.183
870192245,0.0400,-0.0029,-1.0605,0.079,-0.178,-0.061
870205245,0.0376,-0.0034,-1.0566,0.018,-0.300,-0.000
870218245,0.0425,-0.0039,-1.0635,-0.104,-0.117,-0.000
870231245,0.0381,-0.0059,-1.0601,-0.104,-0.056,-0.183
870244245,0.0430,-0.0020,-1.0596,0.018,0.189,-0.000
870257245,0.0371,-0.0059,-1.0645,0.140,-0.117,0.183
870270245,0.0420,-0.0044,-1.0605,0.140,0.067,-0.122
870283245,0.0396,-0.0049,-1.0635,0.079,-0.117,0.061
870296245,0.0415,-0.0039,-1.0591,-0.104,-0.178,0.122
870309245,0.0391,-0.0083,-1.0679,0.079,0.005,0.061
870322245,0.0420,-0.0044,-1.0679,0.140,-0.056,0.122
870335245,0.0371,-0.0054,-1.0615,0.140,-0.178,0.061
870348245,0.0376,-0.0039,-1.0630,-0.104,0.005,-0.000
870361245,0.0405,-0.0034,-1.0620,0.140,0.005,0.061
870374245,0.0352,-0.0034,-1.0596,0.201,-0.117,-0.000
870387245,0.0376,-0.0049,-1.0605,0.018,0.128,0.061
870400245,0.0366,-0.0059,-1.0610,0.018,0.067,-0.061
870413245,0.0405,-0.0073,-1.0713,-0.043,-0.056,-0.183
870426245,0.0361,-0.0029,-1.0645,0.079,-0.056,-0.061
870439245,0.0425,-0.0044,-1.0659,0.018,-0.117,-0.000
870452245,0.0386,-0.0034,-1.0625,0.201,-0.178,-0.122
870465245,0.0371,-0.0078,-1.0664,0.201,-0.178,-0.122
870478245,0.0381,-0.0083,-1.0601,-0.043,0.005,-0.000
870491245,0.0400,-0.0054,-1.0610,0.140,-0.239,-0.244
870504245,0.0366,-0.0039,-1.0601,-0.043,-0.300,0.244
870517245,0.0386,-0.0044,-1.0640,0.018,0.067,0.183
870530245,0.0381,-0.0020,-1.0669,0.018,-0.178,-0.244
870543245,0.0337,-0.0073,-1.0581,0.140,0.128,-0.000
870556245,0.0400,-0.0029,-1.0664,0.262,0.005,0.061
870569245,0.0376,-0.0078,-1.0630,-0.104,0.189,-0.183
870582245,0.0430,-0.0073,-1.0605,-0.043,0.067,-0.000
870595245,0.0400,-0.0078,-1.0601,0.140,-0.178,0.122
870608245,0.0376,-0.0103,-1.0645,0.079,0.067,-0.122
870621245,0.0405,-0.0059,-1.0625,0.018,-0.117,-0.000
870634245,0.0376,-0.0024,-1.0571,0.018,-0.239,-0.000
870647245,0.0415,-0.0073,-1.0664,-0.043,-0.056,-0.000
870660245,0.0391,-0.0088,-1.0620,0.140,0.250,-0.122
870673245,0.0361,-0.0054,-1.0615,-0.043,0.005,0.061
870686245,0.0352,-0.0068,-1.0649,0.079,0.005,-0.061
870699245,0.0415,-0.0054,-1.0669,0.140,0.189,0.183
870712245,0.0337,-0.0073,-1.0581,0.018,-0.117,0.122
870725245,0.0381,-0.0054,-1.0620,0.018,-0.178,-0.061
870738245,0.0386,-0.0029,-1.0596,0.201,-0.178,-0.000
870751245,0.0361,-0.0068,-1.0664,0.079,0.005,-0.061
870764245,0.0332,-0.0088,-1.0645,0.079,0.005,-0.183
870777245,0.0376,-0.0015,-1.0649,-0.043,-0.056,0.244
870790245,0.0352,-0.0049,-1.0625,0.018,-0.300,-0.000
870803245,0.0332,-0.0034,-1.0684,-0.043,-0.056,-0.122
870816245,0.0337,-0.0054,-1.0654,-0.043,-0.178,-0.061
870829245,0.0410,-0.0073,-1.0679,0.079,-0.178,-0.122
870842245,0.0356,-0.0059,-1.0620,0.018,-0.239,-0.183
870855245,0.0381,-0.0029,-1.0566,0.018,0.005,-0.061
870868245,0.0391,-0.0059,-1.0596,-0.104,-0.056,-0.244
870881245,0.0386,-0.0039,-1.0640,0.018,0.005,-0.061
870894245,0.0376,-0.0073,-1.0645,0.140,-0.056,0.183
870907245,0.0396,-0.0078,-1.0640,0.018,0.005,0.061
870920245,0.0381,-0.0073,-1.0674,0.262,0.128,0.122
870933245,0.0386,-0.0034,-1.0562,0.201,-0.117,-0.061
870946245,0.0381,-0.0068,-1.0635,0.079,-0.056,-0.000
870959245,0.0361,-0.0039,-1.0615,0.018,0.250,0.122
870972245,0.0439,-0.0078,-1.0674,-0.043,-0.361,0.183
870985245,0.0405,-0.0078,-1.0674,-0.226,0.005,0.122
870998245,0.0366,-0.0059,-1.0635,-0.104,0.067,-0.000
871011245,0.0361,-0.0083,-1.0664,0.140,-0.117,0.061
871024245,0.0396,-0.0078,-1.0591,-0.043,-0.056,0.061
871037245,0.0366,-0.0098,-1.0649,0.079,0.005,0.061
871050245,0.0366,-0.0039,-1.0654,0.262,0.067,-0.061
871063245,0.0381,-0.0098,-1.0615,0.018,0.189,-0.061
871076245,0.0386,-0.0073,-1.0566,0.079,-0.178,0.061
871089245,0.0391,-0.0029,-1.0640,0.140,-0.117,-0.000
871102245,0.0342,-0.0054,-1.0562,0.018,0.005,-0.061
871115245,0.0391,-0.0059,-1.0601,0.079,-0.178,0.061
871128245,0.0386,-0.0078,-1.0571,0.201,-0.056,0.183
871141245,0.0410,-0.0044,-1.0684,0.079,-0.056,-0.122
871154245,0.0347,-0.0015,-1.0679,0.018,-0.117,-0.000
871167245,0.0376,-0.0093,-1.0562,0.018,0.128,0.183
871180245,0.0371,-0.0063,-1.0547,0.079,0.128,0.183
871193245,0.0376,-0.0044,-1.0640,-0.043,0.189,0.183
871206245,0.0371,-0.0039,-1.0654,0.018,0.005,0.122
871219245,0.0366,-0.0034,-1.0684,0.140,-0.117,-0.000
871232245,0.0361,-0.0063,-1.0649,-0.287,-0.056,-0.000
871245245,0.0366,-0.0049,-1.0649,-0.104,0.005,-0.183
871258245,0.0410,-0.0049,-1.0586,-0.043,0.128,0.061
871271245,0.0415,-0.0024,-1.0649,-0.043,-0.117,-0.061
871284245,0.0405,-0.0044,-1.0620,0.079,-0.056,-0.122
871297245,0.0405,-0.0044,-1.0640,0.079,0.067,0.061
871310245,0.0366,-0.0063,-1.0605,0.018,-0.300,-0.122
871323245,0.0366,-0.0024,-1.0581,0.201,-0.056,0.061
871336245,0.0420,-0.0044,-1.0605,-0.104,0.128,-0.000
871349245,0.0386,-0.0044,-1.0576,-0.104,-0.239,-0.183
871362245,0.0376,-0.0063,-1.0610,-0.043,0.189,-0.122
871375245,0.0337,-0.0098,-1.0728,0.201,0.005,-0.000
871388245,0.0410,-0.0034,-1.0630,0.079,0.189,-0.000
871401245,0.0396,-0.0098,-1.0649,-0.226,-0.178,-0.000
871414245,0.0391,-0.0005,-1.0649,0.018,-0.056,0.122
871427245,0.0356,-0.0034,-1.0625,-0.043,-0.239,-0.000
871440245,0.0386,-0.0112,-1.0586,0.201,0.067,-0.061
871453245,0.0376,-0.0054,-1.0625,0.018,-0.056,-0.122
871466245,0.0361,-0.0054,-1.0635,0.201,0.128,-0.000
871479245,0.0366,-0.0054,-1.0649,0.018,0.005,0.061
871492245,0.0410,-0.0068,-1.0640,-0.226,-0.056,-0.061
871505245,0.0376,-0.0034,-1.0684,0.018,-0.056,0.061
871518245,0.0322,-0.0059,-1.0649,0.079,0.067,-0.061
871531245,0.0347,-0.0073,-1.0664,0.018,-0.178,0.061
871544245,0.0381,-0.0049,-1.0630,0.201,-0.178,-0.122
871557245,0.0361,-0.0073,-1.0610,0.018,-0.178,-0.000
871570245,0.0312,-0.0024,-1.0605,0.018,-0.178,-0.000
871583245,0.0361,-0.0073,-1.0596,-0.165,-0.178,0.122
871596245,0.0430,-0.0073,-1.0669,-0.104,0.005,0.183
871609245,0.0361,-0.0044,-1.0649,0.079,-0.056,0.244
871622245,0.0386,-0.0054,-1.0645,0.140,-0.117,-0.122
871635245,0.0420,-0.0103,-1.0591,0.079,0.005,-0.122
871648245,0.0400,-0.0020,-1.0645,-0.165,-0.178,-0.061
871661245,0.0352,-0.0044,-1.0615,0.140,-0.239,0.183
871674245,0.0327,-0.0010,-1.0679,-0.043,0.067,-0.000
871687245,0.0352,-0.0068,-1.0601,0.140,0.067,0.183
871700245,0.0332,-0.0044,-1.0664,0.201,-0.117,0.122
871713245,0.0410,-0.0015,-1.0571,-0.043,-0.056,0.244
871726245,0.0430,-0.0049,-1.0605,0.079,0.005,0.183
871739245,0.0366,-0.0078,-1.0601,-0.104,-0.178,-0.000
871752245,0.0376,-0.0039,-1.0679,-0.104,0.005,-0.061
871765245,0.0386,-0.0039,-1.0659,0.018,-0.056,0.122
871778245,0.0400,-0.0068,-1.0552,-0.043,-0.056,-0.061
871791245,0.0391,-0.0049,-1.0596,-0.165,-0.178,0.122
871804245,0.0400,-0.0029,-1.0679,-0.104,-0.178,-0.122
871817245,0.0381,-0.0059,-1.0596,0.140,-0.178,0.061
871830245,0.0356,-0.0063,-1.0635,0.323,-0.117,-0.122
871843245,0.0425,-0.0078,-1.0630,-0.165,-0.056,-0.000
871856245,0.0386,-0.0078,-1.0654,-0.104,-0.117,0.061
871869245,0.0366,-0.0078,-1.0679,0.079,0.005,-0.122
871882245,0.0410,-0.0034,-1.0620,-0.043,0.189,0.061
871895245,0.0342,-0.0049,-1.0654,-0.043,0.189,-0.000
871908245,0.0381,-0.0024,-1.0610,-0.165,-0.117,0.122
871921245,0.0400,-0.0034,-1.0620,0.018,0.005,-0.122
871934245,0.0356,-0.0039,-1.0659,-0.226,-0.056,-0.000
871947245,0.0410,-0.0049,-1.0664,0.262,-0.117,0.061
871960245,0.0391,-0.0059,-1.0688,-0.043,-0.239,-0.122
871973245,0.0410,-0.0039,-1.0625,0.018,-0.056,-0.000
871986245,0.0376,-0.0059,-1.0669,-0.043,-0.056,-0.122
871999245,0.0396,-0.0063,-1.0698,-0.043,-0.056,0.244
872012245,0.0366,-0.0049,-1.0640,-0.043,0.005,-0.122
872025245,0.0342,-0.0063,-1.0620,-0.043,0.005,-0.000
872038245,0.0391,-0.0059,-1.0610,0.018,-0.117,0.061
872051245,0.0391,-0.0054,-1.0620,0.201,-0.056,0.122
872064245,0.0356,-0.0068,-1.0601,-0.104,-0.300,-0.183
872077245,0.0361,-0.0049,-1.0620,-0.043,0.311,-0.122
872090245,0.0376,-0.0024,-1.0635,0.201,0.067,0.061
872103245,0.0430,-0.0059,-1.0674,0.079,0.005,-0.000
872116245,0.0371,-0.0059,-1.0645,-0.165,-0.178,-0.122
872129245,0.0342,-0.0078,-1.0669,0.262,-0.056,0.061
872142245,0.0391,-0.0034,-1.0596,0.079,-0.056,-0.061
872155245,0.0386,-0.0039,-1.0630,-0.043,-0.056,-0.244
872168245,0.0347,-0.0005,-1.0625,0.018,0.128,0.061
872181245,0.0386,-0.0078,-1.0625,0.079,-0.056,0.183
872194245,0.0356,-0.0098,-1.0674,-0.165,-0.056,0.122
872207245,0.0381,-0.0122,-1.0654,0.079,-0.117,0.122
872220245,0.0415,-0.0049,-1.0693,0.018,-0.056,0.122
872233245,0.0352,-0.0054,-1.0635,-0.043,0.189,-0.000
872246245,0.0381,-0.0059,-1.0605,0.018,-0.056,0.061
872259245,0.0366,-0.0083,-1.0659,0.079,0.067,-0.183
872272245,0.0342,-0.0039,-1.0649,0.079,-0.056,-0.122
872285245,0.0381,-0.0054,-1.0654,0.201,0.250,-0.061
872298245,0.0386,-0.0020,-1.0620,0.018,-0.239,-0.000
872311245,0.0405,-0.0068,-1.0601,-0.104,0.189,0.061
872324245,0.0396,-0.0054,-1.0654,0.018,-0.056,-0.061
872337245,0.0391,-0.0044,-1.0645,0.140,-0.056,-0.122
872350245,0.0366,-0.0044,-1.0708,0.079,0.128,0.061
872363245,0.0430,-0.0068,-1.0605,0.079,0.005,-0.000
872376245,0.0366,-0.0083,-1.0635,0.079,0.005,-0.183
872389245,0.0371,-0.0049,-1.0596,0.079,0.128,-0.000
872402245,0.0381,-0.0049,-1.0630,-0.165,-0.056,-0.122
872415245,0.0415,-0.0034,-1.0571,0.079,-0.056,-0.061
872428245,0.0381,-0.0034,-1.0581,0.018,-0.239,-0.122
872441245,0.0391,-0.0083,-1.0620,0.018,0.005,-0.183
872454245,0.0396,-0.0068,-1.0605,-0.165,0.067,-0.061
872467245,0.0415,-0.0068,-1.0649,0.018,-0.117,-0.061
872480245,0.0391,-0.0073,-1.0674,-0.043,-0.056,-0.061
872493245,0.0386,-0.0068,-1.0586,-0.104,0.067,-0.183
872506245,0.0371,-0.0039,-1.0635,-0.104,0.005,0.061
872519245,0.0371,-0.0059,-1.0703,0.079,0.005,0.061
872532245,0.0371,-0.0063,-1.0654,0.201,0.128,0.061
872545245,0.0371,-0.0078,-1.0610,0.140,0.067,0.061
872558245,0.0347,-0.0044,-1.0674,-0.165,0.189,0.122
872571245,0.0386,-0.0063,-1.0664,-0.104,0.128,-0.000
872584245,0.0396,-0.0107,-1.0581,0.079,-0.056,-0.000
872597245,0.0405,-0.0083,-1.0596,-0.043,0.067,0.061
872610245,0.0400,-0.0078,-1.0576,0.140,-0.056,-0.061
872623245,0.0396,-0.0063,-1.0684,-0.104,0.067,0.061
872636245,0.0386,-0.0010,-1.0640,0.262,-0.117,-0.122
872649245,0.0405,-0.0088,-1.0635,0.262,-0.117,-0.061
872662245,0.0396,-0.0088,-1.0659,0.018,0.128,0.183
872675245,0.0415,-0.0059,-1.0674,0.018,-0.117,-0.366
872688245,0.0376,-0.0054,-1.0596,-0.043,-0.056,-0.000
872701245,0.0386,-0.0039,-1.0659,0.262,0.128,0.061
872714245,0.0386,-0.0073,-1.0640,-0.104,-0.117,0.061
872727245,0.0391,-0.0049,-1.0645,0.018,-0.178,-0.000
872740245,0.0415,-0.0039,-1.0664,0.140,0.067,0.061
872753245,0.0400,-0.0059,-1.0635,-0.043,-0.239,0.183
872766245,0.0381,-0.0083,-1.0615,0.201,0.128,0.061
872779245,0.0371,-0.0063,-1.0586,0.018,0.005,-0.061
872792245,0.0356,-0.0034,-1.0586,0.079,0.005,0.061
872805245,0.0400,-0.0044,-1.0649,-0.104,0.067,-0.000
872818245,0.0366,-0.0073,-1.0659,0.079,-0.117,0.061
872831245,0.0366,-0.0034,-1.0620,-0.104,-0.056,-0.122
872844245,0.0376,-0.0039,-1.0645,-0.165,0.067,0.122
872857245,0.0356,-0.0044,-1.0693,-0.043,-0.117,-0.061
872870245,0.0391,-0.0068,-1.0601,0.018,-0.117,-0.122
872883245,0.0391,0.0000,-1.0645,0.079,-0.056,-0.061
872896245,0.0400,-0.0073,-1.0630,0.018,0.250,0.061
872909245,0.0371,-0.0063,-1.0571,-0.165,-0.178,-0.000
872922245,0.0391,-0.0063,-1.0630,0.018,0.250,-0.061
872935245,0.0381,-0.0049,-1.0635,0.018,-0.117,0.122
872948245,0.0400,-0.0044,-1.0635,-0.104,-0.178,-0.183
872961245,0.0352,-0.0098,-1.0649,0.079,-0.117,-0.000
872974245,0.0381,-0.0029,-1.0601,0.018,0.005,0.061
872987245,0.0371,-0.0049,-1.0635,-0.226,0.250,-0.061
873000245,0.0396,-0.0039,-1.0630,0.018,-0.056,0.183
873013245,0.0381,-0.0059,-1.0610,0.140,0.005,-0.061
873026245,0.0376,-0.0039,-1.0610,0.018,0.005,-0.000
873039245,0.0376,-0.0098,-1.0645,-0.104,-0.117,0.305
873052245,0.0366,-0.0088,-1.0635,-0.043,-0.178,0.061
873065245,0.0347,-0.0049,-1.0620,0.079,0.128,-0.000
873078245,0.0400,-0.0039,-1.0640,0.018,0.005,-0.122
873091245,0.0405,-0.0059,-1.0591,0.018,-0.178,0.061
873104245,0.0366,-0.0059,-1.0654,-0.043,0.005,-0.000
873117245,0.0396,-0.0098,-1.0645,0.079,-0.056,-0.061
873130245,0.0376,-0.0054,-1.0576,-0.104,-0.056,-0.122
873143245,0.0356,-0.0059,-1.0591,0.140,0.128,-0.122
873156245,0.0391,-0.0098,-1.0620,0.018,-0.178,0.183
873169245,0.0371,-0.0098,-1.0630,-0.165,-0.056,0.183
873182245,0.0381,-0.0039,-1.0576,-0.165,0.005,0.183
873195245,0.0405,-0.0059,-1.0645,-0.165,0.189,-0.061
873208245,0.0391,-0.0054,-1.0615,-0.165,-0.056,-0.122
873221245,0.0400,-0.0054,-1.0610,-0.043,-0.056,-0.061
873234245,0.0376,-0.0107,-1.0659,0.201,0.128,-0.061
873247245,0.0400,-0.0034,-1.0640,0.262,0.128,-0.061
873260245,0.0391,-0.0078,-1.0684,-0.165,-0.117,-0.061
873273245,0.0376,-0.0059,-1.0649,0.262,0.005,-0.061
873286245,0.0356,-0.0049,-1.0693,0.079,-0.117,0.305
873299245,0.0376,-0.0083,-1.0610,0.018,-0.056,0.061
873312245,0.0376,-0.0078,-1.0703,0.140,0.067,-0.061
873325245,0.0391,-0.0020,-1.0591,0.018,-0.239,0.122
873338245,0.0298,-0.0098,-1.0625,0.079,-0.239,0.061
873351245,0.0405,-0.0063,-1.0630,0.201,-0.056,-0.000
873364245,0.0391,-0.0093,-1.0605,0.201,-0.056,-0.244
873377245,0.0371,-0.0034,-1.0625,-0.104,0.005,0.122
873390245,0.0381,-0.0020,-1.0654,0.079,-0.117,-0.061
873403245,0.0337,-0.0078,-1.0601,0.079,0.189,-0.000
873416245,0.0371,-0.0049,-1.0635,0.140,0.067,0.061
873429245,0.0396,-0.0020,-1.0620,-0.349,0.067,0.122
873442245,0.0312,-0.0024,-1.0459,-0.104,-0.178,-0.061
873455245,0.0386,-0.0054,-1.0605,0.140,-0.056,-0.122
873468245,0.0376,-0.0029,-1.0591,0.079,-0.178,0.061
873481245,0.0356,-0.0054,-1.0625,0.018,0.067,0.183
873494245,0.0361,-0.0063,-1.0605,0.140,0.067,-0.000
873507245,0.0405,-0.0107,-1.0659,-0.165,0.067,0.305
873520245,0.0405,-0.0068,-1.0649,0.018,0.250,-0.061
873533245,0.0405,-0.0063,-1.0605,-0.043,-0.178,-0.122
873546245,0.0376,-0.0073,-1.0605,-0.165,-0.178,-0.061
873559245,0.0376,-0.0078,-1.0635,0.140,0.067,0.061
873572245,0.0347,-0.0054,-1.0596,0.262,0.005,0.244
873585245,0.0356,-0.0054,-1.0586,0.079,-0.056,-0.244
873598245,0.0376,-0.0073,-1.0610,0.079,-0.117,0.122
873611245,0.0386,-0.0059,-1.0669,0.201,-0.056,-0.000
873624245,0.0361,-0.0054,-1.0596,0.018,-0.117,0.183
873637245,0.0405,-0.0054,-1.0664,-0.104,0.128,0.061
873650245,0.0386,-0.0039,-1.0596,0.079,0.067,0.061
873663245,0.0327,-0.0063,-1.0615,0.018,0.067,0.244
873676245,0.0322,-0.0034,-1.0615,-0.165,-0.117,0.122
873689245,0.0381,-0.0083,-1.0654,0.079,0.311,-0.183
873702245,0.0391,-0.0098,-1.0605,-0.043,-0.056,0.061
873715245,0.0361,-0.0073,-1.0620,-0.043,0.433,0.122
873728245,0.0342,-0.0015,-1.0586,0.018,-0.117,0.122
873741245,0.0410,-0.0039,-1.0659,0.018,-0.056,-0.000
873754245,0.0386,-0.0034,-1.0625,-0.165,0.005,-0.000
873767245,0.0381,-0.0039,-1.0630,0.140,-0.300,-0.122
873780245,0.0386,-0.0039,-1.0571,-0.104,-0.117,-0.000
873793245,0.0361,-0.0054,-1.0625,0.018,-0.056,0.122
873806245,0.0361,-0.0029,-1.0640,-0.104,-0.056,0.122
873819245,0.0464,-0.0078,-1.0693,-0.104,-0.300,0.061
873832245,0.0371,-0.0034,-1.0635,0.079,0.189,-0.061
873845245,0.0410,-0.0029,-1.0620,0.262,-0.300,-0.244
873858245,0.0352,-0.0059,-1.0581,-0.226,-0.117,0.061
873871245,0.0361,-0.0049,-1.0605,0.079,-0.300,0.061
873884245,0.0435,-0.0073,-1.0669,-0.104,0.128,-0.061
873897245,0.0391,-0.0029,-1.0596,0.018,-0.178,-0.000
873910245,0.0400,-0.0068,-1.0659,-0.043,-0.117,-0.000
873923245,0.0435,-0.0068,-1.0684,0.079,-0.117,0.061
873936245,0.0342,-0.0088,-1.0591,-0.104,-0.056,0.061
873949245,0.0386,-0.0063,-1.0620,0.018,-0.056,-0.183
873962245,0.0347,-0.0083,-1.0576,-0.104,0.067,-0.061
873975245,0.0391,-0.0083,-1.0669,-0.165,0.128,-0.061
873988245,0.0352,-0.0083,-1.0664,-0.043,-0.056,-0.183
874001245,0.0415,-0.0068,-1.0708,0.079,-0.117,0.061
874014245,0.0405,-0.0083,-1.0703,-0.165,-0.117,-0.183
874027245,0.0386,-0.0073,-1.0698,-0.104,-0.056,-0.061
874040245,0.0347,-0.0029,-1.0615,0.079,0.005,0.122
874053245,0.0410,-0.0054,-1.0649,0.140,-0.056,0.366
874066245,0.0308,-0.0063,-1.0620,-0.165,0.067,-0.061
874079245,0.0361,-0.0054,-1.0630,-0.226,-0.056,-0.000
874092245,0.0356,-0.0083,-1.0586,0.018,-0.056,0.061
874105245,0.0400,-0.0034,-1.0684,0.079,-0.117,-0.061
874118245,0.0386,-0.0063,-1.0586,0.079,-0.178,-0.122
874131245,0.0376,-0.0054,-1.0571,-0.226,-0.117,-0.000
874144245,0.0449,-0.0078,-1.0654,-0.043,-0.117,-0.061
874157245,0.0386,-0.0073,-1.0586,-0.104,0.067,0.061
874170245,0.0391,-0.0073,-1.0640,0.079,-0.117,0.244
874183245,0.0386,-0.0068,-1.0620,0.262,-0.117,0.183
874196245,0.0405,-0.0068,-1.0610,-0.043,0.067,0.122
874209245,0.0376,-0.0098,-1.0669,0.018,-0.178,0.061
874222245,0.0381,-0.0083,-1.0630,-0.104,0.128,-0.122
874235245,0.0337,-0.0024,-1.0640,-0.043,0.005,-0.000
874248245,0.0386,-0.0039,-1.0659,0.079,0.005,-0.000
874261245,0.0410,-0.0024,-1.0630,-0.104,-0.117,-0.061
874274245,0.0376,-0.0098,-1.0620,0.140,0.067,0.183
874287245,0.0366,-0.0039,-1.0562,-0.043,-0.300,-0.183
874300245,0.0430,-0.0068,-1.0605,-0.104,0.005,-0.122
874313245,0.0352,-0.0093,-1.0649,0.018,0.189,-0.305
874326245,0.0396,-0.0054,-1.0664,0.018,0.067,0.122
874339245,0.0400,-0.0059,-1.0674,-0.287,0.067,0.061
874352245,0.0352,-0.0068,-1.0635,0.140,-0.056,0.061
874365245,0.0415,-0.0078,-1.0723,-0.104,-0.239,-0.061
874378245,0.0386,-0.0063,-1.0615,0.079,-0.178,-0.122
874391245,0.0386,-0.0083,-1.0566,-0.104,-0.178,-0.061
874404245,0.0386,-0.0034,-1.0679,0.140,0.005,-0.061
874417245,0.0371,-0.0083,-1.0630,0.079,-0.300,-0.000
874430245,0.0410,-0.0073,-1.0698,-0.104,-0.239,-0.183
874443245,0.0371,-0.0039,-1.0591,0.262,0.250,0.122
874456245,0.0376,-0.0063,-1.0610,0.201,-0.178,0.061
874469245,0.0425,-0.0083,-1.0586,-0.043,0.067,-0.000
874482245,0.0376,-0.0029,-1.0640,0.018,0.005,-0.061
874495245,0.0327,-0.0039,-1.0581,0.079,-0.178,-0.183
874508245,0.0342,-0.0015,-1.0620,-0.104,-0.117,-0.183
874521245,0.0391,-0.0093,-1.0591,-0.104,-0.178,-0.000
874534245,0.0381,-0.0098,-1.0640,0.201,0.005,0.061
874547245,0.0371,-0.0063,-1.0645,0.018,-0.300,0.183
874560245,0.0410,-0.0049,-1.0581,0.140,0.005,-0.000
874573245,0.0371,-0.0083,-1.0596,0.201,-0.300,-0.183
874586245,0.0391,-0.0068,-1.0635,0.079,-0.056,0.183
874599245,0.0376,-0.0049,-1.0630,-0.165,0.067,-0.000
874612245,0.0391,-0.0063,-1.0640,0.018,-0.178,-0.000
874625245,0.0400,-0.0059,-1.0645,-0.104,-0.117,-0.000
874638245,0.0400,-0.0059,-1.0649,0.140,0.067,-0.000
874651245,0.0386,-0.0049,-1.0571,0.018,-0.056,-0.061
874664245,0.0405,-0.0049,-1.0703,0.018,-0.117,-0.122
874677245,0.0410,-0.0083,-1.0679,0.262,-0.178,0.183
874690245,0.0420,-0.0054,-1.0615,0.079,-0.178,-0.122
874703245,0.0415,-0.0059,-1.0669,0.018,-0.056,-0.183
874716245,0.0386,-0.0088,-1.0566,-0.104,-0.056,-0.122
874729245,0.0347,-0.0024,-1.0586,0.079,-0.056,0.244
874742245,0.0400,-0.0054,-1.0591,-0.226,-0.239,-0.122
874755245,0.0400,-0.0088,-1.0571,-0.104,-0.056,-0.183
874768245,0.0396,-0.0088,-1.0659,0.018,-0.300,0.061
874781245,0.0371,-0.0049,-1.0586,0.079,-0.056,-0.122
874794245,0.0396,-0.0024,-1.0649,-0.104,-0.117,-0.000
874807245,0.0400,-0.0078,-1.0698,0.079,-0.300,-0.061
874820245,0.0386,-0.0039,-1.0596,-0.043,-0.239,-0.183
874833245,0.0332,-0.0059,-1.0605,0.018,-0.056,0.061
874846245,0.0400,-0.0083,-1.0630,-0.043,0.067,0.122
874859245,0.0415,-0.0063,-1.0645,0.201,-0.117,-0.305
874872245,0.0366,-0.0054,-1.0664,-0.165,0.005,0.061
874885245,0.0371,-0.0059,-1.0605,0.079,-0.178,-0.000
874898245,0.0415,-0.0039,-1.0645,-0.043,-0.239,0.061
874911245,0.0386,-0.0039,-1.0610,0.018,0.005,-0.183
874924245,0.0396,-0.0044,-1.0605,0.140,-0.056,0.061
874937245,0.0415,-0.0044,-1.0649,-0.043,-0.117,-0.000
874950245,0.0391,-0.0049,-1.0625,0.018,-0.117,-0.061
874963245,0.0322,-0.0083,-1.0640,-0.104,-0.117,-0.183
874976245,0.0356,-0.0039,-1.0649,0.201,0.005,-0.122
874989245,0.0376,-0.0054,-1.0601,0.201,-0.117,-0.000
875002245,0.0366,-0.0034,-1.0605,0.079,-0.239,0.244
875015245,0.0342,-0.0054,-1.0654,-0.043,0.005,-0.000
875028245,0.0366,-0.0049,-1.0591,-0.165,0.005,0.061
875041245,0.0405,-0.0039,-1.0654,0.140,-0.117,-0.000
875054245,0.0415,-0.0093,-1.0610,0.079,0.005,-0.122
875067245,0.0337,-0.0068,-1.0605,0.140,0.067,0.366
875080245,0.0391,-0.0073,-1.0601,0.262,-0.178,0.122
875093245,0.0415,-0.0034,-1.0571,0.079,0.311,0.061
875106245,0.0396,-0.0073,-1.0625,0.201,-0.239,-0.061
875119245,0.0391,-0.0068,-1.0679,0.079,0.067,0.122
875132245,0.0420,-0.0103,-1.0659,0.018,-0.056,-0.061
875145245,0.0371,-0.0024,-1.0620,0.079,-0.300,-0.000
875158245,0.0371,-0.0068,-1.0664,0.079,-0.117,-0.000
875171245,0.0366,-0.0015,-1.0674,0.018,0.005,-0.061
875184245,0.0386,-0.0005,-1.0635,0.262,-0.239,0.061
875197245,0.0342,-0.0068,-1.0601,0.018,-0.300,-0.000
875210245,0.0400,-0.0059,-1.0591,0.079,-0.300,-0.061
875223245,0.0410,-0.0029,-1.0674,0.018,0.189,0.305
875236245,0.0415,-0.0068,-1.0635,-0.104,-0.178,-0.244
875249245,0.0391,-0.0044,-1.0615,0.079,0.189,-0.061
875262245,0.0396,-0.0049,-1.0605,0.140,0.005,-0.000
875275245,0.0405,-0.0088,-1.0645,0.140,-0.239,0.244
875288245,0.0347,-0.0059,-1.0571,0.018,-0.178,-0.061
875301245,0.0396,-0.0093,-1.0630,0.140,0.067,-0.061
875314245,0.0391,-0.0059,-1.0630,-0.104,-0.117,-0.000
875327245,0.0400,-0.0068,-1.0659,0.140,0.005,0.061
875340245,0.0366,-0.0054,-1.0581,-0.043,0.067,0.122
875353245,0.0405,-0.0068,-1.0674,0.140,-0.056,0.061
875366245,0.0391,-0.0034,-1.0674,-0.043,-0.056,0.244
875379245,0.0381,-0.0088,-1.0625,0.018,0.005,-0.183
875392245,0.0396,-0.0059,-1.0562,0.018,-0.178,-0.000
875405245,0.0435,-0.0049,-1.0640,0.079,0.067,-0.000
875418245,0.0361,-0.0015,-1.0659,0.140,-0.178,0.122
875431245,0.0400,-0.0054,-1.0615,-0.104,-0.178,0.183
875444245,0.0356,-0.0068,-1.0557,0.323,-0.300,-0.000
875457245,0.0396,-0.0103,-1.0591,-0.165,-0.117,0.122
875470245,0.0376,-0.0024,-1.0581,-0.043,0.067,0.244
875483245,0.0386,-0.0054,-1.0601,-0.104,-0.056,0.122
875496245,0.0356,-0.0063,-1.0610,0.018,0.005,0.183
875509245,0.0347,-0.0039,-1.0605,-0.043,0.128,-0.061
875522245,0.0381,-0.0078,-1.0659,-0.165,0.128,0.061
875535245,0.0376,-0.0063,-1.0649,0.140,-0.056,-0.061
875548245,0.0376,-0.0068,-1.0615,-0.104,-0.300,-0.305
875561245,0.0376,-0.0049,-1.0659,-0.043,0.250,-0.000
875574245,0.0400,-0.0068,-1.0659,0.018,0.005,0.122
875587245,0.0371,-0.0063,-1.0645,0.018,0.128,0.122
875600245,0.0376,-0.0073,-1.0620,0.018,-0.178,-0.122
875613245,0.0391,-0.0068,-1.0679,0.140,-0.239,0.061
875626245,0.0425,-0.0059,-1.0654,0.079,0.005,0.183
875639245,0.0386,-0.0020,-1.0571,0.140,-0.178,-0.061
875652245,0.0396,-0.0068,-1.0630,0.079,-0.117,-0.000
875665245,0.0371,-0.0068,-1.0586,0.079,0.067,0.061
875678245,0.0361,-0.0068,-1.0610,0.079,0.005,-0.122
875691245,0.0396,-0.0073,-1.0591,-0.165,0.128,-0.000
875704245,0.0386,-0.0049,-1.0615,-0.349,0.311,0.061
875717245,0.0366,-0.0044,-1.0635,0.140,-0.117,-0.061
875730245,0.0449,-0.0054,-1.0625,0.018,-0.117,-0.122
875743245,0.0410,-0.0103,-1.0571,-0.104,-0.117,-0.122
875756245,0.0405,-0.0059,-1.0630,0.079,0.250,-0.000
875769245,0.0410,-0.0054,-1.0703,0.201,-0.300,-0.061
875782245,0.0396,-0.0068,-1.0654,-0.165,-0.178,-0.061
875795245,0.0396,-0.0098,-1.0630,-0.043,-0.300,-0.000
875808245,0.0396,-0.0039,-1.0601,0.140,-0.117,0.183
875821245,0.0342,-0.0054,-1.0562,0.079,0.005,0.122
875834245,0.0376,-0.0049,-1.0610,0.140,0.128,0.061
875847245,0.0386,-0.0068,-1.0640,-0.043,0.005,0.122
875860245,0.0371,-0.0044,-1.0659,-0.104,-0.117,-0.061
875873245,0.0386,-0.0103,-1.0581,0.018,0.067,-0.244
875886245,0.0361,-0.0068,-1.0679,0.079,0.433,-0.000
875899245,0.0356,-0.0024,-1.0552,-0.043,-0.117,-0.183
875912245,0.0361,-0.0034,-1.0620,-0.043,-0.361,0.183
875925245,0.0347,-0.0044,-1.0605,0.140,-0.117,-0.122
875938245,0.0396,-0.0054,-1.0645,0.140,0.005,0.183
875951245,0.0361,-0.0068,-1.0649,0.140,0.005,-0.122
875964245,0.0396,-0.0054,-1.0645,-0.104,0.005,-0.000
875977245,0.0396,-0.0078,-1.0581,0.079,0.128,-0.000
875990245,0.0337,-0.0088,-1.0620,0.262,0.128,-0.061
876003245,0.0386,-0.0068,-1.0615,-0.104,-0.178,-0.061
876016245,0.0371,-0.0024,-1.0625,0.079,-0.117,-0.000
876029245,0.0347,-0.0024,-1.0659,0.079,-0.178,-0.122
876042245,0.0381,-0.0117,-1.0625,0.079,-0.117,0.061
876055245,0.0366,-0.0093,-1.0659,0.201,-0.300,-0.061
876068245,0.0435,-0.0073,-1.0610,0.140,0.067,-0.061
876081245,0.0371,-0.0068,-1.0640,0.079,-0.117,0.122
876094245,0.0376,-0.0093,-1.0659,0.018,-0.178,-0.000
876107245,0.0376,-0.0049,-1.0542,-0.104,-0.117,-0.183
876120245,0.0376,-0.0049,-1.0669,-0.104,-0.178,-0.000
876133245,0.0386,-0.0049,-1.0693,0.018,0.067,0.061
876146245,0.0376,-0.0063,-1.0601,-0.043,0.067,0.122
876159245,0.0366,-0.0049,-1.0620,0.018,-0.178,-0.061
876172245,0.0400,-0.0073,-1.0615,-0.287,-0.056,-0.122
876185245,0.0391,-0.0049,-1.0552,0.140,-0.056,0.061
876198245,0.0405,-0.0073,-1.0654,0.201,0.067,-0.122
876211245,0.0444,-0.0059,-1.0635,0.262,0.005,-0.000
876224245,0.0371,-0.0039,-1.0630,0.262,-0.300,-0.061
876237245,0.0386,-0.0088,-1.0630,-0.043,0.067,0.122
876250245,0.0396,-0.0083,-1.0664,-0.043,0.128,-0.305
876263245,0.0381,-0.0039,-1.0615,-0.043,-0.056,0.122
876276245,0.0366,-0.0083,-1.0620,0.018,-0.239,0.122
876289245,0.0391,-0.0049,-1.0537,-0.043,-0.117,0.061
876302245,0.0342,-0.0044,-1.0625,0.384,0.067,0.122
876315245,0.0400,-0.0078,-1.0645,0.018,-0.178,0.061
876328245,0.0361,-0.0063,-1.0645,0.079,0.005,0.183
876341245,0.0396,-0.0073,-1.0669,0.140,0.189,0.305
876354245,0.0332,-0.0083,-1.0674,-0.043,0.067,0.061
876367245,0.0342,-0.0093,-1.0601,0.262,-0.056,-0.061
876380245,0.0400,-0.0117,-1.0610,0.018,0.128,-0.000
876393245,0.0400,-0.0059,-1.0596,0.201,0.189,-0.122
876406245,0.0469,-0.0054,-1.0679,-0.043,-0.178,0.244
876419245,0.0391,-0.0063,-1.0586,0.079,-0.117,0.061
876432245,0.0396,-0.0073,-1.0591,0.079,0.005,-0.122
876445245,0.0361,-0.0049,-1.0635,-0.165,-0.178,0.122
876458245,0.0381,-0.0059,-1.0674,0.018,0.005,0.122
876471245,0.0356,-0.0039,-1.0679,0.079,-0.239,0.061
876484245,0.0352,-0.0063,-1.0576,0.079,0.005,-0.000
876497245,0.0396,-0.0059,-1.0654,0.079,0.005,-0.061
876510245,0.0361,-0.0039,-1.0645,-0.043,-0.117,-0.183
876523245,0.0396,-0.0093,-1.0542,-0.226,0.128,-0.000
876536245,0.0376,-0.0063,-1.0610,-0.165,0.067,-0.061
876549245,0.0386,-0.0063,-1.0610,0.079,-0.178,0.366
876562245,0.0376,-0.0024,-1.0713,-0.104,-0.117,0.061
876575245,0.0381,-0.0029,-1.0630,0.262,-0.361,0.183
876588245,0.0396,-0.0073,-1.0640,0.140,0.005,-0.122
876601245,0.0405,-0.0054,-1.0566,0.262,0.005,0.122
876614245,0.0391,-0.0034,-1.0635,0.018,0.067,-0.122
876627245,0.0366,-0.0044,-1.0630,-0.104,-0.117,0.122
876640245,0.0356,-0.0063,-1.0659,0.018,-0.056,0.122
876653245,0.0410,-0.0063,-1.0601,-0.043,0.067,-0.000
876666245,0.0396,-0.0073,-1.0674,-0.104,-0.117,0.061
876679245,0.0420,-0.0029,-1.0625,-0.043,-0.056,-0.061
876692245,0.0405,-0.0059,-1.0615,0.079,-0.056,0.122
876705245,0.0410,-0.0083,-1.0610,0.140,0.067,-0.122
876718245,0.0347,-0.0059,-1.0552,-0.165,0.189,-0.244
876731245,0.0376,-0.0029,-1.0645,0.079,0.250,-0.244
876744245,0.0381,-0.0073,-1.0601,-0.226,-0.117,0.122
876757245,0.0386,-0.0054,-1.0674,0.018,-0.056,0.061
876770245,0.0381,-0.0015,-1.0625,0.140,-0.239,-0.244
876783245,0.0366,-0.0078,-1.0635,0.079,-0.117,-0.000
876796245,0.0356,-0.0073,-1.0654,0.079,-0.056,-0.366
876809245,0.0435,-0.0054,-1.0610,-0.104,-0.239,-0.000
876822245,0.0352,-0.0088,-1.0571,-0.165,-0.178,0.122
876835245,0.0415,-0.0088,-1.0620,0.018,0.067,-0.061
876848245,0.0361,-0.0024,-1.0649,0.018,0.005,0.122
876861245,0.0371,-0.0039,-1.0654,0.018,0.005,0.244
876874245,0.0361,-0.0049,-1.0596,0.018,-0.239,0.122
876887245,0.0381,-0.0059,-1.0654,-0.043,-0.239,-0.122
876900245,0.0347,-0.0054,-1.0542,0.079,0.005,-0.000
876913245,0.0410,-0.0063,-1.0640,0.018,-0.117,0.122
876926245,0.0425,-0.0063,-1.0649,-0.104,-0.117,0.183
876939245,0.0347,-0.0029,-1.0640,-0.165,0.005,0.061
876952245,0.0410,-0.0068,-1.0605,0.079,0.189,0.122
876965245,0.0420,-0.0073,-1.0659,0.201,-0.300,-0.183
876978245,0.0400,-0.0068,-1.0630,0.140,-0.056,-0.000
876991245,0.0356,-0.0059,-1.0601,0.079,-0.178,0.122
877004245,0.0386,-0.0073,-1.0635,-0.349,-0.117,-0.183
877017245,0.0420,-0.0068,-1.0610,-0.043,-0.056,0.122
877030245,0.0396,-0.0044,-1.0698,-0.043,-0.056,-0.000
877043245,0.0410,-0.0059,-1.0654,0.201,0.128,0.122
877056245,0.0405,-0.0063,-1.0601,-0.165,-0.178,-0.183
877069245,0.0396,-0.0054,-1.0576,-0.104,0.005,0.122
877082245,0.0342,-0.0059,-1.0586,0.079,-0.056,-0.061
877095245,0.0391,-0.0068,-1.0615,0.079,-0.117,0.244
877108245,0.0396,-0.0073,-1.0640,0.079,-0.056,0.183
877121245,0.0415,-0.0098,-1.0630,-0.043,-0.056,0.061
877134245,0.0356,-0.0073,-1.0649,-0.043,-0.056,0.122
877147245,0.0386,-0.0063,-1.0723,0.140,0.005,-0.000
877160245,0.0366,-0.0015,-1.0610,0.018,-0.056,0.061
877173245,0.0381,-0.0039,-1.0669,0.018,-0.056,0.122
877186245,0.0366,-0.0073,-1.0557,0.018,-0.239,-0.061
877199245,0.0347,0.0015,-1.0669,0.201,-0.239,-0.000
877212245,0.0356,-0.0059,-1.0630,-0.104,0.128,-0.000
877225245,0.0376,-0.0063,-1.0659,-0.226,-0.178,-0.061
877238245,0.0410,-0.0024,-1.0571,0.140,-0.178,0.061
877251245,0.0361,-0.0039,-1.0625,0.079,-0.239,0.061
877264245,0.0361,-0.0063,-1.0610,0.262,-0.483,-0.061
877277245,0.0381,-0.0049,-1.0625,0.140,-0.788,-0.000
877290245,0.0337,-0.0103,-1.0605,0.018,-0.849,0.122
877303245,0.0352,-0.0024,-1.0664,-0.226,-3.412,-0.000
877316245,0.0493,-0.0054,-1.0732,-0.165,-10.920,-0.061
877329245,0.0347,-0.0073,-1.0576,-0.043,-18.183,-0.061
877342245,0.0303,-0.0049,-1.0439,0.201,-0.788,-0.122
877355245,0.0293,-0.0034,-1.0571,-0.104,-0.544,-0.000
877368245,0.0449,-0.0034,-1.0635,-0.165,-7.746,-0.000
877381245,0.0435,-0.0029,-1.0596,-0.165,-3.718,0.061
877394245,0.0303,0.0015,-1.0444,-0.165,-4.023,-0.183
877407245,0.0576,0.0034,-1.0713,-0.226,-7.136,-0.061
877420245,0.1372,-0.0327,-1.1348,-0.410,-3.229,-0.061
877433245,-0.0723,-0.0273,-1.0215,1.177,5.010,1.220
877446245,0.0151,-0.0220,-1.0732,0.323,-0.788,-0.061
877459245,0.0229,-0.0103,-1.0479,-0.043,1.470,0.061
877472245,0.0684,-0.0073,-1.0811,-0.104,0.250,-0.000
877485245,0.0645,-0.0083,-1.0796,0.140,-0.056,-0.000
877498245,0.0488,-0.0044,-1.0693,1.238,1.165,0.122
877511245,0.1016,0.0239,-1.0811,-0.287,1.653,0.183
877524245,0.1724,0.0010,-1.1201,-0.715,4.400,0.793
877537245,0.1079,-0.0078,-1.0986,-0.043,0.433,-0.061
877550245,0.0503,-0.0063,-1.0752,-1.081,-51.569,-0.305
877563245,0.0591,0.1274,-0.9536,-0.532,-7.197,-0.244
877576245,0.0679,-0.0054,-1.0786,0.872,-0.300,-0.000
877589245,0.0723,-0.0234,-1.0952,1.116,-0.422,-0.000
877602245,0.0615,-0.0005,-1.0571,0.384,2.386,0.061
877615245,0.0620,0.0020,-1.0479,-0.654,0.189,0.122
877628245,0.0601,-0.0029,-1.0601,0.384,0.738,0.122
877641245,0.0435,-0.0073,-1.0610,0.628,1.592,0.122
877654245,0.0430,-0.0005,-1.0542,0.140,1.470,0.061
877667245,0.0332,-0.0117,-1.0420,-0.104,-0.849,-0.000
877680245,0.0396,-0.0005,-1.0405,-0.226,-0.910,-0.122
877693245,0.0596,-0.0039,-1.0659,-0.349,-0.300,0.061
877706245,0.0576,-0.0063,-1.0649,-0.043,-0.117,-0.183
877719245,0.0649,-0.0049,-1.0708,0.079,-0.544,-0.061
877732245,0.0596,-0.0020,-1.0620,-0.043,0.067,0.244
877745245,0.0571,-0.0073,-1.0635,0.384,0.311,-0.000
877758245,0.0576,-0.0044,-1.0688,0.079,0.189,-0.122
877771245,0.0557,-0.0059,-1.0669,0.140,0.189,0.183
877784245,0.0625,-0.0083,-1.0591,-0.104,-0.178,0.244
877797245,0.0571,-0.0059,-1.0576,0.140,0.250,0.305
877810245,0.0566,-0.0054,-1.0635,0.079,0.189,0.122
877823245,0.0571,-0.0044,-1.0615,0.018,0.067,0.061
877836245,0.0620,-0.0107,-1.0762,0.079,0.982,0.183
877849245,0.0669,-0.0073,-1.0708,0.140,0.494,-0.061
877862245,0.0640,-0.0020,-1.0654,-0.165,0.799,0.122
877875245,0.0508,-0.0078,-1.0591,0.201,-0.849,-0.061
877888245,0.0576,0.0000,-1.0581,-0.043,0.005,-0.000
877901245,0.0547,-0.0063,-1.0625,-0.287,-0.422,0.244
877914245,0.0591,-0.0020,-1.0596,0.140,0.189,-0.000
877927245,0.0547,-0.0059,-1.0630,-0.226,0.005,0.122
877940245,0.0552,-0.0039,-1.0635,-0.043,0.128,-0.122
877953245,0.0581,-0.0020,-1.0610,-0.349,-0.056,0.061
877966245,0.0571,-0.0078,-1.0591,0.079,-0.178,-0.061
877979245,0.0576,-0.0083,-1.0625,-0.165,0.067,0.183
877992245,0.0547,-0.0049,-1.0547,-0.043,0.250,-0.122
878005245,0.0596,-0.0054,-1.0591,-0.104,0.067,-0.000
878018245,0.0605,-0.0044,-1.0620,0.079,0.005,-0.000
878031245,0.0518,-0.0044,-1.0566,0.018,-0.117,-0.122
878044245,0.0586,-0.0059,-1.0659,-0.043,0.494,0.183
878057245,0.0610,-0.0005,-1.0620,-0.226,0.189,-0.122
878070245,0.0562,-0.0088,-1.0615,0.140,0.128,-0.122
878083245,0.0542,-0.0068,-1.0635,-0.043,-0.239,-0.000
878096245,0.0557,-0.0039,-1.0669,-0.043,0.067,0.122
878109245,0.0596,-0.0029,-1.0684,-0.287,0.005,0.061
878122245,0.0571,-0.0073,-1.0630,0.079,0.128,0.061
878135245,0.0576,-0.0093,-1.0620,-0.043,0.005,0.244
878148245,0.0532,-0.0054,-1.0601,-0.104,-0.239,-0.122
878161245,0.0557,-0.0049,-1.0591,-0.165,0.189,0.122
878174245,0.0571,-0.0044,-1.0576,-0.043,-0.056,0.061
878187245,0.0571,-0.0044,-1.0645,0.018,0.067,0.061
878200245,0.0586,-0.0073,-1.0625,-0.104,0.250,0.183
878213245,0.0596,-0.0034,-1.0605,-0.104,0.128,0.183
878226245,0.0537,-0.0049,-1.0601,0.018,-0.056,0.122
878239245,0.0557,-0.0078,-1.0566,-0.104,-0.117,-0.000
878252245,0.0552,-0.0068,-1.0591,0.079,-0.178,-0.061
878265245,0.0571,-0.0049,-1.0659,-0.043,0.311,0.061
878278245,0.0566,-0.0044,-1.0610,0.018,-0.117,0.061
878291245,0.0522,-0.0034,-1.0557,0.262,0.250,-0.183
878304245,0.0532,-0.0063,-1.0581,0.262,0.128,-0.000
878317245,0.0610,-0.0054,-1.0605,0.018,0.005,0.122
878330245,0.0522,-0.0005,-1.0508,-0.104,-1.765,0.305
878343245,0.0513,-0.0049,-1.0464,0.079,-0.910,0.122
878356245,0.0547,-0.0020,-1.0527,0.079,0.067,-0.000
878369245,0.0684,-0.0068,-1.0767,0.079,0.433,0.244
878382245,0.0620,-0.0083,-1.0669,0.079,0.005,0.183
878395245,0.0571,-0.0068,-1.0547,-0.104,0.189,0.061
878408245,0.0566,-0.0039,-1.0635,-0.043,-0.178,-0.061
878421245,0.0571,-0.0063,-1.0576,0.079,-0.056,-0.061
878434245,0.0557,-0.0063,-1.0527,-0.287,0.005,0.122
878447245,0.0566,-0.0034,-1.0591,-0.104,0.128,0.183
878460245,0.0576,-0.0063,-1.0586,-0.104,-0.117,-0.000
878473245,0.0571,-0.0044,-1.0610,-0.226,0.005,-0.061
878486245,0.0581,-0.0059,-1.0640,0.018,-0.178,0.183
878499245,0.0571,-0.0024,-1.0576,-0.165,-0.544,-0.061
878512245,0.0562,-0.0024,-1.0610,-0.104,-0.056,-0.122
878525245,0.0566,-0.0059,-1.0649,0.018,0.372,-0.000
878538245,0.0581,-0.0073,-1.0645,0.018,0.128,0.122
878551245,0.0581,-0.0068,-1.0625,-0.043,0.128,-0.000
878564245,0.0591,-0.0020,-1.0615,0.018,-0.117,-0.122
878577245,0.0581,-0.0073,-1.0581,0.018,0.005,0.122
878590245,0.0566,-0.0049,-1.0615,-0.043,0.311,-0.061
878603245,0.0552,-0.0059,-1.0581,-0.165,0.067,-0.122
878616245,0.0610,-0.0024,-1.0620,0.079,0.311,-0.000
878629245,0.0562,-0.0020,-1.0605,0.018,-0.117,-0.061
878642245,0.0591,-0.0034,-1.0674,-0.043,0.005,0.061
878655245,0.0566,-0.0083,-1.0620,0.018,-0.239,0.122
878668245,0.0537,-0.0049,-1.0566,-0.165,0.067,-0.000
878681245,0.0557,-0.0029,-1.0542,-0.165,0.067,-0.000
878694245,0.0610,-0.0054,-1.0615,-0.043,0.067,0.061
878707245,0.0571,-0.0015,-1.0640,-0.226,0.372,-0.244
878720245,0.0464,0.0000,-1.0635,0.201,-0.239,0.183
878733245,0.0464,0.0020,-1.0483,0.018,-0.544,0.183
878746245,0.0566,-0.0034,-1.0503,-0.043,-0.361,-0.061
878759245,0.0596,-0.0039,-1.0596,0.262,-0.117,0.122
878772245,0.0557,-0.0029,-1.0605,0.018,0.005,-0.000
878785245,0.0601,-0.0093,-1.0615,0.201,0.189,0.122
878798245,0.0586,-0.0044,-1.0708,-0.043,0.372,-0.061
878811245,0.0537,-0.0068,-1.0610,0.323,0.311,-0.183
878824245,0.0596,-0.0059,-1.0591,0.079,0.067,0.183
878837245,0.0566,-0.0059,-1.0615,0.201,-0.239,0.244
878850245,0.0586,-0.0044,-1.0591,0.140,0.128,0.061
878863245,0.0552,-0.0034,-1.0571,0.201,-0.117,-0.000
878876245,0.0566,-0.0063,-1.0645,0.140,0.067,0.122
878889245,0.0576,-0.0054,-1.0630,-0.043,0.005,0.183
878902245,0.0552,-0.0029,-1.0557,0.140,0.005,-0.000
878915245,0.0547,-0.0078,-1.0664,0.140,-0.056,0.061
878928245,0.0576,-0.0054,-1.0601,-0.043,-0.056,-0.000
878941245,0.0566,-0.0029,-1.0620,0.262,-0.239,-0.000
878954245,0.0610,-0.0083,-1.0669,-0.043,0.189,-0.122
878967245,0.0591,-0.0063,-1.0605,0.140,-0.117,0.061
878980245,0.0576,-0.0059,-1.0601,0.018,0.005,0.244
878993245,0.0532,-0.0044,-1.0605,-0.043,-0.300,0.366
879006245,0.0586,-0.0073,-1.0552,0.140,-0.117,0.061
879019245,0.0537,-0.0029,-1.0645,0.079,-0.056,-0.122
879032245,0.0601,-0.0098,-1.0625,0.140,0.005,-0.183
879045245,0.0537,-0.0068,-1.0566,-0.104,-0.117,0.183
879058245,0.0596,-0.0054,-1.0625,0.201,0.005,0.122
879071245,0.0562,-0.0054,-1.0601,-0.165,0.005,-0.122
879084245,0.0586,-0.0054,-1.0566,0.018,-0.178,-0.000
879097245,0.0586,-0.0049,-1.0693,0.079,0.189,-0.000
879110245,0.0581,0.0015,-1.0591,0.079,-0.056,0.122
879123245,0.0547,-0.0068,-1.0571,-0.043,0.067,-0.000
879136245,0.0596,-0.0103,-1.0664,-0.043,0.189,0.061
879149245,0.0557,-0.0059,-1.0640,-0.165,0.005,0.122
879162245,0.0562,-0.0059,-1.0591,0.201,0.005,0.061
879175245,0.0562,-0.0127,-1.0615,-0.104,-0.117,0.061
879188245,0.0552,-0.0049,-1.0586,0.079,0.005,0.122
879201245,0.0581,-0.0034,-1.0547,0.018,0.250,-0.000
879214245,0.0586,-0.0049,-1.0620,-0.165,0.128,-0.000
879227245,0.0571,-0.0063,-1.0605,0.079,0.005,0.122
879240245,0.0566,-0.0073,-1.0605,0.079,0.189,0.244
879253245,0.0562,-0.0029,-1.0645,-0.104,-0.117,0.122
879266245,0.0518,-0.0068,-1.0640,0.140,0.005,0.244
879279245,0.0532,-0.0034,-1.0620,0.018,-0.117,-0.183
879292245,0.0552,-0.0044,-1.0601,0.140,-0.056,0.183
879305245,0.0566,-0.0049,-1.0601,0.140,-0.056,-0.000
879318245,0.0581,-0.0034,-1.0601,-0.104,-0.117,0.183
879331245,0.0576,-0.0073,-1.0566,0.140,-0.117,-0.122
879344245,0.0601,-0.0049,-1.0659,-0.165,0.311,-0.061
879357245,0.0527,-0.0068,-1.0601,-0.287,0.128,0.061
879370245,0.0566,-0.0024,-1.0620,-0.043,0.189,-0.000
879383245,0.0566,-0.0059,-1.0635,0.079,0.067,0.244
879396245,0.0542,-0.0068,-1.0532,-0.043,-0.666,-0.122
879409245,0.0586,-0.0073,-1.0571,0.079,0.005,0.183
879422245,0.0566,-0.0068,-1.0566,0.140,0.250,0.183
879435245,0.0620,-0.0039,-1.0615,0.018,0.250,0.122
879448245,0.0601,-0.0059,-1.0718,-0.532,0.494,0.061
879461245,0.0571,-0.0049,-1.0645,0.079,0.067,0.183
879474245,0.0625,-0.0039,-1.0674,-0.349,0.128,0.122
879487245,0.0581,-0.0088,-1.0586,-0.349,0.555,0.305
879500245,0.0723,0.0054,-1.0566,-0.410,-0.605,1.587
879513245,0.0659,-0.0088,-1.0723,-0.226,1.531,3.296
879526245,0.0557,-0.0029,-1.0669,0.262,-0.483,2.258
879539245,0.0679,-0.0034,-1.0557,-0.410,0.005,3.906
879552245,0.0674,-0.0415,-1.0601,-0.410,-0.849,11.108
879565245,0.0576,-0.1099,-1.0737,0.384,-0.605,19.775
879578245,0.0889,-0.1040,-1.0757,-1.142,3.484,19.043
879591245,0.0205,-0.0762,-1.0684,-0.532,0.311,11.596
879604245,0.0454,-0.0024,-1.0229,-1.203,-0.727,6.592
879617245,0.0728,0.0034,-1.0088,-2.546,-1.581,10.681
879630245,0.0376,-0.0537,-1.0288,-0.715,-0.971,12.573
879643245,0.0684,-0.0156,-1.0552,-2.424,-0.727,14.526
879656245,0.0010,-0.0522,-0.9639,1.605,-4.511,11.841
879669245,0.0918,-0.0811,-1.1362,-2.912,6.109,12.939
879682245,0.0415,0.0063,-1.0430,0.567,-2.863,12.390
879695245,0.0713,-0.0381,-1.0767,-4.377,4.827,11.902
879708245,0.0283,-0.0967,-1.1367,0.262,-1.337,7.019
879721245,0.0918,-0.0527,-1.0610,-2.363,-2.436,5.981
879734245,0.1333,-0.0288,-1.3364,-0.776,14.044,4.394
879747245,0.0186,0.0269,-1.0435,-2.790,0.921,5.127
879760245,0.0703,0.0620,-1.0840,0.262,0.372,4.944
879773245,0.1177,0.0469,-1.1343,-3.034,3.973,1.709
879786245,0.0186,0.1196,-1.0059,-1.935,-1.215,-2.503
879799245,0.0649,0.0703,-1.1133,-1.020,0.250,-4.578
879812245,0.0601,0.0518,-1.0493,2.276,-1.642,-4.639
879825245,0.0562,0.0005,-1.0098,0.567,0.433,-3.906
879838245,0.0713,0.0146,-1.0337,0.689,0.128,-1.831
879851245,0.0688,0.0117,-1.0342,1.177,-0.422,-2.014
879864245,0.0527,0.0063,-1.0425,0.933,0.067,-1.953
879877245,0.0547,-0.0078,-1.0508,-0.165,0.189,-1.465
879890245,0.0518,0.0229,-1.0479,-0.165,0.067,-1.892
879903245,0.0674,0.0098,-1.0742,0.018,0.311,-1.038
879916245,0.0596,0.0073,-1.0596,0.079,0.067,-0.061
879929245,0.0532,-0.0088,-1.0615,0.140,-0.056,0.244
879942245,0.0537,-0.0078,-1.0610,0.079,-0.239,0.183
879955245,0.0547,-0.0122,-1.0645,0.140,0.189,0.122
879968245,0.0547,-0.0117,-1.0596,0.262,0.005,0.122
879981245,0.0454,-0.0352,-1.0679,0.079,0.128,-0.794
879994245,0.0444,-0.0591,-1.0610,0.628,-0.971,-4.151
880007245,0.0566,-0.0078,-1.0654,0.445,0.738,-5.738
880020245,0.0679,0.0215,-1.0801,0.567,0.555,-2.198
880033245,0.0542,0.0083,-1.0591,0.567,0.128,-1.404
880046245,0.0513,0.0020,-1.0605,0.933,-0.727,-1.343
880059245,0.0586,0.0181,-1.0620,0.445,-0.361,-0.366
880072245,0.0610,-0.0005,-1.0620,-0.898,0.677,0.061
880085245,0.0566,-0.0112,-1.0566,-0.410,0.189,-0.061
880098245,0.0513,-0.0098,-1.0537,-0.226,0.128,-0.000
880111245,0.0503,-0.0093,-1.0576,0.201,-0.178,0.061
880124245,0.0547,-0.0103,-1.0591,0.689,-0.605,-0.122
880137245,0.0527,-0.0068,-1.0625,1.849,-1.154,0.122
880150245,0.0576,-0.0054,-1.0815,1.849,-0.727,0.122
880163245,0.0566,-0.0122,-1.0630,3.130,-1.398,-0.122
880176245,0.0625,-0.0117,-1.0718,-0.043,0.738,-0.061
880189245,0.0625,0.0005,-1.0493,-0.410,0.128,0.183
880202245,0.0532,-0.0049,-1.0581,-0.043,-0.056,-0.061
880215245,0.0557,-0.0049,-1.0596,0.384,-0.117,-0.061
880228245,0.0581,-0.0063,-1.0610,0.018,-0.239,0.122
880241245,0.0522,-0.0078,-1.0591,0.201,-0.117,0.061
880254245,0.0557,-0.0049,-1.0654,0.262,-0.117,-0.000
880267245,0.0571,-0.0078,-1.0591,0.140,-0.239,0.305
880280245,0.0552,-0.0098,-1.0542,0.140,0.067,-0.061
880293245,0.0605,-0.0078,-1.0645,-0.043,0.128,0.122
880306245,0.0610,-0.0083,-1.0679,0.079,-0.056,-0.000
880319245,0.0557,-0.0059,-1.0571,-0.043,-0.117,-0.000
880332245,0.0566,-0.0083,-1.0664,0.079,-0.056,-0.000
880345245,0.0557,-0.0024,-1.0581,-0.104,0.128,0.061
880358245,0.0562,-0.0073,-1.0669,0.018,-0.056,-0.122
880371245,0.0581,-0.0078,-1.0586,0.079,-0.178,0.122
880384245,0.0537,-0.0059,-1.0669,0.018,0.005,-0.122
880397245,0.0537,-0.0063,-1.0596,0.079,0.128,0.122
880410245,0.0605,-0.0093,-1.0654,0.018,-0.117,-0.122
880423245,0.0537,-0.0068,-1.0601,0.140,0.067,-0.061
880436245,0.0562,-0.0073,-1.0630,-0.165,0.005,-0.000
880449245,0.0552,-0.0068,-1.0552,0.079,-0.056,0.061
880462245,0.0542,-0.0083,-1.0605,-0.043,-0.056,-0.061
880475245,0.0571,-0.0049,-1.0649,0.079,0.005,0.122
880488245,0.0605,-0.0078,-1.0625,-0.043,0.189,0.061
880501245,0.0552,-0.0078,-1.0645,0.018,0.005,0.122
880514245,0.0518,-0.0054,-1.0693,0.079,0.372,0.122
880527245,0.0596,-0.0063,-1.0576,0.140,-0.117,0.122
880540245,0.0591,-0.0098,-1.0649,0.079,-0.300,0.183
880553245,0.0542,-0.0034,-1.0610,0.018,-0.117,-0.000
880566245,0.0557,-0.0093,-1.0645,-0.043,-0.117,0.183
880579245,0.0586,-0.0107,-1.0557,0.079,0.189,0.244
880592245,0.0566,-0.0068,-1.0635,0.201,0.128,0.122
880605245,0.0586,-0.0073,-1.0630,0.018,-0.117,-0.061
880618245,0.0522,-0.0078,-1.0610,0.018,0.189,-0.183
880631245,0.0571,-0.0093,-1.0596,-0.043,-0.178,0.244
880644245,0.0596,-0.0088,-1.0566,0.079,0.128,-0.061
880657245,0.0562,-0.0063,-1.0552,0.079,0.128,0.122
880670245,0.0522,-0.0059,-1.0610,0.140,0.005,-0.061
880683245,0.0566,-0.0073,-1.0591,-0.165,0.005,-0.183
880696245,0.0532,-0.0059,-1.0649,0.079,0.067,-0.000
880709245,0.1577,0.0649,-1.2334,-13.166,13.189,0.305
880722245,0.0000,0.0020,-1.1118,2.093,-6.464,-0.550
880735245,0.0308,-0.0068,-1.0918,1.360,-2.497,-0.305
880748245,0.0542,0.0010,-1.0991,-0.226,-0.056,-0.000
880761245,0.0537,0.0020,-1.0850,-0.593,0.372,0.366
880774245,0.0552,-0.0020,-1.0796,-0.837,-0.056,0.305
880787245,0.0522,-0.0024,-1.0654,-0.165,0.311,-0.000
880800245,0.0537,-0.0054,-1.0645,0.018,0.067,0.122
880813245,0.0469,-0.0107,-1.0586,-0.043,-0.361,0.122
880826245,0.0518,-0.0103,-1.0532,-0.165,0.250,0.244
880839245,0.0522,-0.0083,-1.0620,-0.043,-0.056,0.305
880852245,-0.2046,0.0493,-0.7012,1.910,21.490,-0.550
880865245,0.0483,-0.0176,-1.0645,1.605,-4.267,-0.244
880878245,0.0288,-0.0430,-1.0308,7.403,-11.469,0.427
880891245,0.1938,0.0020,-1.1011,-3.278,2.996,-0.244
880904245,0.0518,0.0347,-1.0439,-3.644,4.644,-0.366
880917245,0.0015,0.0098,-0.9902,0.323,-0.971,-0.000
880930245,-0.0171,-0.0098,-0.9878,-0.104,-0.300,0.244
880943245,0.0591,-0.0049,-1.0640,0.445,0.067,0.183
880956245,0.0552,-0.0044,-1.0620,0.140,0.189,0.061
880969245,0.0586,-0.0083,-1.0708,0.201,0.128,0.061
880982245,0.0630,-0.0044,-1.0601,0.018,0.250,0.061
880995245,0.0640,-0.0059,-1.0640,-0.165,0.005,-0.061
881008245,0.0566,-0.0093,-1.0659,0.018,0.311,0.122
881021245,0.0566,-0.0034,-1.0581,0.079,0.005,-0.000
881034245,0.0586,-0.0073,-1.0698,0.140,0.128,0.183
881047245,0.0557,-0.0088,-1.0586,0.018,0.128,0.183
881060245,0.0586,-0.0039,-1.0571,-0.165,0.250,-0.000
881073245,0.0615,-0.0112,-1.0537,-0.043,0.433,-0.122
881086245,0.0586,-0.0093,-1.0586,-0.165,0.005,-0.061
881099245,0.0605,-0.0088,-1.0571,0.079,0.067,-0.061
881112245,0.0576,-0.0068,-1.0591,-0.043,0.128,-0.061
881125245,0.0591,-0.0034,-1.0645,-0.165,0.067,-0.000
881138245,0.0591,-0.0093,-1.0640,0.262,0.250,-0.061
881151245,0.0605,-0.0107,-1.0610,-0.043,0.128,-0.000
881164245,0.0601,-0.0034,-1.0596,0.079,0.189,-0.000
881177245,0.0581,-0.0073,-1.0645,0.201,0.005,0.061
881190245,0.0620,-0.0078,-1.0571,0.201,0.128,-0.000
881203245,0.0605,-0.0098,-1.0674,-0.349,0.067,-0.000
881216245,0.0566,-0.0088,-1.0640,0.018,0.067,0.061
881229245,0.0605,-0.0083,-1.0605,-0.104,0.311,0.122
881242245,0.0596,-0.0083,-1.0654,-0.043,0.005,-0.061
881255245,0.0596,-0.0054,-1.0620,-0.104,0.250,0.061
881268245,0.0557,-0.0083,-1.0581,-0.043,0.128,0.122
881281245,0.0620,-0.0054,-1.0669,0.262,0.067,-0.122
881294245,0.0586,-0.0063,-1.0581,0.201,0.067,0.061
881307245,0.0581,-0.0054,-1.0615,-0.043,-0.361,0.122
881320245,0.0566,-0.0068,-1.0566,0.262,-0.239,0.061
881333245,0.0601,-0.0093,-1.0635,-0.104,0.128,-0.000
881346245,0.0576,-0.0093,-1.0635,-0.043,-0.239,0.305
881359245,0.0576,-0.0063,-1.0615,-0.104,-0.056,-0.000
881372245,0.0610,-0.0093,-1.0571,-0.104,0.250,0.122
881385245,0.0566,-0.0063,-1.0610,0.018,-0.056,-0.000
881398245,0.0605,-0.0059,-1.0645,0.079,0.067,0.061
881411245,0.0566,-0.0073,-1.0625,0.079,-0.056,-0.061
881424245,0.0566,-0.0088,-1.0615,-0.043,-0.239,0.122
881437245,0.0591,-0.0083,-1.0610,-0.043,0.372,-0.122
881450245,0.0630,-0.0059,-1.0664,-0.104,0.005,0.122
881463245,0.0542,-0.0044,-1.0596,0.018,-0.117,0.122
881476245,0.0601,-0.0059,-1.0674,-0.043,0.005,0.122
881489245,0.0571,-0.0073,-1.0601,0.079,0.005,0.183
881502245,0.0620,-0.0063,-1.0586,0.262,-0.056,0.122
881515245,0.0547,-0.0112,-1.0591,0.262,-0.422,0.122
881528245,0.0601,-0.0068,-1.0708,0.140,0.067,-0.000
881541245,0.0562,-0.0039,-1.0571,-0.104,0.128,-0.000
881554245,0.0562,-0.0073,-1.0532,0.079,-0.117,0.122
881567245,0.0576,-0.0083,-1.0620,-0.043,-0.117,-0.000
881580245,0.0562,-0.0059,-1.0552,-0.104,0.005,-0.061
881593245,0.0601,-0.0039,-1.0645,-0.043,0.250,-0.122
881606245,0.0596,-0.0088,-1.0645,0.140,-0.178,0.122
881619245,0.0576,-0.0063,-1.0586,0.018,-0.178,-0.061
881632245,0.0581,-0.0083,-1.0654,0.079,0.005,0.122
881645245,0.0576,-0.0054,-1.0620,0.201,-0.300,-0.244
881658245,0.0610,-0.0049,-1.0664,0.140,0.067,0.061
881671245,0.0571,-0.0068,-1.0552,0.262,-0.117,0.122
881684245,0.0605,-0.0068,-1.0649,0.018,0.005,0.122
881697245,0.0620,-0.0034,-1.0635,-0.104,0.372,0.061
881710245,0.0615,-0.0068,-1.0684,-0.104,0.067,0.061
881723245,0.0586,-0.0103,-1.0581,0.018,-0.117,0.122
881736245,0.0605,-0.0015,-1.0630,-0.593,0.311,-0.000
881749245,0.0610,-0.0020,-1.0601,-0.287,0.372,0.061
881762245,0.0645,-0.0049,-1.0664,0.079,0.311,-0.061
881775245,0.0581,-0.0088,-1.0591,0.384,-0.605,0.244
881788245,0.0537,-0.0117,-1.0610,0.323,-0.239,0.061
881801245,0.0591,-0.0098,-1.0562,0.140,-0.239,0.061
881814245,0.0596,-0.0073,-1.0562,-0.226,0.311,-0.000
881827245,0.0591,-0.0044,-1.0645,-0.349,0.433,0.305
881840245,0.0591,-0.0088,-1.0645,-0.532,0.128,-0.061
881853245,0.0625,-0.0093,-1.0630,0.079,-0.117,0.061
881866245,0.0591,-0.0049,-1.0605,0.262,0.372,-0.000
881879245,0.0601,-0.0068,-1.0669,-0.104,-0.117,-0.061
881892245,0.0586,-0.0088,-1.0649,0.079,0.128,-0.183
881905245,0.0576,-0.0063,-1.0615,-0.104,0.128,-0.122
881918245,0.0596,-0.0098,-1.0649,-0.165,0.067,-0.061
881931245,0.0571,-0.0073,-1.0610,-0.287,0.067,-0.061
881944245,0.0610,-0.0039,-1.0649,0.201,-0.117,0.183
881957245,0.0610,-0.0063,-1.0601,0.018,0.128,-0.305
881970245,0.0581,-0.0078,-1.0615,0.262,-0.178,-0.000
881983245,0.0542,-0.0054,-1.0635,0.018,0.067,0.183
881996245,0.0610,-0.0059,-1.0640,-0.226,0.067,0.183
882009245,0.0566,-0.0137,-1.0703,0.262,0.128,0.061
882022245,0.0571,-0.0088,-1.0635,0.262,-0.239,0.061
882035245,0.0615,-0.0117,-1.0625,0.018,0.311,-0.000
882048245,0.0605,-0.0073,-1.0610,0.140,-0.056,0.061
882061245,0.0557,-0.0103,-1.0615,0.018,-0.056,-0.061
882074245,0.0937,0.0132,-1.0767,0.994,-0.666,0.122
882087245,0.0498,-0.0088,-1.0537,-0.043,-0.422,-0.061
882100245,0.0566,-0.0132,-1.0742,-1.752,0.921,-0.000
882113245,0.0688,0.0098,-1.0747,-6.513,4.400,-0.183
882126245,0.0029,-0.0796,-0.9795,3.314,-2.924,-0.122
882139245,0.0425,-0.0215,-1.0391,11.370,-8.723,0.366
882152245,0.0234,-0.0210,-1.0898,-0.715,0.433,0.244
882165245,0.0640,-0.0015,-1.0610,-0.043,0.189,-0.000
882178245,0.0718,-0.0068,-1.0649,-0.165,0.494,0.061
882191245,0.0605,-0.0107,-1.0591,-1.874,1.776,0.305
882204245,0.0522,-0.0117,-1.0464,3.619,-2.192,0.427
882217245,0.0459,-0.0176,-1.0684,0.323,-0.727,0.305
882230245,0.0786,-0.0132,-1.0659,-0.226,1.165,-0.000
882243245,0.0679,0.0327,-1.0190,-6.147,3.851,-0.489
882256245,0.0166,-0.0396,-1.0664,-3.034,1.776,-2.625
882269245,0.0244,-0.0830,-1.0269,7.220,-5.976,-11.231
882282245,-0.1440,-0.5928,-1.0610,-4.011,10.870,-58.838
882295245,-0.1406,-0.3252,-0.8750,11.004,-2.924,-98.999
882308245,0.1494,0.0493,-1.3149,1.177,8.489,-99.365
882321245,0.4805,0.2158,-1.5508,8.624,5.377,-82.337
882334245,0.1738,0.1523,-1.1260,3.008,1.104,-65.552
882347245,0.1943,0.1240,-1.1680,1.666,-0.239,-49.683
882360245,0.1011,0.0674,-1.0996,2.642,1.714,-37.781
882373245,0.1055,0.0757,-1.0688,2.398,0.860,-28.565
882386245,0.0630,0.0342,-1.0161,-0.349,-0.544,-21.485
882399245,0.0825,0.0439,-1.0503,0.872,0.128,-13.489
882412245,0.1001,0.0850,-1.0825,0.628,-0.056,-2.442
882425245,0.0547,-0.0127,-1.0596,-0.043,0.311,0.061
882438245,0.0508,-0.0181,-1.0596,0.323,-0.178,-0.000
882451245,0.0635,-0.0054,-1.0615,0.201,-0.178,-0.122
882464245,0.0522,-0.0049,-1.0576,0.018,0.250,-0.122
882477246,0.0171,-0.0156,-0.9917,0.445,-5.976,0.305
882490247,-1.3799,-0.1680,0.2334,-5.842,-625.727,-9.644
882503247,0.0269,-0.2505,-1.1040,4.046,1.959,-38.758
882516247,0.1523,0.0132,-1.0366,3.863,2.752,-47.241
882529247,0.1660,0.1265,-1.0356,3.069,-0.239,-36.133
882542247,0.1611,0.0474,-1.0918,3.192,1.776,-25.269
882555247,0.1626,0.1152,-1.0381,1.605,-0.788,-9.766
882568247,0.1211,0.0137,-1.0562,0.567,-0.910,-3.296
882581248,0.0723,-0.0088,-1.0474,-0.532,-0.910,-1.831
882594248,0.0820,-0.0254,-1.0459,1.605,-0.544,-9.583
882607248,0.1147,0.0127,-1.0586,1.483,-0.422,-6.592
882620249,0.1494,0.0347,-1.0518,-0.349,1.287,-2.686
882633249,0.0957,-0.0107,-1.0503,-0.349,0.128,-0.122
882646249,0.1016,-0.0107,-1.0679,0.140,-0.727,-0.550
882659249,0.0776,-0.0444,-1.0547,1.116,-3.535,-8.484
882672249,0.0781,-0.0391,-1.0820,0.628,-0.788,-15.625
882685249,0.1025,0.0195,-1.0669,2.520,-0.117,-28.626
882698249,0.0581,-0.0830,-1.0806,4.412,-2.436,-35.828
882711249,0.1025,-0.0273,-1.0542,5.084,0.738,-52.552
882724249,0.1387,0.0107,-1.0757,7.098,-0.178,-66.651
882737249,0.1606,0.0591,-1.0000,8.746,-2.497,-64.881
882750249,0.0908,-0.0176,-1.0640,8.929,-0.849,-63.294
882763249,0.1318,0.0073,-1.0723,6.732,2.935,-61.646
882776249,0.1138,-0.0010,-1.0728,5.816,3.240,-53.589
882789250,0.2554,0.0728,-0.9878,4.473,15.081,-43.335
882802250,0.1040,-0.0181,-1.0552,4.229,-1.520,-38.880
882815251,0.1113,-0.0049,-1.0747,5.145,-0.361,-32.776
882828251,0.0806,-0.0503,-1.0649,5.755,-2.375,-41.626
882841250,0.1309,-0.0664,-1.0942,6.304,-3.107,-44.312
882854250,0.0195,-0.1890,-1.0181,7.403,-1.276,-61.646
882867250,0.1621,-0.0933,-1.1343,11.126,0.005,-75.440
882880251,0.0869,-0.1597,-1.0703,9.417,0.555,-84.656
882893251,0.2002,-0.0396,-1.1187,12.957,0.189,-99.060
882906250,0.1362,0.0215,-1.0620,12.042,1.714,-99.060
882919249,0.1143,-0.0127,-1.0142,10.943,-0.666,-94.727
882932249,0.1294,0.1221,-1.0625,12.286,-3.657,-90.454
882945249,0.2197,0.1021,-1.1216,10.882,-0.178,-85.938
882958249,0.1123,0.0869,-1.1040,9.600,-1.459,-76.294
882971249,0.0981,-0.0386,-1.0581,11.065,-4.145,-79.651
882984249,0.0552,-0.0747,-1.0737,11.187,-3.779,-83.069
882997249,0.1841,-0.0332,-1.0542,11.065,-0.483,-88.257
883010249,0.1997,0.0239,-1.0767,9.722,-2.924,-81.909
883023249,0.1289,-0.0483,-1.0610,9.844,-3.718,-85.083
883036249,0.1294,-0.0308,-1.0137,10.699,-10.187,-87.342
883049249,0.0459,-0.0859,-1.0513,13.323,-22.516,-82.703
883062249,0.1255,-0.0220,-1.0864,14.544,-33.381,-81.665
883075249,0.0957,0.0278,-1.0894,13.140,-15.314,-79.224
883088249,0.2393,0.0337,-1.0698,12.591,-6.647,-74.341
883101249,0.1299,0.0088,-1.0703,11.248,-3.290,-69.885
883114249,0.0835,-0.0171,-1.0688,9.173,-1.826,-63.660
883127249,0.1372,-0.0205,-1.0703,10.577,-1.276,-63.416
883140249,0.1313,0.0259,-1.0269,9.722,-1.703,-67.688
883153249,0.0981,-0.0215,-1.0601,11.859,-1.276,-73.120
883166249,0.1509,-0.0420,-1.0605,11.065,2.203,-75.501
883179249,0.1973,-0.0176,-1.0786,10.760,1.043,-79.834
883192248,0.1470,-0.0747,-1.0410,13.445,-0.239,-84.107
883205248,0.1899,-0.0254,-1.0552,11.675,-0.361,-82.459
883218248,0.1426,-0.0249,-1.0347,13.506,-5.244,-79.651
883231248,0.1885,-0.1060,-1.0327,12.286,-2.131,-83.618
883244248,0.2183,-0.1133,-1.0483,11.187,0.555,-81.543
883257248,0.1660,-0.0669,-1.0630,11.736,-3.168,-84.656
883270248,0.1821,0.0474,-1.0527,12.591,-3.596,-84.595
883283248,0.0098,-0.0171,-1.0562,13.568,-6.037,-86.304
883296248,0.0972,0.0996,-1.0684,11.248,-4.328,-83.008
883309247,0.1572,0.1426,-1.0708,10.516,0.799,-78.552
883322247,0.1909,-0.0176,-1.0239,11.187,0.433,-79.041
883335249,0.1577,-0.0605,-1.0620,12.591,2.813,-79.895
883348248,0.1821,-0.0068,-1.0474,11.553,-1.765,-88.562
883361248,0.1465,0.0430,-1.0181,11.859,1.348,-78.308
883374248,0.0645,-0.0142,-1.0781,7.708,-0.178,-71.289
883387248,0.1104,0.0039,-1.0410,9.478,3.973,-72.083
883400248,0.1060,0.0215,-1.0493,6.365,1.592,-61.035
883413248,0.1089,-0.0449,-1.1172,8.257,-3.535,-68.360
883426248,0.1323,0.0127,-1.0610,13.751,1.043,-71.228
883439248,0.0806,-0.0361,-1.0659,11.736,0.189,-71.228
883452249,0.1987,0.0181,-1.1069,10.272,1.348,-73.792
883465249,0.1167,-0.0859,-1.0347,15.582,-2.985,-79.712
883478249,0.2100,0.0601,-1.0586,12.042,-0.544,-81.421
883491248,0.1348,0.0645,-1.0903,6.976,2.813,-55.786
883504248,0.1548,0.0293,-1.0562,4.107,0.494,-40.528
883517248,0.1543,-0.0342,-1.0439,5.694,-0.605,-38.697
883530248,0.1128,0.0615,-1.0615,3.253,0.921,-36.133
883543247,0.0620,0.0688,-1.0615,3.924,0.067,-29.175
883556247,0.1069,0.0435,-1.0718,-1.386,-1.887,-23.010
883569249,0.1133,0.0293,-1.0732,-0.226,0.189,-18.433
883582247,0.1338,-0.0376,-1.0649,1.727,-1.581,-20.813
883595247,0.1270,-0.0098,-1.0854,1.605,-0.544,-23.499
883608247,0.1562,-0.0283,-1.0454,2.398,-0.544,-25.818
883621247,0.0815,0.0112,-1.0869,1.849,0.738,-28.748
883634247,0.1904,-0.1157,-1.0303,8.074,-0.422,-37.293
883647247,0.1553,0.0293,-1.0889,4.717,1.470,-43.762
883660247,0.0542,0.0986,-1.0879,4.168,0.311,-35.645
883673247,0.0874,0.0474,-1.0640,3.314,-1.276,-23.133
883686247,0.0566,0.0693,-1.0713,1.666,-1.337,-8.240
883699246,0.1055,0.0146,-1.0684,-0.532,-3.046,-1.465
883712247,0.1313,-0.0151,-1.0620,-0.287,-3.474,-1.404
883725247,0.1343,-0.0205,-1.0688,-0.410,-2.985,-0.916
883738247,0.1343,-0.0186,-1.0605,-0.471,-2.192,-0.977
883751247,0.1387,-0.0171,-1.0615,-0.287,-0.727,-0.733
883764247,0.1387,-0.0195,-1.0513,0.201,0.433,-0.611
883777247,0.1357,-0.0186,-1.0596,-0.226,0.005,-0.550
883790247,0.1323,-0.0176,-1.0522,0.384,-0.361,-0.672
883803247,0.1357,-0.0181,-1.0566,0.872,0.005,-0.550
883816247,0.1455,-0.0186,-1.0581,0.384,-0.117,-0.794
883829249,0.1362,-0.0156,-1.0537,0.628,-0.422,-0.794
883842247,0.1343,-0.0156,-1.0620,0.262,-0.300,-0.672
883855247,0.1343,-0.0176,-1.0557,0.201,-0.056,-0.550
883868247,0.1372,-0.0176,-1.0576,-0.165,0.067,0.061
883881247,0.1353,-0.0151,-1.0532,-0.532,0.616,0.488
883894247,0.1230,-0.0107,-1.0591,-1.264,0.616,5.615
883907247,0.1211,-0.0132,-1.0610,-4.011,-0.422,20.508
883920247,0.1172,0.0220,-1.0269,-6.452,0.005,53.283
883933247,0.0698,-0.0669,-1.0361,-10.908,1.409,82.702
883946247,0.1284,-0.0010,-1.0615,-15.241,0.433,101.623
883959247,0.1362,0.0137,-1.0630,-17.560,-1.887,117.004
883972248,0.1401,-0.0337,-1.0566,-15.058,-3.351,127.746
883985250,0.1016,-0.0410,-1.0254,-17.316,-12.446,135.132
883998250,0.2134,-0.0073,-1.0776,-21.528,-6.891,136.780
884011250,0.1421,-0.0005,-1.1499,-21.406,-4.572,140.136
884024250,0.2285,0.0308,-1.0459,-18.903,-1.398,146.972
884037251,0.1196,0.0649,-1.0664,-21.406,-6.403,154.968
884050251,0.0479,0.2183,-1.0298,-27.448,1.592,176.269
884063251,0.1792,0.1621,-1.1265,-39.960,2.447,212.524
884076250,0.1064,0.1221,-1.1377,-33.246,-0.849,206.787
884089250,0.1914,0.0425,-0.9790,-31.354,4.034,194.214
884102250,0.1519,-0.0132,-0.9741,-31.354,1.165,192.016
884115250,0.2637,-0.0479,-1.0562,-30.927,3.912,189.270
884128250,0.1226,-0.0435,-1.0776,-27.265,-0.910,181.885
884141250,0.1475,0.0894,-0.9990,-31.782,-0.605,187.866
884154250,0.1475,0.0835,-1.0493,-30.134,1.837,179.321
884167250,0.1553,0.1528,-1.0542,-30.683,3.729,191.650
884180250,0.2881,0.1318,-1.1006,-33.307,4.949,204.956
884193250,0.1401,-0.0342,-1.0547,-30.866,3.057,203.125
884206250,0.1230,0.0283,-1.1196,-33.491,5.438,203.735
884219250,0.2021,0.1685,-1.0752,-32.819,0.921,213.073
884232251,0.0713,0.0791,-1.0103,-34.101,0.128,220.642
884245251,0.1260,-0.0742,-1.1470,-36.542,1.470,221.863
884258250,0.2744,-0.1167,-1.0889,-34.284,-2.253,205.566
884271250,0.1494,-0.1221,-1.0239,-31.110,-3.596,190.735
884284250,0.1436,0.0435,-1.1118,-31.232,-1.887,190.857
884297250,0.2139,0.0850,-1.0337,-30.439,1.043,187.866
884310251,0.2041,0.0269,-1.0313,-31.354,1.592,180.420
884323251,0.1787,-0.2402,-0.9365,-28.058,-1.703,158.386
884336251,0.2705,-0.1680,-1.0786,-22.932,0.189,134.887
884349250,0.2148,-0.0688,-1.0288,-19.575,0.860,114.074
884362250,0.1631,-0.0469,-1.0327,-16.401,0.067,100.464
884375251,0.2061,-0.0049,-1.0513,-16.462,1.714,93.078
884388251,0.1655,-0.0435,-1.0361,-14.570,-1.703,86.792
884401251,0.2129,-0.0654,-1.0542,-14.081,3.057,75.439
884414251,0.1870,-0.0425,-1.0537,-11.884,3.057,64.453
884427249,0.1880,-0.0444,-1.0444,-9.382,0.738,49.438
884440250,0.1851,-0.0586,-1.0420,-5.781,3.729,31.738
884453250,0.1816,-0.0742,-1.0444,-3.217,-1.703,16.845
884466250,0.1782,-0.0034,-1.0518,-1.081,0.067,5.920
884479250,0.1519,-0.0078,-1.0591,-0.104,-0.056,1.953
884492250,0.1343,0.0259,-1.0488,-0.654,0.433,3.357
884505250,0.1035,0.0698,-1.0508,-1.264,0.555,9.582
884518251,0.2227,-0.0947,-1.0371,-0.593,-3.290,7.263
884531251,0.1650,-0.0356,-1.0581,0.262,0.555,1.587
884544251,0.1470,-0.0137,-1.0410,0.567,0.494,0.122
884557251,0.1455,-0.0044,-1.0527,-0.043,0.372,0.061
884570251,0.1460,-0.0044,-1.0547,0.201,0.372,-0.183
884583251,0.1450,-0.0073,-1.0474,0.018,0.067,-0.061
884596251,0.1494,-0.0112,-1.0513,-0.043,0.005,-0.183
884609251,0.1470,-0.0068,-1.0571,-0.104,-0.178,-0.122
884622251,0.1489,-0.0059,-1.0562,0.079,0.067,-0.061
884635251,0.1489,-0.0068,-1.0552,-0.043,0.189,-0.427
884648251,0.1479,-0.0034,-1.0474,-0.043,0.311,-0.183
884661251,0.1479,-0.0088,-1.0508,0.018,0.433,-0.244
884674251,0.1519,-0.0112,-1.0522,0.506,0.555,-0.061
884687251,0.1489,-0.0078,-1.0493,0.079,0.250,-0.183
884700252,0.1440,-0.0078,-1.0503,0.079,-0.056,-0.366
884713252,0.1499,-0.0103,-1.0542,0.018,-0.239,-0.305
884726252,0.1494,-0.0083,-1.0532,0.140,0.189,-0.489
884739252,0.1489,-0.0068,-1.0503,-0.104,-0.300,-0.366
884752252,0.1440,-0.0073,-1.0537,0.201,-0.239,-0.427
884765252,0.1445,-0.0127,-1.0566,0.384,0.067,-0.916
884778252,0.1465,-0.0098,-1.0562,0.567,0.128,-1.831
884791252,0.1475,-0.0059,-1.0488,0.750,0.067,-3.174
884804252,0.1445,-0.0117,-1.0522,0.811,0.494,-3.296
884817252,0.1714,0.0195,-1.0537,0.567,-0.056,-1.709
884830252,0.1533,0.0020,-1.0488,0.262,-0.239,-0.733
884843252,0.1484,-0.0063,-1.0513,0.140,0.128,-0.366
884856252,0.1484,-0.0063,-1.0508,0.140,-0.117,-0.427
884869252,0.1450,-0.0083,-1.0522,0.201,-0.239,-0.061
884882252,0.1504,-0.0093,-1.0493,0.079,-0.483,-0.122
884895252,0.1470,-0.0083,-1.0532,0.384,-0.361,0.061
884908252,0.1514,-0.0063,-1.0522,0.018,0.005,-0.122
884921252,0.1514,-0.0093,-1.0469,-0.043,-0.239,-0.122
884934252,0.1484,-0.0068,-1.0483,-0.043,0.005,-0.061
884947252,0.1479,-0.0068,-1.0503,0.079,-0.239,0.061
884960253,0.1475,-0.0103,-1.0483,0.140,-0.178,-0.183
884973253,0.1470,-0.0059,-1.0493,0.140,0.128,-0.305
884986253,0.1479,-0.0073,-1.0479,0.140,0.067,0.122
884999253,0.1489,-0.0054,-1.0527,0.262,0.005,-0.366
885012253,0.1504,-0.0054,-1.0547,0.140,-0.056,0.061
885025253,0.1475,-0.0083,-1.0518,-0.104,-0.056,-0.489
885038253,0.1445,-0.0083,-1.0552,0.018,0.433,-0.244
885051253,0.1465,-0.0088,-1.0508,0.384,-0.056,-1.099
885064253,0.1055,-0.0161,-1.0605,0.201,0.677,-3.906
885077253,0.1255,-0.0083,-1.0522,0.994,0.372,-7.202
885090253,0.1880,0.0059,-1.0430,1.055,0.433,-7.691
885103253,0.1567,-0.0127,-1.0493,0.628,1.470,-8.057
885116253,0.1548,-0.0132,-1.0469,0.872,0.616,-8.728
885129253,0.1255,-0.0586,-1.0483,2.337,0.555,-14.832
885142253,0.0996,-0.0991,-1.0576,5.267,-0.971,-29.419
885155253,0.1499,-0.1323,-1.0713,8.807,0.311,-54.077
885168253,0.1284,-0.1763,-1.0405,14.727,-1.459,-79.102
885181253,0.1567,-0.2476,-1.0132,22.051,-1.337,-119.019
885194253,0.2622,-0.0522,-0.9609,25.042,-0.849,-144.287
885207253,0.3770,0.0547,-1.0044,24.920,1.653,-150.757
885220253,0.2153,-0.0322,-1.0039,29.070,-1.032,-173.035
885233252,0.2788,-0.0103,-1.0586,29.315,1.714,-192.200
885246251,0.1895,-0.1582,-0.9468,35.296,3.057,-226.807
885259251,0.3477,-0.0474,-0.9443,36.944,5.743,-237.976
885272251,0.3867,-0.0229,-0.9175,42.315,11.419,-266.724
885285252,0.3364,0.0669,-1.0977,42.559,19.598,-274.719
885298251,0.4634,-0.0254,-1.0898,45.306,52.618,-297.180
885311251,0.2656,-0.1021,-1.1016,43.597,97.662,-322.998
885324251,0.2529,-0.1445,-1.1094,36.334,137.884,-343.079
885337251,0.2227,-0.0464,-1.0864,26.873,124.822,-352.661
885350251,0.2441,0.0522,-0.9292,16.131,52.862,-336.670
885363252,0.0840,0.1147,-1.0435,12.164,-14.216,-312.012
885376252,0.0449,0.1743,-1.0391,11.797,-77.997,-276.734
885389252,-0.0220,0.2793,-1.0024,16.558,-128.596,-232.605
885402252,0.0596,0.2612,-1.1074,20.281,-111.140,-203.125
885415252,-0.0151,0.2427,-1.0981,23.577,-74.885,-183.594
885428252,0.0527,0.3218,-1.1143,20.159,-9.028,-149.353
885441252,0.0352,0.1030,-1.0586,13.690,-7.502,-91.919
885454252,0.0522,0.1211,-1.0654,5.328,-3.840,-41.382
885467253,0.0815,0.1870,-1.0547,0.811,-0.422,-10.132
885480253,0.1299,-0.0205,-1.0532,1.299,0.555,-10.071
885493254,0.1309,-0.0049,-1.0532,1.727,1.104,-11.536
885506254,0.1113,0.0239,-1.0542,0.628,0.311,-6.531
885519254,0.1226,-0.0122,-1.0591,0.994,-0.849,-5.982
885532255,0.1084,-0.0059,-1.0547,0.323,-1.459,-1.526
885545255,0.1587,-0.0122,-1.0576,0.567,0.921,0.671
885558255,0.1528,0.0122,-1.0654,0.201,-1.765,1.587
885571255,0.1353,-0.0107,-1.0537,-0.410,-3.901,-0.183
885584255,0.1187,-0.0146,-1.0591,0.018,-9.150,-0.183
885597255,0.0605,-0.0068,-0.9316,0.140,-0.971,0.244
885610255,0.1362,-0.0171,-1.0620,0.018,-0.910,-0.122
885623256,0.1167,-0.0107,-1.0308,0.384,-2.436,0.122
885636256,0.1465,-0.0142,-1.0850,0.445,-6.098,-0.550
885649256,0.1465,-0.0078,-1.0645,-0.104,-1.765,-0.733
885662256,0.1338,-0.0146,-1.0620,0.201,3.179,0.122
885675256,0.1299,-0.0142,-1.0508,0.506,2.508,-0.000
885688256,0.1309,-0.0107,-1.0522,0.079,2.020,-0.000
885701256,0.2021,0.0278,-1.0410,-1.264,0.433,6.408
885714256,0.1055,-0.0259,-1.0625,-1.508,0.372,11.352
885727256,0.1089,-0.0215,-1.0542,-1.020,0.128,8.850
885740256,0.1064,-0.0234,-1.0581,-0.593,-0.422,4.638
885753257,0.1226,-0.0195,-1.0601,0.018,-0.605,-0.183
885766257,0.1265,-0.0127,-1.0552,0.140,-1.520,-0.122
885779256,0.1299,-0.0146,-1.0547,0.079,-1.581,-0.305
885792256,0.1284,-0.0137,-1.0542,0.262,-0.727,-0.427
885805257,0.1338,-0.0098,-1.0571,0.201,0.067,-0.305
885818257,0.1343,-0.0122,-1.0537,-0.104,0.921,-0.061
885831257,0.1323,-0.0156,-1.0576,0.079,1.104,-0.183
885844257,0.1299,-0.0176,-1.0586,-0.226,0.555,-0.122
885857256,0.1313,-0.0088,-1.0547,0.140,0.005,-0.061
885870256,0.1333,-0.0137,-1.0566,-0.165,0.067,-0.305
885883256,0.1294,-0.0132,-1.0542,0.140,-0.178,-0.183
885896256,0.1313,-0.0142,-1.0552,0.079,-0.056,-0.244
885909256,0.1318,-0.0112,-1.0571,0.262,-0.300,-0.061
885922256,0.1323,-0.0142,-1.0498,0.201,-0.239,-0.122
885935256,0.1353,-0.0088,-1.0537,0.079,-0.056,-0.183
885948256,0.1313,-0.0117,-1.0547,0.018,-0.239,-0.183
885961256,0.1304,-0.0122,-1.0601,0.262,-0.178,0.061
885974256,0.1328,-0.0107,-1.0439,0.079,-0.117,-0.183
885987256,0.1338,-0.0151,-1.0542,0.262,0.005,-0.366
886000256,0.1353,-0.0112,-1.0522,0.140,0.250,-0.122
886013256,0.1323,-0.0142,-1.0542,0.079,0.311,-0.183
886026256,0.1309,-0.0132,-1.0562,0.079,0.311,-0.000
886039256,0.1318,-0.0127,-1.0537,0.323,0.250,-0.000
886052256,0.1318,-0.0117,-1.0552,0.079,0.128,-0.305
886065256,0.1299,-0.0132,-1.0503,-0.104,-0.056,-0.183
886078256,0.1338,-0.0112,-1.0537,-0.165,0.311,-0.122
886091256,0.1255,-0.0142,-1.0605,0.140,0.067,-0.183
886104256,0.1323,-0.0083,-1.0552,0.262,0.005,-0.122
886117256,0.1265,-0.0127,-1.0571,0.140,0.494,-0.183
886130256,0.1294,-0.0137,-1.0620,0.201,0.311,-0.305
886143256,0.1270,-0.0146,-1.0518,0.323,0.311,-0.122
886156256,0.1304,-0.0112,-1.0581,0.201,0.616,-0.244
886169256,0.1284,-0.0156,-1.0552,0.323,0.677,0.122
886182256,0.1323,-0.0146,-1.0552,0.262,0.616,-0.305
886195256,0.1284,-0.0142,-1.0562,0.445,0.555,-0.061
886208256,0.1313,-0.0112,-1.0488,0.262,0.494,-0.183
886221255,0.1284,-0.0137,-1.0571,0.140,0.372,-0.122
886234255,0.1274,-0.0151,-1.0571,0.262,-0.056,-0.061
886247255,0.1299,-0.0122,-1.0483,0.140,0.189,-0.000
886260254,0.1304,-0.0151,-1.0596,0.262,0.128,-0.183
886273254,0.1265,-0.0122,-1.0625,0.384,-0.178,-0.122
886286253,0.1270,-0.0151,-1.0498,0.384,-0.483,-0.061
886299252,0.1313,-0.0132,-1.0542,0.262,-0.300,-0.061
886312252,0.1304,-0.0068,-1.0601,0.567,-0.300,-0.122
886325251,0.1265,-0.0093,-1.0557,0.140,0.128,-0.183
886338251,0.1255,-0.0142,-1.0547,0.201,0.005,0.122
886351251,0.1255,-0.0093,-1.0493,0.323,-0.117,-0.183
886364251,0.1323,-0.0122,-1.0601,0.079,0.250,-0.122
886377251,0.1323,-0.0137,-1.0601,-0.043,-0.117,-0.000
886390251,0.1289,-0.0103,-1.0542,0.323,-0.056,0.183
886403251,0.1299,-0.0137,-1.0562,0.079,0.005,-0.122
886416251,0.1299,-0.0132,-1.0547,0.140,0.067,-0.183
886429251,0.1328,-0.0117,-1.0537,0.140,0.128,-0.183
886442251,0.1313,-0.0117,-1.0557,0.201,0.067,-0.000
886455251,0.1328,-0.0142,-1.0605,0.018,0.128,-0.000
886468251,0.1270,-0.0132,-1.0552,-0.043,0.005,0.244
886481251,0.1279,-0.0103,-1.0562,-0.043,0.128,-0.000
886494251,0.1357,-0.0137,-1.0630,-0.043,0.250,-0.000
886507251,0.1294,-0.0098,-1.0586,0.079,0.250,0.061
886520252,0.1304,-0.0151,-1.0566,-0.043,0.067,0.122
886533252,0.1265,-0.0112,-1.0532,0.262,0.067,-0.366
886546252,0.1274,-0.0107,-1.0562,-0.043,0.250,-0.000
886559252,0.1333,-0.0122,-1.0601,0.018,0.433,0.061
886572252,0.1328,-0.0117,-1.0566,0.079,0.494,0.122
886585252,0.1279,-0.0112,-1.0571,0.140,0.860,-0.000
886598252,0.1289,-0.0088,-1.0615,0.201,0.921,0.122
886611252,0.1294,-0.0098,-1.0547,0.079,1.226,0.122
886624251,0.1318,-0.0103,-1.0601,-0.043,1.592,-0.000
886637251,0.1274,-0.0122,-1.0542,0.262,1.531,0.061
886650250,0.1201,-0.0200,-1.0635,0.750,1.043,1.159
886663250,0.1245,-0.0161,-1.0547,-0.165,1.287,3.113
886676251,0.1406,-0.0049,-1.0532,-0.776,0.921,6.714
886689250,0.1309,-0.0181,-1.0518,-1.325,1.470,10.681
886702248,0.1309,0.0044,-1.0513,-1.142,1.409,9.887
886715246,0.1167,-0.0127,-1.0562,-0.410,1.043,7.446
886728246,0.1304,-0.0083,-1.0547,-0.104,0.738,5.737
886741245,0.1841,0.0747,-1.0635,-1.142,2.691,10.193
886754245,0.1196,-0.0376,-1.0562,-2.973,1.104,20.569
886767245,0.1230,0.0054,-1.0640,-2.424,1.165,20.996
886780245,0.1255,-0.0288,-1.0620,-2.180,0.616,16.540
886793245,0.1182,-0.0083,-1.0479,-1.508,1.409,13.244
886806245,0.1069,0.0298,-1.0249,-2.668,-1.093,15.808
886819245,0.1240,0.0146,-1.0854,-2.424,1.959,17.090
886832245,0.1313,0.0273,-1.0708,-2.180,0.372,14.343
886845245,0.1401,0.0107,-1.0645,-2.180,0.860,16.723
886858245,0.1323,-0.0015,-1.0562,-2.363,-0.117,18.493
886871245,0.1353,-0.0249,-1.0776,-2.119,0.616,18.188
886884245,0.1313,-0.0146,-1.0562,-2.668,-0.056,18.615
886897245,0.1226,-0.0400,-1.0625,-2.424,0.128,16.052
886910245,0.1289,-0.0181,-1.0518,-2.180,0.250,14.282
886923245,0.1152,-0.0337,-1.0493,-1.508,0.311,12.390
886936245,0.1128,-0.0669,-1.0771,-1.264,0.189,8.423
886949245,0.1030,-0.0723,-1.0581,-0.287,0.555,3.967
886962245,0.1206,-0.0200,-1.0562,0.262,-0.239,-0.000
886975245,0.1255,-0.0093,-1.0444,0.140,0.189,-0.122
886988245,0.1211,-0.0068,-1.0527,0.384,0.005,0.305
887001245,0.1250,-0.0112,-1.0547,0.018,-0.056,0.549
887014245,0.1240,-0.0103,-1.0532,0.201,-0.056,0.427
887027245,0.1211,-0.0107,-1.0464,-0.165,-0.056,0.122
887040245,0.1240,-0.0098,-1.0522,-0.226,0.067,0.122
887053245,0.1216,-0.0088,-1.0527,-0.287,0.067,0.183
887066245,0.1260,-0.0117,-1.0547,-0.043,0.250,0.183
887079245,0.1255,-0.0073,-1.0498,-0.043,-0.056,0.244
887092245,0.1260,-0.0093,-1.0522,-0.410,-0.117,0.183
887105245,0.1265,-0.0083,-1.0518,0.323,-0.239,0.183
887118245,0.1260,-0.0103,-1.0571,0.018,0.128,0.061
887131245,0.1250,-0.0103,-1.0508,0.140,0.067,0.183
887144245,0.1279,-0.0073,-1.0591,0.079,0.189,0.061
887157245,0.1265,-0.0068,-1.0557,0.140,-0.056,0.061
887170245,0.1240,-0.0093,-1.0469,-0.043,0.005,-0.000
887183245,0.1235,-0.0098,-1.0596,-0.104,0.311,0.183
887196245,0.1206,-0.0098,-1.0498,0.201,0.067,0.122
887209245,0.1211,-0.0068,-1.0527,-0.104,-0.300,0.305
887222245,0.1230,-0.0098,-1.0518,0.079,0.311,0.061
887235245,0.1206,-0.0073,-1.0493,0.079,0.067,0.183
887248245,0.1230,-0.0078,-1.0542,0.079,-0.056,0.122
887261245,0.1230,-0.0127,-1.0532,0.140,-0.056,0.122
887274245,0.1255,-0.0112,-1.0542,0.079,-0.056,0.183
887287245,0.1230,-0.0073,-1.0527,0.079,0.067,0.061
887300245,0.1255,-0.0103,-1.0503,0.079,-0.117,-0.000
887313245,0.1250,-0.0063,-1.0552,-0.165,0.128,0.061
887326245,0.1245,-0.0068,-1.0547,0.079,-0.056,0.061
887339245,0.1235,-0.0107,-1.0518,0.079,-0.117,-0.000
887352245,0.1260,-0.0054,-1.0537,-0.471,-0.971,0.305
887365245,0.1201,-0.0151,-1.0430,-0.165,-1.459,0.122
887378245,0.1221,-0.0117,-1.0557,-0.226,-1.765,0.122
887391245,0.1230,-0.0103,-1.0601,-0.104,-2.314,0.061
887404245,0.1270,-0.0083,-1.0552,-0.287,-2.497,-0.061
887417245,0.1284,-0.0112,-1.0464,-0.043,-2.192,-0.000
887430245,0.1235,-0.0103,-1.0542,-0.165,-1.826,-0.122
887443245,0.1274,-0.0127,-1.0542,-0.043,-1.642,-0.183
887456245,0.1304,-0.0098,-1.0586,0.079,-1.154,-0.122
887469245,0.1299,-0.0112,-1.0547,-0.043,-1.887,-0.000
887482245,0.1240,-0.0103,-1.0503,-0.349,-1.398,-0.183
887495245,0.1318,-0.0112,-1.0596,-0.226,-1.276,-0.061
887508245,0.1323,-0.0112,-1.0566,0.018,-1.276,-0.061
887521245,0.1323,-0.0078,-1.0532,-0.287,-0.666,-0.244
887534245,0.1328,-0.0098,-1.0532,-0.410,-0.239,0.122
887547245,0.1299,-0.0093,-1.0586,-0.532,-0.788,0.122
887560245,0.1372,-0.0059,-1.0518,-0.898,-0.666,-0.000
887573245,0.1309,-0.0107,-1.0542,-0.715,0.555,0.305
887586245,0.1309,-0.0093,-1.0498,-0.837,0.921,0.427
887599245,0.2261,0.1768,-1.0527,-3.583,2.325,5.371
887612245,0.1499,0.1382,-1.0620,-2.851,-1.581,24.414
887625245,0.1323,0.1748,-1.0327,-6.513,-1.642,55.908
887638245,0.1763,0.1855,-1.0298,-15.851,-2.802,93.323
887651245,0.1440,0.1528,-1.0229,-17.560,-3.779,136.413
887664245,0.3501,0.3188,-1.0718,-30.378,-6.525,201.172
887677245,0.2549,0.2568,-1.0464,-35.749,-3.107,238.708
887690245,0.2217,0.3228,-0.9849,-38.129,-2.375,270.752
887703245,0.2202,0.1831,-1.0718,-45.331,1.226,293.823
887716245,0.2310,-0.0063,-1.0415,-46.552,2.447,307.373
887729245,0.2388,-0.2710,-1.0571,-44.477,3.118,291.260
887742245,0.2451,-0.2144,-0.9941,-40.998,-2.680,266.845
887755245,0.2090,-0.0093,-1.0137,-40.815,-2.192,260.498
887768245,0.1299,-0.0942,-1.1519,-40.571,4.949,256.958
887781245,0.2207,-0.2412,-1.0801,-38.190,3.423,239.868
887794245,0.1685,-0.2241,-0.8892,-35.871,2.325,221.618
887807245,0.1763,-0.1748,-1.0288,-33.674,0.494,210.022
887820245,0.1606,-0.1470,-1.1206,-30.988,2.813,194.031
887833245,0.2075,-0.0591,-1.0361,-26.411,2.081,165.405
887846245,0.1226,-0.0703,-0.9951,-23.847,0.128,140.808
887859245,0.1392,-0.0190,-1.0591,-20.612,1.104,127.990
887872245,0.1821,-0.1221,-1.0161,-17.011,1.714,110.779
887885245,0.1426,-0.1294,-1.0645,-14.142,-2.131,89.416
887898245,0.1387,-0.0654,-1.0752,-11.823,-2.863,74.951
887911245,0.2241,0.0122,-1.0874,-12.861,3.790,62.500
887924245,0.1416,0.0034,-1.0313,-7.734,-2.619,54.931
887937245,0.0928,-0.0488,-1.0459,-7.978,1.348,46.448
887950245,0.1743,-0.0122,-1.0664,-5.353,-1.948,36.133
887963245,0.1636,-0.0264,-1.0420,-2.363,-0.483,18.127
887976245,0.1553,-0.0176,-1.0464,-0.410,0.189,3.906
887989245,0.1387,-0.0073,-1.0522,0.018,0.372,0.061
888002245,0.1401,-0.0054,-1.0483,0.079,0.189,-0.183
888015245,0.1431,-0.0063,-1.0503,0.018,0.311,0.122
888028245,0.1431,-0.0083,-1.0557,0.079,-0.056,0.061
888041245,0.1396,-0.0049,-1.0522,-0.043,-0.056,-0.122
888054245,0.1445,-0.0068,-1.0479,0.079,-0.117,-0.183
888067245,0.1377,-0.0083,-1.0488,0.384,0.005,-0.305
888080245,0.1411,-0.0078,-1.0542,-0.165,0.250,0.061
888093245,0.1411,-0.0088,-1.0527,0.323,-0.117,-0.061
888106245,0.1431,-0.0073,-1.0503,-0.043,-0.239,0.061
888119245,0.1436,-0.0068,-1.0537,0.140,-0.117,-0.061
888132245,0.1431,-0.0059,-1.0532,0.079,0.005,0.061
888145245,0.1421,-0.0078,-1.0508,-0.226,0.005,-0.305
888158245,0.1387,-0.0083,-1.0469,0.140,-0.117,-0.183
888171245,0.1436,-0.0063,-1.0571,0.140,0.005,0.122
888184245,0.1392,-0.0107,-1.0498,0.018,0.128,-0.000
888197245,0.1392,-0.0049,-1.0532,0.201,0.372,0.061
888210245,0.1401,-0.0039,-1.0488,0.018,0.250,-0.061
888223245,0.1294,-0.0337,-1.0474,0.140,0.677,-1.526
888236245,0.1152,-0.0518,-1.0552,1.177,0.128,-6.958
888249245,0.1147,-0.0601,-1.0562,2.398,0.982,-14.038
888262245,0.1177,-0.0688,-1.0332,3.314,1.837,-19.043
888275245,0.0942,-0.0952,-1.0195,3.985,1.287,-26.795
888288245,0.1240,-0.0205,-1.0557,4.534,11.968,-30.640
888301245,0.1294,0.0386,-1.0146,4.534,2.630,-25.757
888314245,0.1250,-0.0425,-1.0522,5.084,0.189,-27.954
888327245,0.1367,-0.0186,-1.0684,5.450,1.287,-30.884
888340245,0.1440,0.0122,-1.0542,4.595,0.799,-30.823
888353245,0.1450,-0.0107,-1.0547,4.717,0.433,-28.931
888366245,0.1558,0.0474,-1.0405,4.046,0.250,-23.499
888379245,0.1504,0.0146,-1.0508,3.314,0.433,-19.287
888392245,0.1445,0.0195,-1.0342,2.032,-0.422,-15.198
888405245,0.1519,0.0229,-1.0640,1.544,0.738,-11.658
888418245,0.1489,0.0249,-1.0435,1.299,0.005,-7.324
888431245,0.1460,0.0132,-1.0532,0.750,0.311,-5.310
888444245,0.1387,-0.0029,-1.0483,0.994,-0.178,-4.761
888457245,0.1333,0.0010,-1.0542,0.567,0.250,-3.296
888470245,0.1357,-0.0029,-1.0454,-0.226,0.128,-2.381
888483245,0.1382,0.0024,-1.0449,0.872,-0.117,-0.916
888496245,0.1333,-0.0073,-1.0547,0.201,0.128,-0.427
888509245,0.1353,-0.0054,-1.0513,-0.043,0.311,-0.183
888522245,0.1323,-0.0068,-1.0537,-0.104,0.189,-0.122
888535245,0.1382,-0.0103,-1.0630,-0.043,0.189,-0.611
888548245,0.1387,-0.0117,-1.0674,0.628,-0.239,-0.305
888561245,0.1309,-0.0103,-1.0396,0.018,-0.117,-0.916
888574245,0.1318,-0.0063,-1.0493,-0.349,0.494,-0.244
888587245,0.1348,-0.0078,-1.0542,0.445,-0.361,-0.061
888600245,0.1406,-0.0049,-1.0610,-0.654,0.799,-0.305
888613245,0.1333,-0.0049,-1.0586,-0.043,0.128,-0.061
888626245,0.1387,-0.0054,-1.0518,-0.104,0.128,-0.244
888639245,0.1328,-0.0039,-1.0552,-0.226,0.005,-0.061
888652245,0.1348,-0.0059,-1.0488,0.140,0.128,-0.122
888665245,0.1362,-0.0063,-1.0537,-0.043,0.128,-0.061
888678245,0.1323,-0.0034,-1.0532,0.262,0.189,0.305
888691245,0.1377,-0.0044,-1.0527,-0.043,-0.178,0.061
888704245,0.1318,-0.0122,-1.0566,0.323,0.067,-0.122
888717245,0.1309,-0.0156,-1.0464,0.201,0.128,-1.648
888730245,0.1367,-0.0015,-1.0518,0.811,0.005,-2.808
888743245,0.1387,-0.0029,-1.0527,0.567,0.005,-2.930
888756245,0.1328,-0.0142,-1.0522,0.201,0.372,-3.479
888769245,0.1250,-0.0278,-1.0483,0.811,0.128,-5.249
888782245,0.1284,-0.0264,-1.0581,0.933,0.494,-8.667
888795245,0.1250,-0.0239,-1.0425,1.849,-0.117,-10.071
888808245,0.1514,0.0190,-1.0576,0.994,0.250,-9.339
888821245,0.1406,0.0000,-1.0444,0.933,0.433,-7.508
888834245,0.1475,0.0132,-1.0532,0.750,0.494,-5.677
888847245,0.1382,0.0142,-1.0488,0.323,-0.056,-3.723
888860245,0.1372,0.0073,-1.0547,0.384,0.311,-2.503
888873245,0.1372,0.0049,-1.0532,0.079,0.128,-1.221
888886245,0.1377,-0.0054,-1.0537,0.201,-0.117,-0.855
888899245,0.1367,0.0049,-1.0508,-0.104,0.189,-1.648
888912245,0.1367,-0.0044,-1.0562,0.201,0.067,-0.244
888925245,0.1357,-0.0034,-1.0527,-0.287,0.250,-0.122
888938245,0.1289,-0.0029,-1.0420,-0.226,0.189,-0.244
888951245,0.1357,-0.0049,-1.0508,0.018,0.005,-0.000
888964245,0.1313,-0.0034,-1.0483,-0.104,-0.178,0.122
888977245,0.1348,-0.0117,-1.0596,-0.165,0.005,0.244
888990245,0.1377,-0.0098,-1.0518,-0.104,0.128,-0.000
889003245,0.1348,-0.0078,-1.0410,-0.104,-0.056,-0.061
889016245,0.1377,-0.0044,-1.0586,-0.104,-0.117,0.061
889029245,0.1406,-0.0068,-1.0615,-0.043,0.433,-0.061
889042245,0.1348,-0.0117,-1.0591,0.262,0.067,0.244
889055245,0.1323,-0.0044,-1.0581,-0.226,0.005,0.244
889068245,0.1367,-0.0054,-1.0566,-0.226,0.005,0.122
889081245,0.1338,-0.0063,-1.0483,0.079,0.250,-0.000
889094245,0.1343,-0.0068,-1.0562,0.079,0.067,-0.000
889107245,0.1338,-0.0068,-1.0562,0.079,-0.056,-0.183
889120245,0.1318,-0.0107,-1.0522,-0.104,0.005,-0.000
889133245,0.1318,-0.0098,-1.0474,-0.043,-0.117,0.061
889146245,0.1318,-0.0063,-1.0498,-0.043,0.067,-0.366
889159245,0.1313,-0.0029,-1.0513,0.018,0.189,-0.122
889172245,0.1313,-0.0073,-1.0527,-0.165,0.067,-0.000
889185245,0.1338,-0.0059,-1.0562,0.018,0.372,-0.000
889198245,0.1343,-0.0068,-1.0527,0.140,-0.056,-0.183
889211245,0.1353,-0.0039,-1.0498,0.201,0.189,-0.000
889224245,0.1357,-0.0059,-1.0508,-0.043,-0.178,-0.244
889237245,0.1353,-0.0054,-1.0547,-0.165,-0.056,-0.061
889250245,0.1328,-0.0054,-1.0493,-0.043,0.189,-0.183
889263245,0.1338,-0.0044,-1.0552,0.201,0.250,-0.122
889276245,0.1343,-0.0068,-1.0557,0.018,-0.056,-0.000
889289245,0.1323,-0.0078,-1.0620,0.018,0.005,0.122
889302245,0.1328,-0.0054,-1.0552,-0.043,-0.056,-0.000
889315245,0.1309,-0.0059,-1.0503,0.140,-0.117,-0.000
889328245,0.1353,-0.0049,-1.0527,0.140,0.250,-0.122
889341245,0.1313,-0.0049,-1.0552,0.018,0.128,-0.183
889354245,0.1367,-0.0078,-1.0562,0.079,0.067,0.183
889367245,0.1333,-0.0059,-1.0479,0.140,0.005,-0.000
889380245,0.1309,-0.0063,-1.0562,-0.104,-0.239,-0.122
889393245,0.1294,-0.0044,-1.0547,0.079,-0.056,-0.122
889406245,0.1343,-0.0088,-1.0581,0.140,0.128,-0.122
889419245,0.1357,-0.0073,-1.0547,-0.043,0.128,0.183
889432245,0.1328,-0.0044,-1.0508,-0.104,0.189,0.183
889445245,0.1343,-0.0068,-1.0439,-0.043,0.128,0.061
889458245,0.1338,-0.0088,-1.0542,-0.104,0.128,0.183
889471245,0.1338,-0.0034,-1.0513,-0.104,0.005,-0.061
889484245,0.1313,-0.0059,-1.0532,-0.226,0.067,-0.122
889497245,0.1313,-0.0044,-1.0415,-0.104,0.311,-0.061
889510245,0.1328,-0.0083,-1.0396,-0.410,0.311,-0.061
889523245,0.1333,-0.0034,-1.0562,-0.532,0.494,-0.183
889536245,0.1304,-0.0122,-1.0908,0.262,-0.239,0.183
889549245,0.1328,-0.0054,-1.0459,0.567,-0.422,-0.122
889562245,0.1333,-0.0093,-1.0410,-0.104,0.128,0.061
889575245,0.1318,-0.0054,-1.0620,0.201,-0.239,-0.183
889588245,0.1304,-0.0063,-1.0454,0.140,-0.117,-0.061
889601245,0.1338,-0.0088,-1.0532,-0.410,0.128,0.122
889614245,0.1338,-0.0098,-1.0605,0.079,0.005,0.183
889627245,0.1318,-0.0029,-1.0439,-0.104,-0.178,-0.000
889640245,0.1357,-0.0112,-1.0562,-0.043,0.067,-0.061
889653245,0.1313,-0.0107,-1.0518,-0.043,0.067,-0.122
889666245,0.1313,-0.0039,-1.0532,-0.043,0.189,-0.061
889679245,0.1299,-0.0063,-1.0508,0.140,0.005,0.061
889692245,0.1318,-0.0068,-1.0542,-0.226,-0.178,0.183
889705245,0.1284,-0.0059,-1.0522,-0.043,0.005,-0.122
889718245,0.1392,-0.0078,-1.0552,-0.043,0.128,-0.061
889731245,0.1318,-0.0059,-1.0547,-0.165,0.067,-0.061
889744245,0.1318,-0.0083,-1.0542,0.201,-0.056,0.244
889757245,0.1318,-0.0024,-1.0503,0.018,-0.117,0.183
889770245,0.1323,-0.0078,-1.0542,0.140,-0.056,0.061
889783245,0.1367,-0.0073,-1.0498,-0.104,0.005,0.122
889796245,0.1318,-0.0073,-1.0596,-0.043,0.067,-0.061
889809245,0.1328,-0.0059,-1.0522,-0.104,-0.056,-0.000
889822245,0.1372,-0.0103,-1.0508,-0.043,0.128,0.061
889835245,0.1343,-0.0073,-1.0596,0.079,-0.178,0.061
889848245,0.1313,-0.0098,-1.0522,0.201,0.005,-0.000
889861245,0.1313,-0.0034,-1.0469,0.262,0.067,-0.000
889874245,0.1313,-0.0088,-1.0552,-0.165,-0.056,-0.061
889887245,0.1343,-0.0054,-1.0527,-0.165,0.067,0.061
889900245,0.1313,-0.0044,-1.0483,0.018,0.005,-0.061
889913245,0.1362,-0.0088,-1.0586,-0.104,0.128,0.244
889926245,0.1353,-0.0078,-1.0557,-0.165,-0.117,0.122
889939245,0.1304,-0.0073,-1.0571,-0.043,-0.056,-0.183
889952245,0.1328,-0.0093,-1.0513,0.018,0.067,0.061
889965245,0.1353,-0.0083,-1.0532,0.018,0.067,-0.183
889978245,0.1328,-0.0039,-1.0493,-0.104,0.005,-0.000
889991245,0.1299,-0.0068,-1.0527,0.140,0.311,-0.061
890004245,0.1348,-0.0093,-1.0493,0.079,0.005,-0.244
890017245,0.1357,-0.0078,-1.0562,0.262,0.005,-0.000
890030245,0.1333,-0.0039,-1.0576,-0.043,0.005,-0.000
890043245,0.1343,-0.0078,-1.0542,0.262,0.005,-0.305
890056245,0.1304,-0.0054,-1.0566,0.079,-0.117,-0.183
890069245,0.1348,-0.0083,-1.0571,0.079,0.005,0.061
890082245,0.1333,-0.0049,-1.0508,0.201,0.189,0.122
890095245,0.1338,-0.0059,-1.0557,0.079,0.372,-0.000
890108245,0.1323,-0.0029,-1.0552,-0.165,0.005,0.183
890121245,0.1353,-0.0059,-1.0518,0.140,-0.117,-0.061
890134245,0.1328,-0.0088,-1.0474,-0.104,-0.117,0.061
890147245,0.1328,-0.0078,-1.0522,-0.043,0.189,-0.000
890160245,0.1357,-0.0059,-1.0581,0.140,-0.056,-0.122
890173245,0.1357,-0.0049,-1.0522,0.140,-0.056,-0.000
890186245,0.1333,-0.0059,-1.0562,0.018,0.067,-0.244
890199245,0.1357,-0.0044,-1.0518,-0.043,0.189,-0.122
890212245,0.1348,-0.0083,-1.0537,0.079,0.067,-0.183
890225245,0.1353,-0.0063,-1.0581,-0.104,0.067,-0.244
890238245,0.1313,-0.0059,-1.0435,-0.043,-0.117,-0.061
890251245,0.1279,-0.0063,-1.0557,-0.104,0.128,-0.000
890264245,0.1318,-0.0063,-1.0615,-0.104,0.005,0.061
890277245,0.1377,-0.0054,-1.0586,-0.043,-0.178,-0.061
890290245,0.1309,-0.0034,-1.0532,0.201,-0.056,-0.122
890303245,0.1357,-0.0034,-1.0508,-0.104,-0.056,-0.183
890316245,0.1372,-0.0078,-1.0488,-0.165,-0.300,-0.000
890329245,0.1309,-0.0073,-1.0557,0.201,0.189,0.122
890342245,0.1304,-0.0073,-1.0532,-0.226,-0.117,-0.122
890355245,0.1353,-0.0112,-1.0503,-0.165,0.067,-0.061
890368245,0.1348,-0.0098,-1.0532,0.079,0.067,-0.122
890381245,0.1367,-0.0020,-1.0532,-0.043,-0.117,-0.000
890394245,0.1333,-0.0078,-1.0469,-0.043,0.005,-0.000
890407245,0.1313,-0.0078,-1.0469,0.140,0.067,-0.122
890420245,0.1299,-0.0054,-1.0488,0.262,-0.178,0.122
890433245,0.1367,-0.0059,-1.0571,-0.165,-0.056,-0.122
890446245,0.1309,-0.0039,-1.0503,0.140,-0.117,-0.122
890459245,0.1333,-0.0093,-1.0479,-0.043,-0.056,-0.305
890472245,0.1309,-0.0093,-1.0493,-0.043,-0.117,-0.000
890485245,0.1333,-0.0073,-1.0542,-0.104,-0.178,0.183
890498245,0.1333,-0.0054,-1.0576,0.079,0.311,-0.122
890511245,0.1318,-0.0044,-1.0586,0.018,0.250,0.183
890524245,0.1323,-0.0103,-1.0557,-0.104,0.067,-0.305
890537245,0.1289,-0.0059,-1.0508,0.201,-0.117,-0.000
890550245,0.1333,-0.0039,-1.0493,0.140,-0.056,0.183
890563245,0.1318,-0.0034,-1.0444,0.018,-0.056,0.122
890576245,0.1333,-0.0024,-1.0532,0.140,0.311,-0.122
890589245,0.1338,-0.0063,-1.0518,-0.043,0.250,0.122
890602245,0.1367,-0.0059,-1.0581,-0.165,0.128,-0.000
890615245,0.1343,-0.0073,-1.0591,0.140,0.067,-0.183
890628245,0.1343,-0.0044,-1.0527,0.201,0.067,-0.122
890641245,0.1284,-0.0039,-1.0503,-0.104,-0.117,0.061
890654245,0.1309,-0.0039,-1.0522,0.018,0.005,-0.122
890667245,0.1299,-0.0073,-1.0562,0.079,0.128,-0.061
890680245,0.1323,-0.0073,-1.0518,-0.043,0.189,0.183
890693245,0.1318,-0.0088,-1.0537,0.262,0.005,-0.183
890706245,0.1328,-0.0073,-1.0479,0.018,-0.056,-0.183
890719245,0.1333,-0.0063,-1.0542,0.140,0.128,0.122
890732245,0.1313,-0.0073,-1.0479,-0.104,0.005,-0.183
890745245,0.1313,-0.0078,-1.0508,-0.226,0.005,0.061
890758245,0.1309,-0.0083,-1.0503,0.201,-0.117,-0.122
890771245,0.1309,-0.0054,-1.0527,0.018,-0.178,-0.122
890784245,0.1328,-0.0068,-1.0571,0.140,0.067,-0.000
890797245,0.1333,-0.0029,-1.0518,0.018,-0.056,0.061
890810245,0.1348,-0.0103,-1.0591,0.079,0.005,0.122
890823245,0.1353,-0.0063,-1.0596,-0.104,0.005,0.183
890836245,0.1323,-0.0024,-1.0581,0.079,0.067,0.122
890849245,0.1309,-0.0068,-1.0562,-0.043,0.067,-0.061
890862245,0.1362,-0.0059,-1.0552,-0.043,-0.117,0.244
890875245,0.1309,-0.0034,-1.0527,0.018,0.067,-0.122
890888245,0.1348,-0.0073,-1.0542,0.079,-0.117,0.122
890901245,0.1318,-0.0054,-1.0518,0.262,0.189,-0.000
890914245,0.1387,-0.0083,-1.0513,0.079,-0.239,0.122
890927245,0.1309,-0.0054,-1.0571,-0.165,0.128,-0.061
890940245,0.1348,-0.0068,-1.0503,-0.043,-0.117,-0.122
890953245,0.1279,-0.0059,-1.0464,0.079,-0.117,-0.122
890966245,0.1318,-0.0078,-1.0557,-0.104,0.005,-0.122
890979245,0.1362,-0.0034,-1.0562,0.079,-0.178,-0.244
890992245,0.1304,-0.0054,-1.0571,0.018,0.189,-0.061
891005245,0.1343,-0.0093,-1.0527,0.018,0.250,-0.122
891018245,0.1343,-0.0073,-1.0576,-0.043,0.128,0.122
891031245,0.1333,-0.0073,-1.0464,-0.043,-0.178,0.122
891044245,0.1353,-0.0034,-1.0518,-0.165,0.005,-0.000
891057245,0.1313,-0.0088,-1.0488,0.140,0.005,-0.183
891070245,0.1353,-0.0059,-1.0566,0.140,0.067,-0.061
891083245,0.1333,-0.0083,-1.0542,-0.043,0.250,-0.000
891096245,0.1328,-0.0063,-1.0537,-0.043,-0.117,-0.122
891109245,0.1299,-0.0044,-1.0537,-0.165,0.005,0.183
891122245,0.1313,-0.0088,-1.0449,0.140,0.128,0.183
891135245,0.1328,-0.0029,-1.0547,-0.165,0.005,-0.244
891148245,0.1274,-0.0093,-1.0571,0.140,-0.239,-0.183
891161245,0.1313,-0.0063,-1.0508,0.018,0.128,-0.305
891174245,0.1367,-0.0054,-1.0537,-0.043,0.067,-0.061
891187245,0.1323,-0.0049,-1.0513,-0.165,0.005,-0.061
891200245,0.1299,-0.0029,-1.0532,0.140,0.128,0.061
891213245,0.1304,-0.0068,-1.0571,-0.043,0.128,0.122
891226245,0.1313,-0.0073,-1.0547,-0.043,0.128,-0.244
891239245,0.1299,-0.0083,-1.0488,0.018,0.250,0.061
891252245,0.1353,-0.0083,-1.0464,-0.043,0.067,0.183
891265245,0.1343,-0.0093,-1.0537,0.018,-0.056,0.061
891278245,0.1328,-0.0068,-1.0571,0.079,0.005,-0.183
891291245,0.1348,-0.0063,-1.0557,-0.043,0.005,-0.061
891304245,0.1323,-0.0083,-1.0503,0.018,0.189,0.061
891317245,0.1328,-0.0059,-1.0508,0.079,0.189,0.122
891330245,0.1343,-0.0068,-1.0493,0.140,0.128,0.061
891343245,0.1304,-0.0059,-1.0498,0.018,-0.117,-0.061
891356245,0.1328,-0.0044,-1.0576,-0.104,-0.056,0.122
891369245,0.1318,-0.0063,-1.0552,0.018,0.005,-0.183
891382245,0.1338,-0.0059,-1.0522,0.201,-0.178,-0.000
891395245,0.1357,-0.0068,-1.0542,0.018,-0.056,-0.000
891408245,0.1357,-0.0049,-1.0562,-0.043,-0.239,-0.061
891421245,0.1333,-0.0029,-1.0483,-0.043,0.067,0.122
891434245,0.1338,-0.0098,-1.0542,-0.104,-0.056,-0.061
891447245,0.1318,-0.0103,-1.0542,-0.043,-0.056,-0.183
891460245,0.1313,-0.0078,-1.0508,0.140,0.005,-0.000
891473245,0.1328,-0.0049,-1.0581,-0.043,0.128,0.122
891486245,0.1333,-0.0073,-1.0566,0.079,-0.178,0.183
891499245,0.1353,-0.0059,-1.0566,0.079,0.067,-0.061
891512245,0.1328,-0.0093,-1.0552,0.079,-0.117,-0.122
891525245,0.1348,-0.0039,-1.0542,-0.043,0.005,0.122
891538245,0.1313,-0.0112,-1.0532,0.079,-0.117,-0.000
891551245,0.1299,-0.0068,-1.0581,-0.165,0.005,-0.061
891564245,0.1323,-0.0073,-1.0562,0.018,-0.117,0.427
891577245,0.1377,-0.0039,-1.0508,0.079,-0.056,0.061
891590245,0.1328,-0.0063,-1.0527,0.079,-0.117,-0.061
891603245,0.1348,-0.0063,-1.0576,0.079,-0.178,0.122
891616245,0.1348,-0.0059,-1.0474,0.201,0.128,0.061
891629245,0.1304,-0.0039,-1.0552,-0.165,0.128,-0.061
891642245,0.1362,-0.0068,-1.0518,0.018,0.128,-0.061
891655245,0.1304,-0.0078,-1.0527,0.079,-0.056,-0.061
891668245,0.1328,-0.0093,-1.0503,-0.043,-0.117,-0.122
891681245,0.1338,-0.0059,-1.0630,0.140,0.250,0.122
891694245,0.1304,-0.0073,-1.0474,0.018,0.067,-0.061
891707245,0.1323,-0.0083,-1.0547,-0.104,0.189,-0.061
891720245,0.1338,-0.0068,-1.0522,-0.287,-0.117,0.244
891733245,0.1318,-0.0059,-1.0552,0.018,0.067,0.122
891746245,0.1289,-0.0078,-1.0522,0.079,0.067,0.122
891759245,0.1318,-0.0107,-1.0566,-0.043,0.067,-0.183
891772245,0.1338,-0.0083,-1.0537,0.079,-0.056,-0.244
891785245,0.1348,-0.0073,-1.0557,-0.043,0.128,-0.061
891798245,0.1304,-0.0044,-1.0493,0.079,-0.117,-0.061
891811245,0.1372,-0.0103,-1.0537,0.079,0.067,0.122
891824245,0.1309,-0.0083,-1.0547,-0.165,0.067,0.061
891837245,0.1328,-0.0044,-1.0537,0.018,0.067,-0.305
891850245,0.1304,-0.0063,-1.0552,-0.043,-0.117,0.427
891863245,0.1338,-0.0078,-1.0532,0.140,0.067,-0.000
891876245,0.1289,-0.0083,-1.0532,0.018,0.189,0.122
891889245,0.1348,-0.0063,-1.0562,0.201,-0.117,-0.000
891902245,0.1338,-0.0078,-1.0439,0.140,0.128,-0.061
891915245,0.1328,-0.0068,-1.0518,0.018,0.067,-0.122
891928245,0.1348,-0.0068,-1.0503,-0.043,0.128,0.061
891941245,0.1333,-0.0059,-1.0537,-0.043,-0.239,-0.061
891954245,0.1289,-0.0078,-1.0522,-0.043,0.128,-0.061
891967245,0.1318,-0.0049,-1.0581,-0.043,-0.361,0.122
891980245,0.1304,-0.0044,-1.0488,0.079,-0.178,0.061
891993245,0.1313,-0.0068,-1.0518,0.079,-0.056,-0.000
892006245,0.1348,-0.0059,-1.0537,0.079,0.189,-0.122
892019245,0.1313,-0.0059,-1.0498,0.384,0.128,-0.000
892032245,0.1323,-0.0059,-1.0586,0.079,-0.117,0.061
892045245,0.1348,-0.0083,-1.0527,0.140,0.005,-0.122
892058245,0.1284,-0.0127,-1.0552,0.262,0.067,-0.122
892071245,0.1343,-0.0073,-1.0610,0.018,0.005,-0.122
892084245,0.1304,-0.0068,-1.0532,-0.043,0.005,0.122
892097245,0.1270,-0.0107,-1.0518,0.140,0.128,0.122
892110245,0.1338,-0.0073,-1.0537,0.079,-0.117,0.061
892123245,0.1357,-0.0103,-1.0576,0.140,-0.056,0.061
892136245,0.1318,-0.0073,-1.0537,-0.226,0.067,-0.122
892149245,0.1328,-0.0078,-1.0513,0.018,-0.300,-0.122
892162245,0.1313,-0.0078,-1.0527,0.079,0.005,-0.122
892175245,0.1338,-0.0015,-1.0576,0.079,-0.117,-0.183
892188245,0.1309,-0.0044,-1.0620,0.140,-0.117,-0.061
892201245,0.1343,-0.0068,-1.0537,-0.043,0.128,0.061
892214245,0.1333,-0.0068,-1.0532,-0.043,-0.056,0.061
892227245,0.1343,-0.0063,-1.0615,-0.043,0.005,0.122
892240245,0.1338,-0.0063,-1.0537,0.018,-0.117,-0.061
892253245,0.1323,-0.0054,-1.0479,-0.043,0.067,-0.000
892266245,0.1333,-0.0059,-1.0537,0.018,0.067,-0.122
892279245,0.1313,-0.0063,-1.0527,0.079,0.189,-0.000
892292245,0.1323,-0.0063,-1.0547,-0.104,-0.178,0.061
892305245,0.1284,-0.0049,-1.0513,0.079,-0.056,0.183
892318245,0.1343,-0.0093,-1.0576,0.140,-0.239,-0.000
892331245,0.1313,-0.0029,-1.0508,-0.043,0.067,0.061
892344245,0.1318,-0.0073,-1.0581,-0.043,0.005,0.122
892357245,0.1304,-0.0039,-1.0557,0.384,-0.178,-0.061
892370245,0.1299,-0.0054,-1.0547,-0.043,-0.178,0.183
892383245,0.1323,-0.0054,-1.0547,0.262,0.189,-0.000
892396245,0.1338,-0.0063,-1.0557,0.018,0.189,-0.061
892409245,0.1279,-0.0063,-1.0503,-0.104,0.067,-0.183
892422245,0.1362,-0.0078,-1.0522,0.079,0.189,-0.061
892435245,0.1353,-0.0044,-1.0483,-0.043,-0.056,-0.183
892448245,0.1348,-0.0098,-1.0513,0.018,-0.117,-0.244
892461245,0.1323,-0.0054,-1.0508,0.018,0.250,-0.061
892474245,0.1348,-0.0063,-1.0518,0.140,-0.117,-0.183
892487245,0.1382,-0.0029,-1.0547,-0.043,0.128,-0.000
892500245,0.1353,-0.0044,-1.0513,-0.104,-0.056,-0.061
892513245,0.1328,-0.0073,-1.0542,-0.165,0.189,-0.122
892526245,0.1343,-0.0078,-1.0527,0.018,0.128,-0.244
892539245,0.1333,-0.0093,-1.0596,-0.349,0.189,0.122
892552245,0.1318,-0.0068,-1.0547,0.079,-0.056,-0.000
892565245,0.1318,-0.0039,-1.0571,0.262,0.005,-0.183
892578245,0.1250,-0.0049,-1.0513,0.018,0.067,-0.183
892591245,0.1289,-0.0059,-1.0474,-0.287,-0.117,-0.061
892604245,0.1255,-0.0044,-1.0542,0.018,-0.178,-0.122
892617245,0.1284,-0.0063,-1.0635,-0.104,0.067,-0.061
892630245,0.1284,-0.0034,-1.0518,0.140,0.005,-0.122
892643245,0.1299,-0.0088,-1.0562,0.140,-0.117,0.122
892656245,0.1299,-0.0083,-1.0522,0.140,0.005,0.061
892669245,0.1333,-0.0078,-1.0576,-0.104,0.005,0.122
892682245,0.1357,-0.0054,-1.0522,-0.165,0.128,-0.000
892695245,0.1362,-0.0063,-1.0542,-0.165,0.005,0.122
892708245,0.1250,-0.0098,-1.0542,-0.043,-0.300,0.061
892721245,0.1304,-0.0088,-1.0537,0.079,-0.117,-0.183
892734245,0.1284,-0.0034,-1.0552,0.079,0.189,-0.122
892747245,0.1348,-0.0034,-1.0513,-0.104,-0.056,-0.122
892760245,0.1309,-0.0073,-1.0562,-0.165,0.128,-0.183
892773245,0.1318,-0.0073,-1.0571,0.201,0.005,-0.000
892786245,0.1333,-0.0059,-1.0527,-0.043,0.128,-0.122
892799245,0.1338,-0.0059,-1.0566,-0.043,-0.056,0.061
892812245,0.1304,-0.0063,-1.0503,0.262,-0.056,0.061
892825245,0.1323,-0.0073,-1.0503,0.018,-0.178,-0.000
892838245,0.1299,-0.0034,-1.0522,0.140,0.250,-0.244
892851245,0.1313,-0.0049,-1.0576,-0.104,0.005,-0.061
892864245,0.1323,-0.0078,-1.0522,0.018,-0.056,0.122
892877245,0.1328,-0.0088,-1.0576,0.079,0.067,-0.061
892890245,0.1318,-0.0083,-1.0435,-0.104,0.005,0.122
892903245,0.1313,-0.0059,-1.0566,0.018,-0.178,-0.244
892916245,0.1309,-0.0034,-1.0474,-0.287,0.005,-0.000
892929245,0.1377,-0.0088,-1.0601,-0.043,0.311,0.122
892942245,0.1318,-0.0068,-1.0503,0.079,0.067,-0.061
892955245,0.1323,-0.0078,-1.0479,0.140,-0.056,-0.000
892968245,0.1318,-0.0034,-1.0503,-0.043,0.005,-0.244
892981245,0.1313,-0.0078,-1.0527,0.018,-0.056,-0.061
892994245,0.1562,0.0044,-1.0737,-0.226,1.104,-0.244
893007245,0.1396,-0.0029,-1.0586,-0.287,0.311,-0.305
893020245,0.1348,-0.0063,-1.0571,0.201,-0.056,0.061
893033245,0.1323,-0.0044,-1.0474,-0.226,0.005,-0.366
893046245,0.1299,-0.0059,-1.0581,0.079,0.067,0.061
893059245,0.1318,-0.0034,-1.0518,0.079,-0.300,0.122
893072245,0.1328,-0.0078,-1.0425,0.018,0.189,-0.183
893085245,0.1333,0.0000,-1.0532,-0.165,0.128,-0.183
893098245,0.1357,-0.0107,-1.0459,-0.043,0.189,-0.244
893111245,0.1328,-0.0054,-1.0503,0.140,0.128,0.122
893124245,0.1367,-0.0063,-1.0532,-0.287,0.311,0.061
893137245,0.1338,-0.0068,-1.0537,0.262,-0.056,-0.061
893150245,0.1353,-0.0073,-1.0508,-0.043,0.189,-0.061
893163245,0.1348,-0.0107,-1.0566,-0.043,0.005,0.122
893176245,0.1362,-0.0088,-1.0552,0.201,0.067,-0.061
893189245,0.1323,-0.0049,-1.0508,-0.287,-0.117,-0.183
893202245,0.1289,-0.0044,-1.0493,-0.043,0.189,-0.183
893215245,0.1338,-0.0063,-1.0513,0.262,-0.117,-0.000
893228245,0.1392,-0.0049,-1.0615,0.079,-0.056,-0.061
893241245,0.1284,-0.0034,-1.0488,-0.165,-0.300,-0.000
893254245,0.1318,-0.0039,-1.0552,0.018,0.189,-0.000
893267245,0.1294,-0.0063,-1.0581,-0.043,0.189,-0.122
893280245,0.1353,-0.0083,-1.0503,0.018,0.250,-0.061
893293245,0.1411,-0.0098,-1.0483,0.262,0.067,-0.061
893306245,0.1323,-0.0015,-1.0547,-0.165,-0.239,-0.122
893319245,0.1309,-0.0054,-1.0464,0.018,0.128,-0.000
893332245,0.1348,-0.0059,-1.0537,-0.165,-0.178,-0.061
893345245,0.1450,-0.0063,-1.0586,0.018,0.311,-0.061
893358245,0.1309,-0.0068,-1.0522,0.201,0.189,-0.061
893371245,0.1333,-0.0073,-1.0591,-0.043,0.128,-0.061
893384245,0.1392,0.0078,-1.0542,0.018,-0.056,-0.183
893397245,0.1357,-0.0068,-1.0591,0.018,0.677,-0.122
893410245,0.1167,-0.0142,-1.0527,-0.043,0.250,-0.489
893423245,0.1504,0.0166,-1.0488,0.140,-0.056,-0.427
893436245,0.1123,-0.0156,-1.0444,0.445,-0.178,-0.183
893449245,0.1426,-0.0117,-1.0688,-0.410,1.776,-0.611
893462245,0.1279,-0.0107,-1.0532,0.323,-0.300,-0.427
893475245,0.1323,-0.0088,-1.0508,0.018,0.372,-0.305
893488245,0.1270,-0.0010,-1.0400,-0.104,0.128,-0.122
893501245,0.1289,-0.0054,-1.0591,0.140,0.189,-0.183
893514245,0.1318,-0.0049,-1.0508,0.262,-0.178,-0.183
893527245,0.1323,-0.0088,-1.0498,0.018,-0.605,0.122
893540245,0.1309,-0.0083,-1.0562,0.567,-0.666,-0.000
893553245,0.1313,-0.0044,-1.0566,0.384,0.067,0.122
893566245,0.1294,-0.0044,-1.0532,-0.165,-0.178,0.183
893579245,0.1284,-0.0059,-1.0493,0.140,-0.056,-0.061
893592245,0.1304,-0.0039,-1.0591,0.079,-0.056,-0.000
893605245,0.1255,-0.0073,-1.0493,0.201,0.005,-0.000
893618245,0.1284,-0.0059,-1.0439,0.018,-0.422,-0.122
893631245,0.1313,-0.0059,-1.0532,-0.226,-0.056,-0.122
893644245,0.1299,-0.0063,-1.0605,0.018,-0.239,-0.122
893657245,0.1328,-0.0044,-1.0532,0.201,0.189,-0.061
893670245,0.1338,-0.0049,-1.0596,0.018,0.067,-0.061
893683245,0.1338,-0.0044,-1.0488,0.140,-0.178,0.183
893696245,0.1323,-0.0049,-1.0537,-0.104,-0.056,-0.061
893709245,0.1338,-0.0073,-1.0537,-0.165,-0.178,-0.122
893722245,0.1328,-0.0078,-1.0557,-0.043,-0.422,0.061
893735245,0.1265,0.0020,-1.0430,-2.302,1.226,-0.427
893748245,0.1265,-0.0156,-1.0454,1.177,-1.398,0.061
893761245,0.1299,-0.0049,-1.0537,-0.104,0.189,0.061
893774245,0.1157,-0.0366,-1.0566,0.384,0.799,-1.587
893787245,0.1133,-0.0278,-1.0508,1.055,0.311,-6.348
893800245,0.1514,0.0234,-1.0547,0.506,1.898,-5.799
893813245,0.1646,0.0312,-1.0493,-0.593,3.301,-1.404
893826245,0.1362,-0.0010,-1.0459,-1.081,5.560,-0.061
893839245,0.1431,0.0029,-1.0786,-0.532,7.086,0.671
893852245,0.1724,-0.0200,-1.1753,0.140,18.438,0.854
893865245,0.1387,0.0088,-1.1094,2.337,27.838,2.136
893878245,0.1143,0.0859,-1.1001,1.238,30.096,7.385
893891245,0.1431,0.0435,-1.1807,-1.264,43.768,15.198
893904245,0.1680,-0.0073,-1.2769,-0.654,40.472,13.916
893917245,0.1475,-0.0635,-1.2568,0.445,58.050,10.498
893930245,0.1807,-0.0918,-1.3413,1.971,85.211,4.455
893943245,0.1743,-0.0264,-1.3501,2.947,105.657,0.549
893956245,0.0806,0.0488,-1.2222,2.947,123.968,3.174
893969245,-0.0728,0.0332,-1.1357,2.703,133.184,4.333
893982245,-0.1392,0.0078,-0.9971,1.483,133.245,2.502
893995245,-0.1670,-0.0322,-0.8477,0.323,123.358,-0.244
894008245,-0.2114,-0.0518,-0.8394,-9.931,107.122,-6.104
894021245,-0.0435,-0.1318,-1.0635,-5.353,108.526,-13.001
894034245,-0.1519,-0.1035,-1.2158,-15.729,97.173,-24.964
894047245,0.0664,0.0645,-1.0874,-9.260,116.094,-20.996
894060245,-0.0103,-0.0112,-1.2974,-10.297,133.428,-23.926
894073245,-0.1270,0.0688,-1.0718,-14.203,126.287,-19.348
894086245,-0.3457,0.1709,-0.5801,-26.044,114.996,-13.672
894099245,-0.3091,-0.0312,-0.8662,-11.457,109.625,-9.217
894112245,-0.2583,0.0337,-1.0801,-13.105,112.615,-8.301
894125245,-0.3223,0.0225,-0.8716,-23.359,117.254,-11.353
894138245,-0.4087,0.0605,-0.6089,-32.453,95.831,-19.654
894151245,-0.1973,0.0366,-0.9688,-11.152,112.310,-17.334
894164245,-0.4019,-0.0405,-0.9639,-12.250,103.521,-16.358
894177245,-0.3110,-0.0400,-0.9482,-8.405,102.667,-13.367
894190245,-0.3506,-0.0356,-0.8784,-7.490,92.535,-12.329
894203245,-0.4248,-0.0703,-0.9253,-6.635,83.013,-14.954
894216245,-0.4619,-0.0303,-1.0210,-3.644,85.943,-13.428
894229245,-0.4785,-0.0327,-1.0161,-0.043,93.511,-18.067
894242245,-0.4785,-0.0327,-0.9429,8.441,101.385,-18.006
894255245,-0.5225,-0.0586,-0.9312,5.938,101.629,-20.630
894268245,-0.5059,-0.0239,-0.9146,5.816,107.672,-21.607
894281245,-0.4019,0.0288,-0.8579,1.422,106.512,-18.250
894294245,-0.5249,-0.0864,-0.9077,-7.062,99.676,-22.095
894307245,-0.5332,-0.0425,-0.8340,-13.776,97.173,-27.222
894320245,-0.6616,0.0151,-0.8442,-10.114,99.615,-28.382
894333245,-0.6997,0.0210,-0.7739,-4.194,104.009,-27.588
894346245,-0.6294,-0.0034,-0.7441,1.116,101.690,-25.940
894359245,-0.6865,-0.0156,-0.7856,3.314,95.403,-22.339
894372245,-0.6660,0.0049,-0.8325,0.689,100.775,-23.621
894385245,-0.6270,0.0454,-1.0010,-3.217,111.883,-21.668
894398245,-0.6187,0.0732,-0.9624,-4.499,127.996,-18.372
894411245,-0.6650,0.0757,-0.8398,-3.522,137.701,-16.052
894424245,-0.7642,-0.0127,-0.7539,9.051,130.560,-16.175
894437245,-0.7710,-0.0283,-0.6250,22.723,125.372,-17.517
894450245,-0.8257,0.0713,-0.6465,31.146,114.080,-17.090
894463245,-0.6152,0.1323,-0.6978,36.761,94.244,-15.808
894476245,-0.9375,0.0107,-0.6313,31.634,62.200,-14.466
894489245,-0.8276,0.0020,-0.7271,26.385,55.609,-17.212
894502245,-1.1035,0.3794,0.1064,1.177,113.470,0.732
894515245,-0.8940,-0.0811,-0.5381,5.938,104.803,-4.883
894528245,-0.8149,-0.0381,-0.6924,12.713,96.685,-17.151
894541245,-0.8242,0.1260,-0.5288,7.281,91.985,-15.625
894554245,-0.8921,0.1392,-0.4927,11.187,93.084,-15.442
894567245,-0.9277,0.1665,-0.3916,16.070,91.253,-7.324
894580245,-0.8311,0.1265,-0.5005,29.315,101.873,-6.226
894593245,-0.7866,-0.0117,-0.5845,13.629,100.775,-6.897
894606245,-0.8506,0.0303,-0.5029,10.211,101.812,-10.376
894619245,-0.9214,0.1084,-0.4243,-10.297,92.535,-9.583
894632245,-0.9590,0.1240,-0.3486,-16.523,89.239,-10.681
894645245,-0.9795,0.1216,-0.2578,-11.030,79.046,-5.432
894658245,-0.9756,0.1011,-0.3101,-7.307,72.454,-3.479
894671245,-0.9819,0.1123,-0.2998,-4.987,65.130,-0.489
894684245,-1.0229,0.0854,-0.3071,-2.057,66.351,-1.221
894697245,-0.9404,0.1011,-0.3447,-4.438,55.792,3.906
894710245,-0.9795,0.0620,-0.3799,-7.123,57.073,2.075
894723245,-0.9746,0.0889,-0.3354,-5.414,61.041,-2.747
894736245,-0.9717,0.1123,-0.3125,-11.701,62.933,-2.747
894749245,-1.0005,0.1470,-0.1323,-18.293,57.134,-2.991
894762245,-1.0034,0.1455,-0.1582,-20.368,47.125,2.868
894775245,-1.0044,0.0645,-0.2402,-15.729,39.861,4.638
894788245,-1.0146,0.0723,-0.1968,-13.532,34.246,3.479
894801245,-1.0132,0.0776,-0.1938,-14.203,30.096,2.990
894814245,-1.0054,0.0723,-0.2588,-14.203,28.509,2.502
894827245,-1.0142,0.0654,-0.2197,-14.326,26.129,0.915
894840245,-1.0054,0.0840,-0.2261,-14.387,25.335,0.671
894853245,-1.0015,0.1548,-0.1460,-16.828,19.293,4.822
894866245,-1.0073,0.0776,-0.2056,-14.142,14.593,8.484
894879245,-1.0049,0.0522,-0.2217,-9.199,12.090,7.385
894892245,-1.0078,0.0850,-0.1958,-6.574,9.771,8.545
894905245,-1.0098,0.0688,-0.2114,-4.072,7.940,9.033
894918245,-1.0054,0.0635,-0.2236,-3.034,7.025,9.216
894931245,-1.0029,0.0630,-0.2261,-3.278,7.513,8.423
894944245,-1.0146,0.0513,-0.2163,-1.752,7.391,7.934
894957245,-1.0059,0.0532,-0.2134,-0.471,6.658,7.385
894970245,-1.0107,0.0386,-0.2119,1.055,6.170,6.408
894983245,-1.0127,0.0483,-0.1968,15.826,1.043,8.545
894996245,-0.9976,0.0640,-0.2300,21.014,3.729,7.629
895009245,-1.0088,0.0566,-0.1665,37.798,8.611,12.878
895022245,-1.0088,0.0347,-0.3091,24.188,-8.234,10.742
895035245,-1.0259,0.0142,-0.1885,21.746,1.348,2.502
895048245,-1.0200,0.0156,-0.1504,20.037,-3.229,3.906
895061245,-1.0303,0.0537,-0.1328,31.573,-10.065,6.775
895074245,-1.0381,0.0581,-0.1172,24.798,-17.267,2.868
895087245,-1.0498,0.0806,-0.0937,12.774,-26.667,1.037
895100245,-1.0518,0.1108,-0.0713,10.882,-38.752,5.249
895113245,-1.0317,0.0400,-0.1445,11.065,-48.456,6.836
895126245,-1.0469,0.0684,-0.0435,17.474,-62.983,7.202
895139245,-1.0337,0.0879,-0.0879,28.033,-76.838,13.366
895152245,-1.0498,0.0898,-0.0732,25.347,-91.791,14.221
895165245,-1.0161,0.0332,-0.1592,26.690,-106.013,15.808
895178245,-0.9673,0.0181,-0.2422,28.887,-112.360,12.878
895191245,-0.9678,0.0308,-0.2700,25.347,-120.295,10.132
895204245,-0.9561,0.0718,-0.2715,13.018,-137.079,16.357
895217245,-0.9668,-0.0322,-1.3164,1.666,-140.558,7.812
895230245,-0.7656,-0.0093,-0.6431,1.299,-125.788,-0.489
895243245,-0.7993,0.1260,-0.8735,0.262,-148.188,10.315
895256245,-0.7832,0.1265,-0.1895,-7.184,-169.611,22.461
895269245,-0.7310,-0.1289,-0.3403,-14.753,-238.520,29.663
895282245,-0.7119,-0.1006,-0.4995,-20.673,-219.965,17.273
895295245,-0.6807,-0.0781,-0.5815,-19.269,-215.754,-0.733
895308245,-0.9121,0.0776,-0.3857,-2.302,-178.766,14.282
895321245,-1.1182,0.0239,-0.5635,27.545,-211.115,32.104
895334245,-0.8569,-0.0518,-0.4614,36.883,-215.143,33.020
895347245,-0.5454,0.0063,-0.6743,39.446,-215.021,29.724
895360245,-0.4609,-0.0186,-0.8291,41.277,-227.167,32.470
895373245,-0.2524,-0.0571,-0.9507,41.583,-215.998,20.141
895386245,-0.4824,-0.0083,-0.8550,43.780,-226.435,9.887
895399245,-0.4082,0.0981,-0.7700,68.011,-229.914,12.390
895412245,-0.6821,-0.0415,-0.8613,90.533,-244.440,-8.972
895425245,-0.5776,0.0674,-0.8267,65.203,-277.033,-32.410
895438245,-0.3521,0.2397,-1.0137,2.520,-284.846,-19.959
895451245,-0.2295,0.2065,-1.3223,-23.481,-259.150,-2.320
895464245,-0.2700,0.1475,-1.1294,-34.345,-235.834,7.568
895477245,-0.1846,0.0986,-1.2319,-32.392,-213.618,9.521
895490245,-0.0708,0.1094,-1.1191,-24.396,-183.588,1.098
895503245,-0.0181,0.0645,-1.1792,-10.053,-159.174,-2.808
895516245,0.0010,0.0889,-1.1602,5.816,-148.493,-1.831
895529245,0.0122,0.1118,-1.0732,-3.217,-163.325,2.136
895542245,0.1089,0.0854,-1.0928,-14.814,-191.157,9.948
895555245,0.2202,0.0000,-1.1870,-18.110,-200.678,13.305
895568245,0.2573,-0.0239,-1.2046,-18.171,-191.218,6.042
895581245,0.2539,-0.0054,-1.1533,-13.105,-178.522,-1.770
895594245,0.2036,0.0186,-1.1372,-7.001,-170.710,-1.343
895607245,0.1909,0.0176,-1.0635,-3.766,-175.043,-1.282
895620245,0.2192,0.0264,-1.0283,-8.893,-195.063,0.183
895633245,0.3062,0.0015,-0.9990,-10.541,-217.524,-2.198
895646245,0.3589,0.0088,-0.9678,-10.663,-239.802,-5.677
895659245,0.3926,0.0034,-1.0103,-6.757,-244.868,-8.850
895672245,0.4590,-0.0220,-1.0391,-0.165,-230.524,-14.954
895685245,0.4883,-0.0054,-0.9873,7.098,-215.021,-15.991
895698245,0.5229,0.0098,-0.9316,10.699,-211.786,-17.456
895711245,0.5391,0.0322,-0.8716,9.600,-219.965,-18.250
895724245,0.5679,0.0347,-0.7822,6.365,-240.351,-15.747
895737245,0.6152,0.0566,-0.6763,1.360,-267.512,-11.902
895750245,0.6802,0.0166,-0.7168,3.314,-289.362,-6.775
895763245,0.7798,-0.0283,-0.8696,5.816,-281.061,-10.987
895776245,0.8540,-0.0566,-0.9976,0.506,-235.468,-24.719
895789245,0.8311,-0.1050,-1.2148,-5.353,-179.865,-35.218
895802245,0.8228,0.0142,-0.9468,-16.279,-141.413,-31.616
895815245,0.7700,0.0571,-0.6509,-31.354,-153.681,-19.715
895828245,0.8291,0.0078,-0.5000,-34.101,-182.734,-16.236
895841245,0.8545,0.0098,-0.4824,-31.171,-203.181,-14.893
895854245,0.8276,0.0063,-0.5244,-25.983,-199.579,-8.728
895867245,0.8301,0.0117,-0.5601,-17.255,-170.710,-0.061
895880245,0.8013,0.0166,-0.4453,-3.400,-145.197,3.906
895893245,0.8247,-0.0024,-0.3252,6.243,-143.915,14.404
895906245,0.8862,-0.0361,-0.3569,-6.208,-141.840,9.826
895919245,0.9756,-0.0269,-0.3218,-12.311,-133.051,0.976
895932245,0.9526,-0.0166,-0.3511,-1.935,-118.769,-2.442
895945245,0.8843,-0.0127,-0.3711,2.764,-98.810,-3.357
895958245,0.8896,-0.0229,-0.3794,-0.471,-80.805,-0.244
895971245,0.9180,-0.0386,-0.3740,-5.475,-65.790,3.052
895984245,0.9639,-0.0273,-0.3252,-8.893,-54.621,5.615
895997245,0.9912,-0.0488,-0.2783,-5.475,-47.358,5.920
896010245,0.9873,-0.0439,-0.2300,-1.996,-46.198,5.920
896023245,0.9966,-0.0552,-0.2104,0.689,-45.527,4.272
896036245,0.9922,-0.0371,-0.2026,1.666,-45.099,2.197
896049245,0.9736,-0.0005,-0.2100,0.018,-45.344,3.906
896062245,0.9790,0.0044,-0.2109,-5.964,-46.625,5.249
896075245,1.0146,-0.0269,-0.2075,-11.274,-46.992,5.127
896088245,1.0332,-0.0356,-0.1714,-14.448,-46.381,2.502
896101245,1.0518,-0.0352,-0.1235,-16.157,-46.564,0.976
896114245,1.0386,-0.0293,-0.0708,-12.983,-49.311,-1.831
896127245,1.0273,-0.0415,-0.0679,-7.612,-52.180,-5.127
896140245,1.0098,-0.0361,-0.0869,-2.973,-52.057,-7.813
896153245,0.9971,-0.0283,-0.1094,0.506,-47.968,-8.545
896166245,0.9854,-0.0342,-0.1289,3.619,-38.935,-7.324
896179245,0.9751,-0.0347,-0.1406,3.863,-31.489,-7.813
896192245,0.9858,-0.0405,-0.1479,0.567,-24.836,-6.287
896205245,1.0117,-0.0615,-0.1396,-1.935,-18.732,-6.775
896218245,1.0210,-0.0645,-0.1211,-0.898,-12.385,-11.231
896231245,0.9946,-0.0640,-0.1230,-0.226,-10.370,-11.719
896244245,0.9668,-0.0601,-0.1143,-1.081,-8.600,-11.780
896257245,0.9521,-0.0610,-0.1099,-0.532,-8.417,-10.681
896270245,0.9404,-0.0586,-0.1201,0.140,-7.075,-9.461
896283245,0.9351,-0.0605,-0.1226,0.384,-6.220,-6.897
896296245,0.9199,-0.0615,-0.1348,0.140,-3.901,-6.531
896309245,0.9106,-0.0557,-0.1494,-0.593,-1.337,-5.188
896322245,0.9067,-0.0552,-0.1553,-2.912,2.996,-3.723
896335245,0.9102,-0.0562,-0.1440,-1.935,9.527,-2.869
896348245,0.9087,-0.0571,-0.1772,0.079,21.490,-1.709
896361245,0.8989,-0.0508,-0.2109,4.168,42.242,-0.855
896374245,0.8965,-0.0522,-0.2207,7.830,67.755,-0.611
896387245,0.9146,-0.0527,-0.2754,9.295,98.760,-2.625
896400245,0.9629,-0.1021,-0.3506,14.849,149.114,-8.057
896413245,1.0146,-0.1191,-0.4355,29.925,210.027,-18.250
896426245,1.0171,-0.1289,-0.3887,37.676,252.752,-30.945
896439245,0.9878,-0.0967,-0.3271,37.249,259.344,-34.485
896452245,0.9063,-0.0508,-0.3013,30.108,242.376,-31.433
896465245,0.8311,0.0054,-0.3066,20.831,217.657,-22.644
896478245,0.8442,-0.0264,-0.4390,24.981,214.605,-13.123
896491245,0.9136,-0.0659,-0.6133,43.047,239.935,-11.658
896504245,0.9102,-0.0498,-0.6372,53.790,262.701,-12.085
896517245,0.8633,-0.0244,-0.6362,47.137,259.039,-4.700
896530245,0.8335,-0.0239,-0.6514,29.315,242.437,1.220
896543245,0.8481,-0.0244,-0.6445,11.431,220.098,7.263
896556245,0.8647,-0.0830,-0.6792,8.746,208.196,7.995
896569245,0.8662,-0.0776,-0.7202,17.474,206.609,2.441
896582245,0.8149,-0.0811,-0.7739,27.300,215.948,-6.348
896595245,0.7778,-0.0874,-0.9087,40.728,236.334,-12.573
896608245,0.6812,-0.0552,-0.9658,44.268,249.456,-11.231
896621245,0.6113,-0.0352,-0.9736,37.188,248.846,-6.043
896634245,0.5244,0.0132,-0.8418,24.127,216.375,5.493
896647245,0.5039,0.0259,-0.8154,3.741,171.087,15.503
896660245,0.5591,-0.0776,-0.9263,-4.133,151.251,11.352
896673245,0.5664,-0.1030,-0.9443,7.342,150.518,2.502
896686245,0.5356,-0.0674,-0.9658,18.939,155.462,-4.944
896699245,0.4692,-0.0532,-1.0068,23.272,167.364,-10.559
896712245,0.3657,-0.0396,-1.0317,27.972,177.923,-11.902
896725245,0.2837,0.0234,-1.0249,28.643,173.834,-4.151
896738245,0.2393,0.0044,-1.0034,25.408,163.580,5.554
896751245,0.2305,0.0024,-0.9893,13.690,155.645,6.042
896764245,0.2261,-0.0122,-0.9976,12.774,153.814,4.150
896777245,0.2026,-0.0103,-1.0327,26.873,162.115,1.770
896790245,0.2070,-0.0557,-1.1543,71.490,183.782,2.929
896803245,0.1348,-0.1001,-1.1982,155.840,223.699,7.202
896816245,-0.0171,0.1987,-0.8428,93.279,242.925,-0.672
896829245,-0.1440,0.0586,-0.9648,28.704,215.276,-6.287
896842245,-0.0947,0.1348,-1.0635,25.469,189.153,13.672
896855245,-0.0942,0.0913,-1.0640,21.624,184.515,15.259
896868245,-0.1177,0.0781,-1.0435,12.835,184.637,9.399
896881245,-0.1499,0.0713,-1.0186,20.037,188.177,5.310
896894245,-0.1616,0.0728,-1.0327,31.390,197.393,1.770
896907245,-0.2148,0.0703,-1.0200,35.052,206.976,-5.554
896920245,-0.2520,0.0718,-1.0708,60.870,214.666,-2.747
896933245,-0.3125,0.1206,-1.0396,103.106,224.188,8.240
896946245,-0.5098,0.2529,-0.7021,91.570,232.549,8.972
896959245,-0.6045,0.1802,-0.8511,8.929,201.544,1.220
896972245,-0.5972,0.2085,-0.9214,8.624,181.341,17.456
896985245,-0.5986,0.1875,-0.8823,9.844,168.768,24.231
896998245,-0.5918,0.1646,-0.9150,-1.508,174.810,20.630
897011245,-0.5674,0.1279,-0.8760,1.849,189.337,15.930
897024245,-0.5913,0.1460,-0.8203,8.013,200.018,11.657
897037245,-0.6348,0.1392,-0.7690,8.563,206.671,6.347
897050245,-0.6729,0.1499,-0.7021,11.431,201.849,1.892
897063245,-0.7773,0.1851,-0.6147,8.868,184.210,3.418
897076245,-0.8633,0.2031,-0.5708,1.971,160.650,10.315
897089245,-0.9082,0.2056,-0.6045,-6.025,146.673,18.860
897102245,-0.8711,0.1650,-0.6592,-6.269,150.579,21.240
897115245,-0.8579,0.1621,-0.6172,-5.353,159.185,20.447
897128245,-0.8364,0.1348,-0.5820,-2.485,168.707,14.953
897141245,-0.8457,0.1455,-0.5117,2.093,170.965,11.596
897154245,-0.8696,0.1470,-0.4517,-0.165,166.631,10.376
897167245,-0.9111,0.1523,-0.4351,-6.086,161.505,12.207
897180245,-0.9175,0.1299,-0.4795,-8.283,173.895,11.719
897193245,-0.9497,0.1562,-0.4136,-6.452,184.881,13.000
897206245,-0.9907,0.1636,-0.3311,-6.208,192.755,16.174
897219245,-0.9937,0.1489,-0.3076,-3.461,201.483,19.226
897232245,-0.9648,0.1484,-0.2568,4.656,199.163,18.677
897245245,-0.9688,0.1079,-0.1680,4.534,181.219,16.723
897258245,-0.9482,0.1250,-0.1162,-6.208,156.988,15.686
897271245,-0.9009,0.0776,-0.1172,-9.565,140.081,8.789
897284245,-0.9219,0.0845,-0.0503,-9.138,121.465,1.281
897297245,-0.9546,0.1069,0.0425,-16.462,93.939,-0.611
897310245,-0.9800,0.1094,0.0391,-21.039,73.431,-1.038
897323245,-1.0244,0.1284,0.0439,-20.368,56.524,0.793
897336245,-1.0195,0.1338,0.0186,-17.438,46.148,3.540
897349245,-1.0000,0.1133,-0.0259,-12.067,50.543,2.258
897362245,-0.9976,0.1152,-0.0376,-8.649,60.613,-0.000
897375245,-0.9824,0.0967,-0.0337,-3.095,74.529,-3.784
897388245,-0.9712,0.1118,0.0220,0.933,77.947,-6.836
897401245,-0.9629,0.1099,0.0576,0.811,72.943,-9.339
897414245,-0.9800,0.1182,0.1030,-1.081,63.421,-9.766
897427245,-1.0098,0.1401,0.1191,0.750,58.355,-7.996
897440245,-1.0244,0.1353,0.0923,2.886,49.261,-4.822
897453245,-1.0195,0.1367,0.0928,4.351,34.857,-5.432
897466245,-1.0132,0.1328,0.1006,1.849,15.386,-5.677
897479245,-0.9893,0.1455,0.0815,-0.471,-6.342,-5.799
897492245,-1.0117,0.1338,0.0566,-6.574,-29.291,-5.249
897505245,-1.0308,0.1440,0.0513,-14.020,-49.677,-3.296
897518245,-1.0640,0.1509,0.0566,-23.115,-68.232,0.915
897531245,-1.0874,0.1562,0.0425,-25.251,-73.847,6.897
897544245,-1.1030,0.1660,0.0693,-19.880,-73.359,11.780
897557245,-1.1055,0.1709,0.1313,-12.128,-75.800,17.090
897570245,-1.0640,0.1284,0.0605,-3.705,-64.448,19.836
897583245,-1.0103,0.0884,0.0249,14.605,-41.743,13.427
897596245,-1.0146,0.0977,0.1030,21.136,-43.329,9.887
897609245,-1.0259,0.1064,0.1206,21.197,-68.842,8.484
897622245,-1.0596,0.1338,0.1621,13.812,-116.877,12.573
897635245,-1.0024,0.1138,0.0962,2.581,-167.902,15.503
897648245,-0.9741,0.1021,0.0542,-8.954,-211.848,13.794
897661245,-0.9468,0.1050,-0.0068,-17.438,-243.525,12.085
897674245,-0.9487,0.1060,-0.1104,-17.255,-255.305,9.155
897687245,-0.9380,0.1221,-0.2339,-5.903,-248.224,5.554
897700245,-0.9902,0.1362,-0.3208,4.473,-238.825,6.347
897713245,-1.0210,0.1548,-0.3813,4.473,-237.238,10.132
897726245,-0.9546,0.1309,-0.4482,1.360,-247.126,14.526
897739245,-0.9106,0.1128,-0.3950,-11.152,-282.953,19.836
897752245,-0.8433,0.1099,-0.4209,-31.721,-325.434,22.888
897765245,-0.7471,0.0879,-0.4917,-40.143,-356.135,23.987
897778245,-0.6958,0.0703,-0.5752,-43.683,-368.036,24.292
897791245,-0.7046,0.0537,-0.6978,-27.021,-365.168,20.447
897804245,-0.6133,0.0342,-0.7856,-4.072,-365.778,15.442
897817245,-0.5498,0.0347,-0.7993,-1.508,-365.168,13.977
897830245,-0.4399,0.0293,-0.8457,-10.480,-369.562,11.169
897843245,-0.3398,-0.0039,-0.8687,-21.589,-388.117,11.230
897856245,-0.2012,-0.0024,-0.8857,-32.270,-414.118,5.615
897869245,-0.0835,-0.0063,-0.8940,-41.974,-437.250,1.465
897882245,-0.0254,0.0049,-0.9678,-46.979,-460.688,-1.404
897895245,0.1108,-0.0122,-0.9854,-47.162,-485.468,-3.906
897908245,0.2334,-0.0317,-0.8813,-56.379,-491.633,-4.700
897921245,0.3589,-0.0381,-0.9238,-57.599,-512.079,-4.273
897934245,0.4556,-0.0400,-0.8887,-52.595,-524.225,-2.808
897947245,0.5337,-0.0522,-0.8276,-49.299,-541.315,-2.747
897960245,0.6060,-0.0259,-0.7070,-50.214,-565.607,5.188
897973245,0.7236,-0.0547,-0.7046,-63.032,-585.139,12.939
897986245,0.7915,-0.1113,-0.6558,-80.671,-588.129,18.249
897999245,0.9272,-0.1284,-0.6787,-87.873,-556.452,33.081
898012245,1.0034,-0.0791,-0.7363,-87.385,-487.055,41.809
898025245,1.0381,-0.2192,-0.8403,-54.914,-380.610,44.616
898038245,1.0405,-0.0820,-0.7241,-45.270,-269.282,44.250
898051245,1.1436,-0.1221,-0.8013,-30.622,-125.239,29.968
898064245,1.1245,-0.0669,-0.5977,-0.837,-20.991,18.493
898077245,1.0796,-0.0229,-0.3618,3.436,28.631,7.019
898090245,1.0366,-0.0830,-0.2427,-8.466,34.551,-1.770
898103245,1.0015,-0.0913,-0.1504,-5.414,3.912,0.610
898116245,0.9653,-0.0830,-0.1338,-9.321,-35.395,0.183
898129245,0.9980,-0.0835,-0.2070,-6.025,-54.072,1.953
898142245,1.0161,-0.0635,-0.3237,7.891,-47.846,0.488
898155245,1.0327,-0.1431,-0.4463,20.342,-23.371,-3.174
898168245,1.0273,-0.0762,-0.4976,21.197,16.912,-7.263
898181245,1.0059,-0.0908,-0.5513,25.225,62.444,-11.170
898194245,1.0142,-0.0757,-0.5859,25.591,109.075,-13.611
898207245,1.0171,-0.1011,-0.5815,28.460,157.903,-17.639
898220245,1.0225,-0.1138,-0.5522,31.756,198.675,-23.133
898233245,1.0220,-0.1216,-0.5659,34.075,238.653,-30.091
898246245,1.0112,-0.1201,-0.6665,47.686,292.669,-35.889
898259245,0.9492,-0.0728,-0.7021,61.175,348.699,-39.978
898272245,0.9263,-0.0552,-0.8442,70.452,409.246,-38.819
898285245,0.9082,-0.1367,-0.9561,77.960,479.681,-37.110
898298245,0.8257,-0.0723,-1.0620,85.894,551.275,-34.363
898311245,0.7485,-0.0791,-1.0723,89.739,605.596,-29.480
898324245,0.6841,-0.0010,-1.2280,85.650,657.903,-16.846
898337245,0.6318,0.0269,-1.3062,80.340,708.196,-2.503
898350245,0.5039,0.0254,-1.2622,71.734,745.123,2.319
898363245,0.3921,0.0444,-1.2036,65.447,760.565,6.714
898376245,0.2407,-0.0171,-1.1460,65.936,764.349,10.071
898389245,0.0625,0.0176,-1.0059,56.902,750.616,23.987
898402245,-0.0767,-0.0112,-0.9468,31.329,746.893,31.738
898415245,-0.1235,-0.0776,-0.9385,18.389,764.044,23.865
898428245,-0.1958,-0.0654,-0.7534,18.511,787.115,12.207
898441245,-0.3276,-0.0459,-0.4897,16.985,782.659,5.310
898454245,-0.3818,-0.0625,-0.2969,14.117,766.912,1.587
898467245,-0.4448,-0.0737,-0.0215,7.281,718.328,-6.714
898480245,-0.5430,-0.0249,0.3628,-4.987,617.620,-14.344
898493245,-0.5942,0.0664,0.7168,-9.199,465.948,-7.996
898506245,-0.7632,0.0562,0.9482,-10.480,279.730,2.624
898519245,-0.8545,0.0181,0.9189,-18.293,99.737,9.460
898532245,-0.8804,0.0142,0.8276,-25.739,-46.625,11.596
898545245,-0.9277,0.0503,0.7461,-37.214,-156.733,17.151
898558245,-0.9604,0.0581,0.5322,-38.923,-216.242,23.620
898571245,-0.9951,0.0620,0.2915,-23.481,-216.791,23.987
898584245,-0.9658,0.0469,0.0464,3.924,-182.978,18.371
898597245,-1.0308,0.0996,0.0732,18.389,-160.639,17.761
898610245,-1.0615,0.0903,0.0469,19.854,-173.151,18.921
898623245,-1.0952,0.1367,0.1377,13.934,-232.599,26.611
898636245,-1.1304,0.1572,0.2510,-6.147,-338.251,39.551
898649245,-1.0825,0.1396,0.2744,-36.359,-462.336,59.387
898662245,-0.9561,0.0811,0.1367,-60.041,-562.983,69.885
898675245,-0.7812,0.0195,-0.0854,-48.444,-625.117,64.209
898688245,-0.6675,-0.0073,-0.1909,-15.302,-658.564,53.650
898701245,-0.5327,-0.0400,-0.1528,3.069,-702.570,44.494
898714245,-0.2661,-0.0708,-0.3101,2.398,-738.703,38.635
898727245,-0.0049,-0.1553,-0.5039,18.817,-798.884,28.625
898740245,0.2559,-0.1187,-0.5991,5.328,-861.811,12.085
898753245,0.5215,-0.0894,-0.6626,-11.945,-921.686,0.732
898766245,0.7988,-0.0737,-0.8003,-27.936,-965.815,-1.892
898779245,1.0278,-0.1240,-1.0293,-36.054,-967.646,-3.723
898792245,1.1538,-0.1436,-1.1074,-52.900,-924.311,-12.818
898805245,1.1855,-0.1260,-1.1191,-65.412,-851.679,-11.170
898818245,1.0820,-0.0654,-1.0713,-85.493,-750.056,-4.639
898831245,1.0288,-0.0996,-1.0967,-104.291,-607.538,12.085
898844245,1.0376,-0.0532,-1.1611,-121.442,-412.775,25.329
898857245,1.1255,-0.0591,-1.1670,-120.893,-175.471,23.803
898870245,1.1616,-0.0879,-0.8955,-76.337,42.730,13.366
898883245,1.1338,-0.1221,-0.3965,-29.096,158.270,6.469
898896245,1.0435,-0.1226,-0.0093,-15.851,153.021,6.714
898909245,1.0034,-0.1602,0.1465,-16.584,67.816,12.756
898922245,1.0215,-0.2231,0.1177,-20.490,-26.667,17.822
898935245,1.0469,-0.2456,-0.0254,-9.260,-85.383,14.221
898948245,1.0654,-0.2280,-0.2471,17.779,-87.031,9.826
898961245,1.1030,-0.2021,-0.5356,44.634,-33.076,2.685
898974245,1.1367,-0.2241,-0.8057,62.884,70.745,-8.545
898987245,1.1113,-0.1909,-0.8779,69.232,189.153,-19.715
899000245,1.0610,-0.1855,-0.8540,75.823,299.810,-28.870
899013245,1.0439,-0.1860,-0.8115,85.528,395.635,-36.560
899026245,1.0723,-0.1816,-0.8140,98.345,476.385,-45.288
899039245,1.0591,-0.1777,-0.7568,113.848,532.537,-53.528
899052245,1.0171,-0.1538,-0.7134,117.632,565.130,-60.486
899065245,0.9385,-0.1328,-0.8325,121.478,595.037,-69.214
899078245,0.8105,-0.0962,-0.9946,131.121,639.105,-70.252
899091245,0.6221,-0.0898,-1.0889,137.469,697.149,-75.012
899104245,0.3989,0.0039,-1.0903,140.582,754.278,-72.876
899117245,0.2310,0.0366,-1.0728,148.699,785.528,-70.130
899130245,-0.1035,0.1021,-0.8911,159.442,770.391,-45.410
899143245,-0.3848,0.1450,-0.7280,141.375,725.652,-12.146
899156245,-0.5508,0.1733,-0.6670,115.496,691.778,29.602
899169245,-0.4590,0.0332,-0.8823,102.801,715.399,35.156
899182245,-0.4458,0.0054,-0.7642,117.938,765.264,26.916
899195245,-0.4961,0.0317,-0.4888,127.337,783.453,19.531
899208245,-0.5293,0.0449,-0.2378,122.393,776.129,13.366
899221245,-0.5771,0.0190,0.0459,119.891,730.291,6.286
899234245,-0.6421,0.0649,0.3906,117.327,637.701,2.990
899247245,-0.7588,0.1465,0.6328,100.176,480.901,12.695
899260245,-0.8633,0.1221,0.6699,60.748,313.604,23.315
899273245,-0.8711,0.1211,0.6963,12.225,142.889,27.466
899286245,-0.8325,0.1177,0.7637,-27.387,-10.920,28.015
899299245,-0.7842,0.0996,0.7280,-49.238,-133.784,24.109
899312245,-0.8496,0.1016,0.6128,-59.370,-202.326,17.700
899325245,-0.9009,0.1343,0.4268,-48.566,-214.167,12.451
899338245,-0.9419,0.1753,0.1641,-19.514,-180.109,9.338
899351245,-1.0601,0.2148,-0.0249,14.361,-138.666,6.714
899364245,-1.2476,0.2773,0.0684,22.662,-145.991,20.630
899377245,-1.2344,0.2998,0.2065,4.107,-236.384,43.152
899390245,-1.1113,0.2090,0.2397,-37.458,-373.286,64.453
899403245,-0.9536,0.1226,0.2231,-82.563,-509.882,71.045
899416245,-0.8037,0.0166,0.1162,-112.714,-620.173,67.627
899429245,-0.6392,-0.0259,-0.0571,-105.207,-674.128,49.438
899442245,-0.5308,-0.0498,-0.1504,-69.013,-681.391,29.724
899455245,-0.4800,0.0063,-0.2515,-36.237,-736.628,18.982
899468245,-0.2485,-0.0278,-0.4395,-27.936,-796.137,6.653
899481245,-0.0488,-0.0742,-0.5000,-22.504,-864.252,1.037
899494245,0.3291,-0.1123,-0.7241,-43.134,-919.672,-12.024
899507245,0.5957,-0.1445,-0.9922,-57.416,-941.645,-22.888
899520245,0.8198,-0.1465,-1.1284,-80.366,-942.927,-30.884
899533245,0.9292,-0.1392,-1.2339,-112.958,-914.789,-33.386
899546245,0.9692,-0.1323,-1.2280,-129.560,-849.299,-37.415
899559245,0.8857,-0.1221,-1.0898,-126.691,-751.032,-30.884
899572245,0.8223,-0.0723,-0.9800,-120.466,-634.272,-12.085
899585245,0.8223,-0.0972,-1.0264,-114.667,-471.308,5.005
899598245,0.8638,-0.1001,-1.1304,-94.648,-264.948,17.456
899611245,0.8994,-0.0708,-1.0195,-59.431,-61.457,23.132
899624245,0.9512,-0.1904,-0.7812,-19.758,88.079,28.930
899637245,0.9629,-0.0952,-0.3628,-4.316,143.072,28.442
899650245,0.9697,-0.2178,-0.2222,16.314,122.259,29.419
899663245,0.9727,-0.1504,-0.0918,8.441,60.430,25.329
899676245,1.0464,-0.2729,-0.3291,11.614,19.171,16.540
899689245,1.0649,-0.2109,-0.4570,24.859,31.011,7.690
899702245,1.1245,-0.2812,-0.6689,48.113,96.075,-5.615
899715245,1.1206,-0.2085,-0.7612,76.068,194.219,-21.607
899728245,1.0957,-0.2090,-0.8940,102.374,304.205,-35.584
899741245,1.0254,-0.1460,-1.0410,124.468,422.247,-41.077
899754245,0.9463,-0.1060,-1.1606,141.375,526.983,-35.889
899767245,0.7651,-0.0659,-1.2070,135.821,610.845,-26.551
899780245,0.6333,-0.0073,-1.1919,129.107,663.702,-8.179
899793245,0.5483,-0.0420,-1.2578,119.830,705.755,5.188
899806245,0.3965,0.0083,-1.2725,114.764,733.648,18.860
899819245,0.2212,0.0557,-1.3945,107.256,752.020,35.400
899832245,-0.0283,0.1533,-1.1963,85.711,732.183,53.283
899845245,-0.1338,0.1626,-1.0166,51.959,671.270,74.768
899858245,-0.1699,0.0811,-0.9785,24.676,616.644,86.487
899871245,-0.0767,-0.0547,-1.0708,3.802,605.413,75.317
899884245,-0.0937,-0.0859,-0.9761,2.154,634.344,52.307
899897245,-0.1870,-0.0981,-0.7764,3.802,665.533,27.710
899910245,-0.3008,-0.1201,-0.5488,-0.959,692.877,5.188
899923245,-0.4277,-0.0225,-0.3013,3.741,704.962,-9.888
899936245,-0.4307,-0.0200,-0.1240,11.187,701.788,-17.945
899949245,-0.5464,0.0190,0.2241,14.727,659.796,-24.414
899962245,-0.6489,0.0703,0.5762,17.962,572.088,-20.142
899975245,-0.6055,0.0107,0.6665,25.836,461.797,-17.334
899988245,-0.6206,0.0063,0.7437,11.859,342.901,-16.785
900001245,-0.6963,0.0400,0.8438,-22.077,220.281,-13.611
900014245,-0.7861,0.1104,0.8359,-47.590,108.099,-3.479
900027245,-0.8940,0.1333,0.7305,-58.027,32.415,4.822
900040245,-0.8867,0.1284,0.6514,-53.815,-4.023,8.056
900053245,-0.8940,0.1260,0.4180,-35.078,3.301,3.540
900066245,-0.9170,0.1455,0.4668,-11.579,26.006,-2.686
900079245,-0.9492,0.1392,0.4736,10.943,36.688,-2.747
900092245,-1.0015,0.1484,0.5239,17.535,19.232,2.807
900105245,-1.0718,0.2012,0.7212,12.774,-53.034,18.127
900118245,-1.1577,0.2397,1.0444,-8.710,-196.467,43.640
900131245,-1.0903,0.2529,1.1870,-41.974,-375.666,78.613
900144245,-0.9360,0.1191,0.8599,-55.524,-492.487,101.928
900157245,-0.8311,0.0405,0.5225,-43.561,-531.061,98.633
900170245,-0.8184,-0.0107,0.2725,-10.724,-530.329,85.876
900183245,-0.8291,-0.0112,0.1436,17.596,-540.156,69.885
900196245,-0.8218,0.0142,0.0293,29.131,-579.767,62.439
900209245,-0.7451,0.0366,-0.0806,19.061,-647.028,65.613
900222245,-0.5762,-0.0498,-0.2383,-6.635,-710.749,67.505
900235245,-0.3599,-0.0454,-0.2847,-29.951,-771.723,63.049
900248245,-0.1201,-0.1802,-0.4434,-24.702,-812.556,58.166
900261245,0.0625,-0.1353,-0.4775,-4.682,-841.852,49.988
900274245,0.2886,-0.1367,-0.7383,3.436,-845.759,36.987
900287245,0.5039,-0.1602,-0.9302,3.741,-832.087,22.094
900300245,0.6997,-0.1719,-1.0967,-13.288,-806.513,4.028
900313245,0.7715,-0.1465,-1.1558,-40.876,-770.075,-10.987
900326245,0.7681,-0.0835,-1.0723,-66.266,-730.585,-13.123
900339245,0.8135,-0.1235,-1.0591,-72.187,-675.898,-7.508
900352245,0.7373,-0.0615,-0.8706,-83.173,-614.008,5.737
900365245,0.7710,-0.1099,-0.8667,-91.779,-532.099,20.874
900378245,0.8398,-0.1172,-0.9927,-84.943,-400.629,33.935
900391245,0.8823,-0.1475,-1.0371,-62.421,-244.868,34.729
900404245,0.9424,-0.1562,-0.9604,-43.195,-96.491,31.677
900417245,0.9849,-0.1265,-0.7227,-25.861,2.508,32.531
900430245,1.0117,-0.2339,-0.5776,-14.387,46.209,31.067
900443245,1.0337,-0.1733,-0.3789,-11.457,44.134,27.710
900456245,0.9448,-0.3418,-0.3237,-15.851,8.184,22.033
900469245,1.0425,-0.2197,-0.3418,-16.401,-15.070,19.104
900482245,1.1094,-0.2163,-0.5166,3.619,2.142,10.864
900495245,1.1191,-0.2573,-0.6587,20.098,63.848,-2.503
900508245,1.1523,-0.2412,-0.7886,39.080,156.378,-17.456
900521245,1.1211,-0.2539,-0.8740,58.123,263.311,-33.692
900534245,1.0986,-0.2148,-0.8354,70.696,367.742,-47.119
900547245,1.0786,-0.2300,-0.9072,106.097,473.272,-58.411
900560245,0.9980,-0.2153,-0.9351,140.032,563.238,-67.810
900573245,0.8350,-0.1226,-1.0635,149.920,636.724,-67.322
900586245,0.6611,-0.0693,-1.1440,156.268,683.721,-52.857
900599245,0.4834,-0.0303,-1.1812,144.488,706.548,-38.391
900612245,0.3105,0.0049,-1.2183,128.253,705.694,-25.879
900625245,0.1201,-0.0239,-1.0972,102.374,691.534,-9.278
900638245,0.0161,-0.0181,-1.0688,71.307,681.585,-2.442
900651245,-0.0952,-0.0244,-0.9531,59.039,686.346,-3.540
900664245,-0.1943,-0.0879,-0.8286,64.837,707.586,-0.244
900677245,-0.2261,-0.0410,-0.8184,73.260,760.992,-2.259
900690245,-0.2539,-0.0137,-0.6460,86.932,818.487,-14.099
900703245,-0.3452,-0.0186,-0.3711,97.857,848.638,-22.888
900716245,-0.3325,-0.0537,-0.2065,102.801,867.254,-30.030
900729245,-0.3267,-0.0703,0.0508,97.003,843.633,-46.875
900742245,-0.3774,-0.0303,0.3013,88.946,762.823,-61.402
900755245,-0.5264,0.1401,0.7852,66.790,605.535,-55.664
900768245,-0.7354,0.2002,1.1079,52.325,418.585,-40.894
900781245,-0.9019,0.2104,1.0986,43.475,229.193,-18.555
900794245,-0.8726,0.1782,0.9155,17.657,52.313,0.305
900807245,-0.8301,0.1567,0.7939,-30.622,-87.214,11.474
900820245,-0.8364,0.1567,0.6982,-67.304,-181.757,20.813
900833245,-0.8535,0.1641,0.5728,-76.093,-220.881,22.094
900846245,-0.9038,0.1753,0.3755,-52.595,-211.603,15.442
900859245,-0.9888,0.2070,0.2881,-17.377,-191.218,9.460
900872245,-1.1328,0.2896,0.3691,-2.241,-217.219,12.695
900885245,-1.2393,0.3359,0.3735,-16.523,-296.870,36.194
900898245,-1.2676,0.3091,0.2939,-46.369,-399.958,67.199
900911245,-1.1543,0.2441,0.2539,-76.093,-494.745,88.623
900924245,-1.0186,0.1567,0.2563,-93.366,-578.058,97.839
900937245,-0.7769,0.0298,0.0698,-76.520,-623.469,81.848
900950245,-0.4131,-0.0327,-0.2915,-39.411,-589.594,66.101
900963245,-0.5649,-0.0166,-0.2305,-18.903,-634.272,47.363
900976245,-0.4883,-0.0454,-0.3960,-9.931,-662.714,33.874
900989245,-0.3770,0.0083,-0.5498,-18.415,-689.081,20.813
901002245,-0.2437,-0.0957,-0.6709,-22.687,-721.491,10.559
901015245,-0.0352,-0.0215,-0.6802,-39.472,-776.301,4.699
901028245,0.1816,-0.0698,-0.7759,-60.224,-814.509,-0.489
901041245,0.4380,-0.0688,-0.9731,-68.525,-814.570,-5.188
901054245,0.5869,-0.0820,-1.2114,-65.473,-766.962,-7.752
901067245,0.6411,-0.0859,-1.2998,-70.112,-691.279,-14.954
901080245,0.6694,-0.0977,-1.2095,-75.544,-621.393,-17.334
901093245,0.6831,-0.0493,-1.0088,-97.700,-572.870,-10.315
901106245,0.6890,-0.1074,-0.9312,-110.639,-521.052,-1.038
901119245,0.6855,-0.0449,-0.7856,-112.958,-461.237,18.310
901132245,0.7222,-0.0288,-0.7451,-105.878,-373.957,37.597
901145245,0.8306,-0.0654,-0.8018,-70.356,-253.840,50.171
901158245,0.9521,-0.1104,-0.8223,-25.007,-125.849,48.950
901171245,1.0898,-0.1870,-0.7944,7.769,-24.470,40.161
901184245,1.1128,-0.2100,-0.6792,11.614,23.321,28.991
901197245,1.0620,-0.2046,-0.5508,-3.889,18.621,19.714
901210245,1.1763,-0.2222,-0.4473,-15.790,-30.146,24.353
901223245,0.9722,-0.1196,-0.3823,-54.059,-72.260,14.587
901236245,0.9780,-0.1763,-0.4731,-40.998,-80.134,18.188
901249245,0.9717,-0.1548,-0.5122,-26.472,-54.743,13.244
901262245,1.0161,-0.1777,-0.6562,-6.696,2.752,6.592
901275245,1.0459,-0.1655,-0.7646,14.971,81.304,-3.906
901288245,1.0918,-0.1787,-0.7261,27.972,156.927,-12.818
901301245,1.0542,-0.2031,-0.7471,32.733,229.925,-26.367
901314245,1.0288,-0.2178,-0.7646,45.062,301.580,-37.293
901327245,1.0186,-0.1611,-0.7319,63.677,365.728,-46.509
901340245,0.9473,-0.1528,-0.8599,79.852,431.707,-54.077
901353245,0.8271,-0.0840,-1.0244,92.303,503.362,-51.331
901366245,0.7583,-0.0669,-1.2280,99.261,586.126,-42.115
901379245,0.6929,-0.0552,-1.2788,99.993,673.162,-32.654
901392245,0.6772,-0.0952,-1.3306,107.562,757.452,-32.471
901405245,0.5322,-0.0391,-1.2612,114.703,813.726,-26.917
901418245,0.4116,-0.0244,-1.2827,112.872,855.901,-20.630
901431245,0.2061,0.0151,-1.1519,95.782,877.996,-8.606
901444245,-0.0088,0.1074,-1.0610,73.565,887.823,13.122
901457245,-0.1226,0.0425,-0.9336,53.790,906.805,24.902
901470245,-0.0894,-0.0205,-0.8682,38.592,944.525,13.855
901483245,-0.1128,-0.0542,-0.4956,42.620,970.770,-4.822
901496245,-0.1875,-0.0981,-0.0225,64.288,955.938,-20.020
901509245,-0.1973,-0.0918,0.3809,93.340,886.907,-34.790
901522245,-0.3936,0.0229,0.7671,117.877,745.001,-30.213
901535245,-0.6729,0.0483,1.0503,103.533,532.537,-7.141
901548245,-0.7866,0.0527,1.1563,41.155,284.002,17.883
901561245,-0.7900,0.0425,1.1455,-25.068,45.049,37.475
901574245,-0.7036,0.0083,1.0029,-68.525,-137.141,40.893
901587245,-0.6104,-0.0259,0.8652,-82.929,-237.482,34.607
901600245,-0.5889,-0.0615,0.6055,-69.990,-248.957,20.813
901613245,-0.6172,-0.0386,0.3271,-31.599,-184.748,-1.343
901626245,-0.7778,0.0312,0.0874,16.436,-92.646,-21.118
901639245,-1.0479,0.1499,0.1577,46.099,-52.119,-22.644
901652245,-1.2637,0.2573,0.4531,36.517,-123.102,-0.550
901665245,-1.3145,0.3560,0.7290,-1.264,-304.072,41.443
901678245,-1.1094,0.2383,0.6860,-63.825,-504.023,87.158
901691245,-0.8223,0.0854,0.4556,-101.118,-647.944,102.234
901704245,-0.6060,-0.0645,0.1465,-97.455,-721.674,96.252
901717245,-0.5215,-0.0894,-0.1050,-66.755,-722.162,83.923
901730245,-0.5156,-0.1294,-0.3813,-35.871,-705.927,64.819
901743245,-0.4404,-0.0898,-0.5483,-12.495,-682.184,51.330
901756245,-0.3437,-0.1094,-0.6113,-0.410,-680.842,44.006
901769245,-0.2051,-0.1187,-0.7095,-9.626,-693.964,41.809
901782245,-0.0083,-0.2012,-0.8408,-25.251,-710.932,30.761
901795245,0.1807,-0.1406,-0.8721,-38.801,-762.018,30.884
901808245,0.4521,-0.1743,-0.8472,-65.656,-838.129,36.743
901821245,0.7251,-0.2656,-0.8950,-116.804,-895.258,18.677
901834245,0.9985,-0.3027,-0.8506,-143.598,-920.649,-4.395
901847245,1.0679,-0.3447,-0.8228,-143.171,-905.512,-10.193
901860245,1.1138,-0.3320,-0.7534,-157.514,-871.149,-16.602
901873245,1.1909,-0.3149,-0.7710,-142.682,-792.536,-12.146
901886245,1.2246,-0.2109,-0.4614,-164.106,-741.266,-1.831
901899245,1.1626,-0.3647,-0.4453,-158.185,-667.841,17.883
901912245,1.2300,-0.2949,-0.4600,-170.392,-580.317,24.048
901925245,1.2520,-0.2275,-0.2334,-185.712,-498.469,27.893
901938245,1.2954,-0.3159,-0.2881,-183.332,-409.113,36.377
901951245,1.3003,-0.6006,-0.2246,-150.983,-286.432,39.551
901964245,1.2754,-0.1963,-0.0410,-94.037,-183.039,30.212
901977245,0.7930,-0.6548,0.1084,3.253,-130.427,-8.789
901990245,0.9810,-0.2817,0.3354,21.563,-110.285,-9.766
902003245,1.0776,-0.2236,0.2485,-2.241,-106.074,-13.001
902016245,0.9272,-0.2832,0.4038,-13.105,-125.239,-18.616
902029245,0.8428,-0.1680,0.4487,-44.782,-172.907,-11.292
902042245,0.9976,-0.1323,0.2876,-65.839,-188.227,-9.033
902055245,0.9360,-0.2031,0.3911,-68.830,-186.152,-14.221
902068245,0.9590,-0.1123,0.4463,-61.445,-192.621,-9.522
902081245,0.9160,-0.1621,0.6382,-58.759,-218.989,-8.484
902094245,0.8296,-0.2759,0.6006,-60.956,-243.525,-7.569
902107245,0.6982,-0.2617,0.3960,-57.111,-190.241,3.174
902120245,0.7021,-0.2354,0.3838,-3.034,-96.857,-6.348
902133245,0.6260,-0.2891,0.5269,42.925,-37.775,-13.611
902146245,0.6709,-0.2827,0.5645,46.160,-15.253,-27.527
902159245,0.8081,-0.2671,0.5830,49.822,-23.371,-34.485
902172245,0.7290,-0.2500,0.7173,25.347,-60.602,-28.076
902185245,0.6460,-0.2178,0.5547,10.150,-84.955,-25.330
902198245,0.5444,-0.1772,0.5532,3.375,-93.317,-17.884
902211245,0.4292,-0.1826,0.4526,-6.879,-78.547,-2.442
902224245,0.5137,-0.2002,0.3804,0.384,-36.188,5.310
902237245,0.5840,-0.2563,0.4478,17.535,10.259,6.592
902250245,0.6826,-0.2480,0.5884,25.714,34.673,4.699
902263245,0.7256,-0.2505,0.7461,29.131,25.945,5.920
902276245,0.6929,-0.2686,0.7012,29.681,10.809,6.469
902289245,0.6440,-0.2520,0.5601,30.047,8.367,6.592
902302245,0.6470,-0.2568,0.5132,29.559,21.612,10.254
902315245,0.5767,-0.4053,0.6108,28.704,6.658,27.771
902328245,0.5937,-0.1567,0.6187,-8.527,-26.667,29.968
902341245,0.6064,-0.2930,0.6880,-35.322,-62.983,29.175
902354245,0.7109,-0.1831,0.7988,-47.590,-92.219,28.198
902367245,0.7056,-0.2129,0.8589,-37.458,-104.792,34.668
902380245,0.6592,-0.2012,0.8457,-23.115,-104.670,35.827
902393245,0.6943,-0.1982,0.7793,-7.307,-93.745,35.461
902406245,0.6636,-0.2261,0.7515,-1.752,-80.805,31.677
902419245,0.6943,-0.2437,0.8135,5.877,-74.579,26.489
902432245,0.5830,-0.2559,0.7031,3.924,-74.091,17.456
902445245,0.5024,-0.2637,0.6338,-2.546,-51.813,11.352
902458245,0.5459,-0.2227,0.6738,-3.034,-37.104,15.075
902471245,0.5718,-0.2471,0.6807,-1.752,-24.409,14.770
902484245,0.5503,-0.2280,0.7334,-5.536,-26.362,11.657
902497245,0.5381,-0.2344,0.7715,-8.527,-45.222,10.925
902510245,0.5435,-0.1938,0.8110,-12.311,-78.242,17.090
902523245,0.5503,-0.1548,0.8647,-20.368,-98.322,16.357
902536245,0.4951,-0.1431,0.8384,-24.824,-100.580,13.916
902549245,0.4961,-0.1187,0.7842,-13.288,-95.820,15.503
902562245,0.4468,-0.1562,0.8745,-8.832,-100.153,15.442
902575245,0.4507,-0.1982,0.7534,-16.035,-101.679,13.244
902588245,0.4805,-0.2168,0.6348,-25.678,-83.491,9.582
902601245,0.3354,-0.2124,0.6978,-21.223,-63.410,2.685
902614245,0.2520,-0.1479,0.7578,-26.227,-51.569,4.455
902627245,0.3027,-0.1040,0.8457,-33.857,-62.006,9.582
902640245,0.3960,-0.1772,0.9263,-44.172,-87.336,12.878
902653245,0.4355,-0.1543,0.9795,-64.008,-123.896,11.230
902666245,0.3892,-0.0947,1.1421,-64.435,-155.207,4.638
902679245,0.2085,-0.0942,0.8794,-61.689,-139.460,5.188
902692245,0.2212,-0.0366,0.6777,-47.285,-105.341,11.413
902705245,0.1616,-0.0679,0.7852,-49.299,-86.603,17.639
902718245,0.3730,-0.2646,1.1899,-12.556,-94.294,15.014
902731245,0.2749,0.1064,0.8379,-13.471,-81.782,26.123
902744245,0.2583,0.0049,0.7305,7.037,-68.476,33.264
902757245,0.2041,-0.1396,0.6387,9.051,-22.394,29.480
902770245,0.2251,-0.3130,0.5552,17.047,52.313,7.263
902783245,0.3652,-0.3135,0.6060,35.540,118.719,-1.953
902796245,0.3750,-0.1348,0.6738,47.137,160.650,-5.799
902809245,0.3730,0.0200,0.8413,39.568,172.979,-2.869
902822245,0.3984,0.0059,0.9961,21.014,146.734,2.136
902835245,0.4355,-0.1099,1.0381,-1.081,104.009,5.493
902848245,0.4805,-0.1636,1.0596,-24.946,54.510,1.648
902861245,0.4897,-0.0698,1.1045,-38.801,-3.718,10.315
902874245,0.4312,0.0298,0.9751,-34.284,-53.583,23.132
902887245,0.4839,-0.2231,-0.0874,-123.212,222.601,-89.600
902900245,0.9351,0.3457,0.4282,-39.838,283.209,-57.251
902913245,0.9399,0.4985,0.8540,-15.607,390.692,-26.856
902926245,0.7017,0.1309,1.0991,-3.644,422.552,-2.747
902939245,0.6987,-0.0874,1.1333,26.202,417.669,-15.747
902952245,0.6216,-0.3052,1.1519,60.565,403.021,-43.946
902965245,0.9331,-0.3550,0.6992,80.279,420.599,-81.299
902978245,0.9985,-0.1963,0.5044,72.100,465.704,-115.662
902991245,0.8745,0.0776,0.3437,32.488,504.522,-127.747
903004245,0.5498,-0.1260,0.7095,-34.772,483.221,-141.907
903017245,0.6011,-0.2480,0.2476,-110.700,456.732,-167.786
903030245,0.5786,-0.2251,-0.2231,-112.958,530.340,-172.302
903043245,0.6460,-0.0913,-0.2231,-92.328,593.694,-165.283
903056245,1.1353,-0.8145,1.3452,-63.581,537.237,-183.106
903069245,2.0508,-0.6426,-0.7202,25.469,524.359,-172.058
903082245,0.7490,-0.7539,0.1040,187.945,565.252,-146.485
903095245,0.9253,-0.2134,-0.5688,147.540,545.782,-146.485
903108245,0.9858,-0.4209,-0.7476,73.809,546.026,-163.574
903121245,0.7812,-0.5752,-0.9038,36.334,570.623,-174.378
903134245,0.7183,-0.4409,-0.9316,32.244,581.609,-153.321
903147245,0.6562,-0.2549,-0.7725,36.944,563.970,-119.202
903160245,0.6626,-0.2798,-1.0405,54.461,569.830,-116.822
903173245,0.7095,-0.4692,-1.0737,131.487,617.986,-101.868
903186245,0.6323,-0.6104,-0.9316,168.292,642.339,-85.877
903199245,0.2871,-0.6914,-1.1748,130.938,681.890,-110.230
903212245,0.2124,-0.4355,-1.3208,90.228,721.563,-97.962
903225245,0.0991,-0.3477,-1.2144,53.729,741.277,-77.942
903238245,0.0278,-0.2529,-0.9639,11.614,746.649,-64.636
903251245,-0.0386,-0.2920,-0.9229,-22.016,737.127,-54.444
903264245,-0.1484,-0.2715,-0.6733,-31.904,704.717,-45.288
903277245,-0.2842,-0.3135,-0.5122,-22.199,658.392,-43.823
903290245,-0.3027,-0.3340,-0.4756,22.112,630.010,-36.133
903303245,-0.4941,-0.4019,-0.1743,84.734,592.657,-25.574
903316245,-0.6270,-0.2876,0.2910,128.130,511.602,-12.207
903329245,-0.9517,0.0820,1.2583,-12.922,331.426,4.760
903342245,-1.0107,-0.4336,0.5723,-55.402,157.537,10.010
903355245,-0.9014,-0.2788,0.3853,-11.640,64.886,11.230
903368245,-0.8438,-0.2842,0.3398,-0.471,15.814,7.141
903381245,-0.8247,-0.3481,0.0894,-1.386,10.381,-1.282
903394245,-0.8071,-0.3223,-0.0044,-1.142,39.495,-8.179
903407245,-0.8643,-0.3257,-0.0522,-4.682,83.502,-22.156
903420245,-0.9272,-0.2417,0.0239,0.018,111.395,-31.189
903433245,-1.0200,-0.2075,0.2007,1.238,92.169,-27.649
903446245,-1.0000,-0.1592,0.2480,-5.536,55.181,-17.395
903459245,-1.0024,-0.2095,0.1851,-9.565,22.527,-9.888
903472245,-1.0322,-0.1968,0.1396,-16.523,5.865,-2.320
903485245,-1.0303,-0.2251,0.1748,-24.335,-5.671,6.531
903498245,-1.0273,-0.2446,0.2534,-25.617,-23.737,12.512
903511245,-0.9331,-0.2734,0.3643,-16.767,-76.166,15.259
903524245,-0.9966,-0.2896,0.4932,-20.429,-196.589,20.202
903537245,-1.0884,-0.2900,0.7144,-32.636,-380.854,29.297
903550245,-0.9805,-0.2261,0.8735,-46.674,-615.046,32.226
903563245,-0.6631,-0.2407,0.7412,-33.063,-827.570,15.625
903576245,-0.4170,-0.2134,0.5713,-25.312,-1015.558,-14.710
903589245,0.1094,-0.2764,0.3843,1.727,-1183.466,-6.043
903602245,0.3784,-0.3213,0.4360,17.596,-1381.525,8.972
903615245,0.9238,-0.3394,0.0586,29.315,-1540.217,-3.357
903628245,1.4282,-0.2026,-0.0381,51.226,-1646.479,3.906
903641245,1.9614,-0.3647,-0.6377,54.217,-1704.096,8.056
903654245,2.1138,-0.4687,-0.5737,-73.591,-1690.912,34.973
903667245,2.1919,-0.6235,-1.0864,-164.045,-1598.444,19.409
903680245,3.1196,-0.8442,-1.9731,-274.641,-1143.610,35.827
903693245,2.8066,0.0103,-2.0713,-336.164,-510.248,-58.106
903706245,2.0654,0.1479,-0.9785,-319.013,91.985,-189.698
903719245,1.4360,-0.2612,0.8813,-186.933,315.069,-235.413
903732245,0.9517,-0.1650,2.1001,-71.149,132.391,-214.966
903745245,0.6768,-0.3208,2.0366,-4.377,-282.587,-157.532
903758245,1.1650,-0.3853,0.7915,-15.241,-572.993,-121.643
903771245,1.2974,-0.4702,0.0273,-115.705,-613.886,-158.020
903784245,1.0679,-0.3540,-0.3916,-147.870,-527.155,-171.143
903797245,0.3301,-0.3628,0.4814,-162.702,-374.079,-143.433
903810245,0.1738,-0.4761,-0.3916,-50.947,-130.060,-98.206
903823245,0.2373,-0.2700,0.2246,-10.602,22.161,-48.645
903836245,0.3340,-0.3213,0.6138,-23.359,20.635,-32.654
903849245,0.3569,-0.2754,0.7275,-53.632,-60.602,-31.739
903862245,0.2778,-0.3867,0.6831,-75.239,-139.094,-29.602
903875245,0.3032,-0.1768,0.7607,-69.623,-189.203,-5.615
903888245,0.3018,-0.2964,0.7368,-45.881,-194.391,29.968
903901245,0.4214,-0.3379,0.6255,-4.377,-167.353,58.471
903914245,0.5122,-0.3809,0.4297,21.319,-110.468,55.420
903927245,0.6865,-0.4575,0.4351,19.000,-64.265,26.306
903940245,0.5991,-0.4497,0.6084,-0.043,-51.874,4.272
903953245,0.4800,-0.4526,0.6807,-20.063,-70.673,3.113
903966245,0.4487,-0.4785,0.6992,-21.589,-87.885,18.493
903979245,0.4736,-0.4707,0.6733,-22.932,-94.172,26.794
903992245,0.5161,-0.4438,0.6689,-30.622,-90.876,29.419
904005245,0.5020,-0.4878,0.7285,-39.045,-81.171,21.301
904018245,0.4873,-0.4360,0.7607,-38.618,-60.724,17.761
904031245,0.5044,-0.5010,0.7480,-34.162,-31.306,7.873
904044245,0.5073,-0.4438,0.8228,-27.631,-6.037,5.249
904057245,0.4258,-0.4336,0.8320,-14.936,10.504,-7.630
904070245,0.4136,-0.4209,0.7998,-3.889,32.842,-8.545
904083245,0.3970,-0.4219,0.7603,6.243,61.041,-5.860
904096245,0.4336,-0.3984,0.6919,22.234,92.413,-5.738
904109245,0.5820,-0.3789,0.5908,30.413,131.109,2.441
904122245,0.5195,-0.5137,0.5146,45.123,188.116,-2.991
904135245,0.6504,-0.5327,0.2280,62.335,279.608,-13.550
904148245,0.6992,-0.5811,0.0942,68.438,410.162,-31.128
904161245,0.6895,-0.5322,0.1323,74.297,532.110,-38.758
904174245,0.7334,-0.4585,0.2261,74.542,635.076,-26.612
904187245,0.8271,-0.3989,0.3335,79.547,721.075,-2.747
904200245,1.1538,-0.2656,0.3291,65.875,792.181,-36.133
904213245,1.5645,-0.3682,0.1777,28.338,820.562,-118.164
904226245,1.7285,-0.5171,-0.1025,8.135,802.313,-177.429
904239245,1.6523,-0.6025,0.0029,95.538,750.799,-160.279
904252245,1.4268,-0.6772,-0.2158,121.234,703.192,-136.902
904265245,1.2847,-0.6890,-0.4478,139.300,693.487,-129.639
904278245,1.1675,-0.6665,-0.6753,115.069,731.634,-137.573
904291245,1.1206,-0.7100,-0.8765,111.285,797.491,-140.503
904304245,1.0005,-0.7578,-0.9287,119.158,857.244,-164.368
904317245,0.8740,-0.7148,-0.8970,139.666,848.760,-186.280
904330245,0.8374,-0.3281,-0.7466,105.975,816.595,-156.067
904343245,0.2109,-0.4390,-0.5654,20.587,717.596,-107.849
904356245,0.1548,-0.6543,-0.8174,-39.533,673.834,-93.445
904369245,0.0879,-0.4961,-0.7603,-80.915,664.739,-109.680
904382245,0.1270,-0.4395,-0.6357,-89.521,653.875,-113.892
904395245,-0.0288,-0.5054,-0.5474,-103.864,662.542,-135.254
904408245,-0.1665,-0.4331,-0.2793,-111.677,671.514,-149.414
904421245,-0.3315,-0.4009,0.0508,-93.610,642.401,-155.152
904434245,-0.5420,-0.4214,0.3262,-70.173,568.975,-156.372
904447245,-0.7437,-0.3608,0.5381,-46.857,461.553,-143.433
904460245,-0.8770,-0.2949,0.6016,-25.007,342.169,-122.254
904473245,-1.0054,-0.1973,0.4946,-0.593,237.859,-96.375
904486245,-1.1357,-0.1812,0.3545,5.084,154.363,-68.177
904499245,-1.1372,-0.1558,0.2715,-9.077,88.812,-33.753
904512245,-1.0840,-0.2100,0.2124,-34.345,53.411,-0.916
904525245,-0.9888,-0.2456,0.2271,-43.683,35.650,11.902
904538245,-0.8970,-0.2822,0.2656,-40.937,28.326,9.826
904551245,-0.8545,-0.3120,0.3696,-37.214,13.494,6.653
904564245,-0.8740,-0.3267,0.4487,-38.984,-2.375,6.164
904577245,-0.8853,-0.2983,0.5059,-31.782,-15.986,9.033
904590245,-0.9180,-0.2646,0.5371,-21.650,-37.226,16.052
904603245,-1.0020,-0.1826,0.6289,-6.696,-83.552,30.945
904616245,-1.0850,-0.1475,0.8560,-0.287,-194.880,61.767
904629245,-1.1235,-0.1284,1.1523,-5.231,-384.333,100.219
904642245,-0.7764,-0.1973,1.0024,-1.386,-569.697,138.916
904655245,-0.6631,-0.3472,0.9790,35.601,-770.258,157.348
904668245,-0.3940,-0.2163,0.9121,87.603,-964.716,172.851
904681245,-0.0859,-0.2095,0.8267,104.998,-1205.500,196.960
904694245,0.4897,-0.0137,0.8994,72.527,-1479.426,234.314
904707245,1.2036,-0.0449,1.2524,20.953,-1735.651,278.198
904720245,1.9419,-0.3618,1.0522,-0.959,-1863.581,297.851
904733245,2.5190,-0.3579,0.2935,24.493,-1800.837,305.237
904746245,2.9502,-0.1641,-0.1943,17.108,-1648.859,287.353
904759245,2.9985,-0.4829,-0.5312,-78.535,-1438.715,189.148
904772245,2.6895,-0.6030,-0.5381,-197.370,-1189.875,80.688
904785245,2.0669,-0.2407,-0.6606,-352.827,-818.720,10.681
904798245,1.3716,-0.1245,-0.4243,-423.200,-361.323,14.282
904811245,1.0923,-0.3252,0.2793,-212.812,40.655,-19.470
904824245,1.0308,0.0864,1.0200,-61.750,296.392,-95.886
904837245,1.1768,-0.2017,1.5659,110.980,314.031,-79.041
904850245,1.1182,-0.4331,1.4185,159.014,156.683,-58.350
904863245,1.1699,-0.4380,0.8779,107.318,-23.249,-58.411
904876245,1.0596,-0.4360,0.4883,17.596,-142.756,-64.881
904889245,0.9287,-0.4380,0.2314,-6.208,-152.033,-57.007
904902245,0.7705,-0.4150,0.0098,6.854,-76.227,-47.425
904915245,0.7041,-0.3711,-0.0210,27.850,29.485,-36.927
904928245,0.6582,-0.3813,0.1172,34.686,98.211,-23.743
904941245,0.5879,-0.3237,0.2529,34.991,126.837,-0.427
904954245,0.6680,-0.3149,0.3335,39.324,126.714,15.747
904967245,0.7944,-0.3379,0.3228,40.606,109.808,3.418
904980245,0.8081,-0.3037,0.2739,31.756,92.718,-14.588
904993245,0.7539,-0.3223,0.1802,29.315,108.526,-18.067
905006245,0.7676,-0.2837,0.0718,35.113,159.551,-12.818
905019245,0.8608,-0.3618,-0.0010,45.489,242.925,-4.822
905032245,0.9668,-0.3892,-0.2217,60.198,365.545,-2.625
905045245,1.1030,-0.4243,-0.2935,75.640,527.838,-7.691
905058245,1.1978,-0.4375,-0.2690,113.421,673.651,-14.954
905071245,1.3560,-0.5029,-0.2622,144.671,774.725,-29.969
905084245,1.5352,-0.5586,-0.4648,137.225,845.953,-59.754
905097245,1.7217,-0.6626,-0.8164,102.679,916.570,-102.356
905110245,1.7573,-0.5527,-0.9858,39.507,990.240,-173.828
905123245,1.1260,-0.3306,-0.9063,-35.688,938.848,-219.483
905136245,1.0259,-0.2041,-0.7236,-63.276,1009.039,-251.526
905149245,0.5205,-0.1729,-0.4219,-7.978,1013.494,-249.268
905162245,0.2637,-0.4062,-0.2314,74.481,970.220,-203.064
905175245,0.1436,-0.5498,-0.2568,134.051,916.631,-152.466
905188245,-0.0337,-0.2285,-0.2529,16.497,864.141,-135.376
905201245,-0.3594,-0.3975,-0.2588,-73.591,781.866,-133.728
905214245,-0.5645,-0.2231,0.0186,-82.929,658.392,-113.587
905227245,-0.7363,-0.2798,0.1357,-85.676,527.654,-85.510
905240245,-0.9404,-0.2471,0.4355,-89.521,373.174,-57.495
905253245,-1.0068,-0.3281,0.5044,-76.154,214.971,-26.551
905266245,-0.9648,-0.3765,0.3521,-57.050,102.178,-13.123
905279245,-0.9390,-0.3970,0.2686,-40.815,44.866,-14.771
905292245,-0.9229,-0.3560,0.1689,-22.932,23.077,-20.203
905305245,-0.9082,-0.3574,-0.0269,-5.536,47.552,-30.518
905318245,-0.9897,-0.2808,-0.0845,13.934,86.797,-41.077
905331245,-1.0811,-0.2373,-0.0518,14.117,103.216,-38.574
905344245,-1.1221,-0.2280,-0.0103,6.793,96.502,-29.969
905357245,-1.1133,-0.2139,0.0098,-4.011,82.708,-15.625
905370245,-1.0986,-0.2261,0.0815,-9.138,70.928,-4.334
905383245,-1.0376,-0.2241,0.1646,-4.011,53.350,2.990
905396245,-1.0059,-0.2314,0.2495,-3.828,24.236,10.742
905409245,-0.9434,-0.2798,0.2959,1.849,-10.859,9.582
905422245,-1.0449,-0.2402,0.5063,23.089,-96.979,17.944
905435245,-1.1899,-0.2065,0.8301,49.578,-273.981,46.142
905448245,-1.0664,-0.2100,0.8159,63.128,-500.666,89.172
905461245,-0.8066,-0.2368,0.5444,69.048,-698.603,113.342
905474245,-0.5659,-0.2363,0.6240,102.618,-940.058,129.028
905487245,-0.0742,-0.1440,0.7012,118.060,-1251.459,163.574
905500245,0.5664,-0.0752,0.7417,90.472,-1582.392,198.425
905513245,1.4570,-0.2134,0.9980,6.793,-1909.540,205.627
905526245,2.5366,-0.3613,0.8965,-53.571,-1996.638,228.088
905539245,3.5024,-0.3452,0.2114,-37.763,-1996.638,247.986
905552245,3.9976,-0.2407,-1.0112,65.264,-1827.082,221.130
905565245,3.3394,-0.3828,-1.3062,8.624,-1350.764,61.950
905578245,1.8521,-0.7461,-2.1147,-230.939,-602.778,-70.191
905591245,2.7354,0.5698,-2.9619,-287.275,382.086,-48.218
905604245,1.4507,-0.4336,0.2529,-44.538,729.131,-33.264
905617245,1.8770,-0.3735,1.4224,88.091,627.447,-38.208
905630245,1.3525,-0.3887,1.6021,86.199,198.919,-51.880
905643245,1.0410,-0.2144,1.1294,27.850,-250.361,-59.998
905656245,1.0586,-0.3032,0.2993,-11.091,-440.302,-46.326
905669245,1.0430,-0.4214,-0.6289,3.741,-335.016,-15.991
905682245,0.9956,-0.4751,-1.0781,21.136,-64.814,-11.109
905695245,0.9600,-0.4707,-0.9092,15.276,165.838,-26.673
905708245,0.8838,-0.4204,-0.3594,0.323,260.381,-25.696
905721245,0.8574,-0.2993,0.0698,1.910,234.075,-14.405
905734245,0.7949,-0.2710,0.2627,-7.184,167.974,-4.883
905747245,0.8125,-0.2187,0.2168,-0.532,115.484,-3.784
905760245,0.8564,-0.2441,-0.0220,12.347,141.729,-2.075
905773245,0.9727,-0.2603,-0.2314,37.066,242.864,-1.221
905786245,1.0620,-0.1982,-0.4009,62.579,382.269,2.502
905799245,1.2017,-0.2729,-0.4771,64.654,537.176,-0.244
905812245,1.3423,-0.3706,-0.4307,75.823,665.533,1.892
905825245,1.6392,-0.4888,-0.5708,81.255,746.893,-32.776
905838245,1.7139,-0.4517,-0.7021,66.973,799.444,-92.407
905851245,1.4648,-0.4424,-0.8066,50.494,833.441,-134.339
905864245,1.0527,-0.3696,-0.7974,57.574,852.606,-151.367
905877245,0.7109,-0.3071,-0.8164,75.091,878.790,-139.588
905890245,0.4282,-0.3110,-0.7451,79.302,921.636,-117.493
905903245,0.2422,-0.3257,-0.6138,63.494,975.103,-96.192
905916245,0.0562,-0.2959,-0.6338,46.221,1024.175,-81.604
905929245,-0.0830,-0.2769,-0.5068,33.221,1038.214,-75.012
905942245,-0.0698,-0.3032,-0.3901,19.610,1033.453,-73.792
905955245,-0.1636,-0.3384,-0.1318,15.154,980.047,-67.871
905968245,-0.3066,-0.3369,0.0669,4.046,865.057,-65.430
905981245,-0.5625,-0.3179,0.3726,-17.866,668.585,-55.908
905994245,-0.8188,-0.2056,0.5884,-48.627,416.693,-42.603
906007245,-0.9771,-0.1621,0.6284,-76.093,208.563,-24.597
906020245,-0.9761,-0.1567,0.4458,-91.352,47.430,-11.170
906033245,-0.8931,-0.2417,0.3516,-99.409,0.128,-21.240
906046245,-0.8652,-0.1899,0.2183,-79.633,28.997,-47.058
906059245,-0.9565,-0.0996,0.1255,-42.646,121.221,-70.923
906072245,-1.1138,-0.1040,0.2432,-11.274,215.704,-74.219
906085245,-1.1680,-0.0635,0.3525,6.976,259.710,-60.120
906098245,-1.1372,-0.0508,0.4390,20.281,250.677,-41.138
906111245,-1.0586,-0.0537,0.4180,8.746,207.403,-28.076
906124245,-0.9912,-0.0508,0.4937,-23.969,136.724,-16.358
906137245,-0.8662,-0.1216,0.4849,-53.022,78.069,-10.498
906150245,-0.6606,-0.1558,0.3901,-70.112,69.586,-24.353
906163245,-0.6079,-0.0806,0.3770,-68.036,96.075,-46.814
906176245,-0.6406,-0.0645,0.5488,-47.651,160.955,-64.759
906189245,-0.6650,0.0117,0.5596,-46.369,183.660,-76.905
906202245,-0.7559,0.0176,0.6211,-32.148,187.017,-68.299
906215245,-0.7998,0.0518,0.7114,-33.124,160.894,-53.345
906228245,-0.7905,0.0479,0.7559,-49.970,120.062,-42.176
906241245,-0.7417,0.0605,0.7568,-58.454,78.680,-31.739
906254245,-0.6587,0.0430,0.6997,-51.679,59.332,-25.879
906267245,-0.6108,0.0381,0.6802,-44.294,57.195,-29.114
906280245,-0.6094,0.0601,0.7354,-41.242,55.792,-37.659
906293245,-0.6792,0.0659,0.8701,-30.134,37.786,-45.105
906306245,-0.7930,0.1509,0.9146,-16.767,3.179,-42.847
906319245,-0.9292,0.1953,0.9526,-11.274,-30.390,-29.846
906332245,-1.0322,0.2373,1.0464,-5.048,-79.951,-3.418
906345245,-1.0454,0.1807,1.1294,9.234,-163.325,27.405
906358245,-1.0562,0.1992,1.2856,19.488,-299.128,60.852
906371245,-0.9800,0.1924,1.3296,28.521,-475.458,95.398
906384245,-0.7910,0.0967,1.2295,36.883,-650.324,125.732
906397245,-0.6143,-0.0112,1.1162,46.710,-794.184,139.953
906410245,-0.4609,0.0449,1.0513,62.090,-951.899,149.414
906423245,-0.2056,0.0381,0.9053,65.508,-1128.412,157.043
906436245,0.0527,0.0586,0.7622,36.456,-1287.836,154.602
906449245,0.0396,-0.1021,0.8599,50.067,-1371.210,145.447
906462245,-0.1777,-1.1948,-2.9517,94.134,-1329.951,77.820
906475245,0.2954,0.2300,0.7759,154.681,-1071.589,99.243
906488245,1.3081,-0.2344,-0.7544,26.751,-1713.434,100.708
906501245,2.2090,-0.0723,-0.8711,-193.036,-1721.674,-22.827
906514245,2.2471,-0.0352,-0.7129,-205.244,-1466.730,1.098
906527245,1.8135,0.0771,-0.4517,-134.321,-1133.539,78.552
906540245,1.7695,-0.2881,-1.7563,-52.106,-408.808,98.449
906553245,1.7803,-0.1016,-1.8335,36.273,459.295,16.296
906566245,1.6973,-0.1787,-0.4961,87.237,784.857,-23.377
906579245,1.0166,0.1987,0.4312,12.225,605.291,52.978
906592245,0.4863,-0.0293,0.9414,-69.013,138.250,100.342
906605245,0.6660,0.0386,0.8262,-86.530,-360.346,79.406
906618245,1.3721,-0.1279,-0.0059,-22.016,-586.176,51.330
906631245,1.8389,-0.3545,-0.8950,47.930,-525.385,26.123
906644245,1.8232,-0.1729,-1.2515,27.422,-328.303,-32.410
906657245,1.6377,-0.1797,-1.3203,-67.182,-78.913,-65.552
906670245,1.2227,-0.1709,-0.7705,-52.167,99.920,-62.989
906683245,1.0156,-0.1016,-0.3975,-20.185,131.841,-52.002
906696245,0.8564,-0.0898,-0.2432,-29.157,82.586,-43.457
906709245,0.8145,-0.1475,-0.1831,-27.082,-11.469,-22.766
906722245,0.8638,-0.1514,-0.2642,-21.528,-86.420,-11.719
906735245,0.9487,-0.1929,-0.3921,-19.941,-100.031,-14.221
906748245,1.0176,-0.1978,-0.4976,-21.039,-59.504,-19.226
906761245,1.0391,-0.2100,-0.5132,-14.203,-0.117,-20.264
906774245,1.0317,-0.1895,-0.4775,-8.893,50.970,-20.386
906787245,1.0259,-0.1802,-0.4517,-8.893,94.427,-18.677
906800245,1.0532,-0.2163,-0.4297,-3.766,142.950,-17.151
906813245,1.0571,-0.2222,-0.4082,3.253,194.280,-20.081
906826245,1.0947,-0.2163,-0.5581,14.117,258.489,-23.377
906839245,1.1401,-0.2354,-0.7026,27.300,360.723,-25.757
906852245,1.1597,-0.1855,-0.9146,42.315,504.888,-27.283
906865245,1.2139,-0.1763,-1.0449,51.165,677.984,-18.921
906878245,1.3730,-0.2612,-1.1104,50.067,870.245,-21.424
906891245,1.5146,-0.3062,-1.1387,65.264,1050.482,-38.147
906904245,1.5449,-0.3555,-1.1724,85.711,1217.596,-77.454
906917245,1.5156,-0.1792,-1.0581,78.387,1367.620,-126.709
906930245,1.1030,-0.0234,-0.6440,34.014,1451.238,-143.189
906943245,0.6748,0.1436,-0.2388,-59.308,1469.366,-123.352
906956245,0.5493,0.0713,0.0063,-122.785,1468.206,-101.807
906969245,0.4780,0.0205,0.3525,-140.851,1438.726,-96.619
906982245,0.3003,-0.0811,0.7246,-117.658,1311.407,-92.652
906995245,-0.3530,0.1206,1.3477,-128.461,1008.611,-53.040
907008245,-1.1343,0.0688,1.9741,-152.143,525.335,8.423
907021245,-1.3809,0.1318,2.2148,-137.372,4.827,66.101
907034245,-1.0381,0.1382,1.7925,-107.526,-344.660,101.501
907047245,-0.6372,-0.0620,1.0767,-95.563,-416.987,109.985
907060245,-0.5010,-0.1870,0.6377,-52.717,-287.043,92.407
907073245,-0.3633,-0.2046,0.1875,30.901,-57.917,45.959
907086245,-0.4434,-0.1694,0.0469,95.172,156.439,-22.888
907099245,-0.7534,-0.1025,0.3022,102.374,237.188,-51.880
907112245,-1.0576,0.0503,0.4785,59.649,192.938,-39.490
907125245,-1.2461,0.1714,0.5859,9.722,80.145,-1.587
907138245,-1.2393,0.1855,0.6377,-29.157,-32.892,55.237
907151245,-1.0747,0.0947,0.6450,-46.552,-102.839,101.257
907164245,-0.7793,-0.0049,0.6104,-46.186,-118.647,118.042
907177245,-0.6431,-0.1235,0.7607,-17.682,-123.835,101.440
907190245,-0.6885,-0.1328,1.0859,34.930,-203.547,89.111
907203245,-0.8032,-0.1807,1.1948,79.363,-360.346,86.426
907216245,-0.8682,-0.1416,1.2388,118.365,-576.105,108.520
907229245,-0.8232,-0.0786,1.3501,171.404,-861.445,143.677
907242245,-0.3936,0.0942,1.2778,208.270,-1207.880,185.974
907255245,0.4453,0.1621,1.1230,194.720,-1551.569,203.491
907268245,1.1626,0.2378,1.1279,131.793,-1863.642,205.749
907281245,1.9521,-0.1431,1.2817,91.570,-1996.638,207.885
907294245,2.6943,-0.1577,0.4448,102.740,-1996.638,204.895
907307245,3.4277,-0.2266,-0.2930,130.389,-1957.697,152.038
907320245,3.6577,-0.2490,-1.5356,91.448,-1703.974,26.184
907333245,3.2271,-0.1831,-2.9546,-226.667,-1008.417,-85.938
907346245,2.2319,0.3271,-2.4585,-374.189,-25.995,-71.961
907359245,1.5220,-0.1265,-0.3618,-213.911,680.792,-59.448
907372245,1.8325,-0.4243,0.8091,7.464,855.596,-109.314
907385245,1.1455,-0.2114,1.0889,13.140,565.313,-87.219
907398245,0.3442,-0.3193,1.2085,-58.332,-16.840,-52.368
907411245,0.8057,-0.2285,0.2754,-24.335,-412.043,-20.447
907424245,1.1748,-0.4414,-0.5381,59.588,-448.115,-11.780
907437245,1.2930,-0.4194,-1.2256,100.787,-239.130,-24.231
907450245,1.2114,-0.3735,-1.4663,44.207,61.407,-50.232
907463245,0.9702,-0.4370,-0.9863,5.023,287.176,-45.716
907476245,0.8062,-0.4194,-0.4673,15.643,352.667,-34.180
907489245,0.7534,-0.3770,-0.3184,2.337,344.000,-23.377
907502245,0.7520,-0.3784,-0.3369,41.461,328.924,-11.780
907515245,0.8193,-0.3604,-0.6001,97.247,377.447,-15.808
907528245,0.8799,-0.2461,-0.9482,115.862,498.724,-19.043
907541245,0.9697,-0.2456,-1.0547,80.767,651.739,-17.884
907554245,1.1592,-0.2886,-1.0679,40.728,819.586,-32.227
907567245,1.3506,-0.3901,-0.9805,26.080,995.306,-73.426
907580245,1.4712,-0.3970,-0.9478,32.122,1156.317,-149.414
907593245,1.3945,-0.3584,-0.8804,38.348,1282.964,-224.915
907606245,1.0093,-0.1235,-0.5161,24.615,1348.211,-263.550
907619245,0.6694,0.0396,-0.1523,-17.438,1381.109,-272.095
907632245,0.3867,0.0527,0.3286,-64.374,1398.504,-272.766
907645245,0.0601,0.0464,0.8770,-74.262,1359.991,-257.324
907658245,-0.2583,-0.0522,1.0098,-43.134,1233.648,-200.012
907671245,-0.7944,0.1582,1.3501,-73.408,973.516,-117.554
907684245,-1.2891,0.1650,1.6563,-111.127,572.393,-24.781
907697245,-1.4219,0.2891,1.9019,-126.081,109.564,63.293
907710245,-1.0625,0.2393,1.6982,-111.616,-228.754,116.089
907723245,-0.5566,-0.0352,1.1714,-87.202,-307.673,124.389
907736245,-0.3511,-0.2329,0.6997,-46.003,-181.025,78.369
907749245,-0.2241,-0.2383,0.3418,18.817,21.246,2.807
907762245,-0.4702,-0.0889,0.3110,56.414,188.665,-78.675
907775245,-0.9053,0.0264,0.5640,58.184,242.803,-106.140
907788245,-1.3281,0.1724,0.8618,29.559,167.974,-63.904
907801245,-1.4468,0.2646,0.9858,0.506,37.908,8.972
907814245,-1.2207,0.2007,0.9790,-14.814,-70.002,65.674
907827245,-1.0313,0.1377,1.2036,-5.964,-181.452,95.276
907840245,-0.8696,0.0937,1.3687,23.638,-322.260,113.586
907853245,-0.7427,-0.0088,1.3525,62.151,-463.862,122.925
907866245,-0.5854,-0.0186,1.2480,95.782,-594.111,133.423
907879245,-0.4829,-0.0161,1.2026,154.925,-780.817,159.607
907892245,-0.1782,0.0415,1.0615,202.471,-1031.550,183.227
907905245,0.2534,0.1792,0.8657,216.815,-1304.255,198.913
907918245,0.8291,0.2070,0.7310,200.274,-1556.391,208.435
907931245,1.4150,0.0566,0.4951,180.865,-1739.802,198.120
907944245,2.0068,-0.0605,0.0439,157.061,-1780.939,162.597
907957245,2.5151,-0.0571,-0.6812,168.047,-1696.833,106.872
907970245,2.7480,-0.1396,-2.0347,202.960,-1497.065,28.686
907983245,1.9004,0.0186,-2.8042,109.454,-1154.719,-73.670
907996245,0.8970,-0.2119,-2.3916,-140.729,-734.797,-94.361
908009245,0.9063,0.2671,-2.1035,-375.837,-134.089,-16.419
908022245,1.1548,0.0693,-0.8208,-281.782,357.122,52.002
908035245,1.2905,-0.0996,-0.0137,-191.816,539.373,21.667
908048245,1.0996,-0.1338,0.4346,-142.255,381.353,3.235
908061245,0.8965,-0.2534,0.5591,-83.600,60.064,18.493
908074245,1.0039,-0.3555,0.2930,5.877,-191.523,18.188
908087245,1.1802,-0.3779,-0.1621,86.688,-264.155,-6.592
908100245,1.2456,-0.3413,-0.6670,136.981,-196.650,-37.598
908113245,1.1729,-0.2568,-1.0757,136.614,-19.587,-60.913
908126245,1.0557,-0.2515,-1.2085,96.087,196.111,-70.435
908139245,0.9194,-0.2603,-1.0806,55.499,374.700,-65.430
908152245,0.8608,-0.3101,-0.9150,43.536,523.016,-60.059
908165245,0.8955,-0.3145,-0.8975,59.405,669.683,-65.552
908178245,0.8818,-0.2827,-0.9980,86.138,833.685,-74.707
908191245,1.0811,-0.2271,-1.1035,101.885,1014.288,-97.351
908204245,1.1558,-0.2559,-1.0039,101.702,1206.976,-130.432
908217245,1.1475,-0.2187,-0.8208,87.908,1388.799,-177.002
908230245,0.8721,-0.1685,-0.4053,69.720,1502.630,-217.469
908243245,0.5044,0.0894,-0.0024,29.498,1549.261,-228.882
908256245,0.3203,0.0591,0.4434,-19.575,1554.388,-226.258
908269245,0.1431,0.0171,0.8848,-46.979,1496.404,-215.821
908282245,-0.2798,0.0796,1.1240,-39.594,1327.276,-186.524
908295245,-1.0938,0.1123,1.6987,-41.852,963.751,-95.276
908308245,-1.6982,0.3408,1.9453,-69.990,410.589,27.405
908321245,-1.5269,0.5391,1.8066,-116.743,-147.761,126.709
908334245,-0.8525,0.3789,1.5474,-132.978,-473.322,167.236
908347245,-0.3726,-0.1182,1.0298,-119.367,-445.185,145.508
908360245,-0.2715,-0.2227,0.6196,-25.678,-209.284,90.759
908373245,-0.1992,-0.1685,0.1621,74.175,99.676,-5.554
908386245,-0.4639,-0.0825,0.3711,108.294,315.618,-96.070
908399245,-0.9238,0.0229,0.7612,97.979,330.450,-113.404
908412245,-1.4292,0.2231,1.2051,66.180,143.499,-58.960
908425245,-1.6963,0.3979,1.6133,41.949,-198.420,38.513
908438245,-1.3735,0.3408,1.7461,34.991,-593.622,130.554
908451245,-0.7651,0.1914,1.5591,47.381,-894.953,187.134
908464245,-0.2324,0.0225,1.1157,87.786,-1055.475,198.425
908477245,0.1504,0.0093,0.5962,114.031,-1141.779,171.448
908490245,0.2681,-0.0356,0.3330,139.239,-1230.036,157.348
908503245,0.3701,0.1064,0.2798,147.906,-1380.549,156.982
908516245,0.8247,-0.0303,0.0601,126.605,-1538.630,151.916
908529245,1.2686,-0.0083,-0.6655,105.914,-1560.786,127.441
908542245,1.3745,-0.1357,-1.1123,90.960,-1427.912,102.783
908555245,1.4214,-0.1909,-1.5220,74.114,-1179.804,65.307
908568245,1.3071,-0.0806,-1.6523,37.676,-902.704,8.362
908581245,1.1846,-0.0254,-1.6367,-1.874,-627.924,-24.597
908594245,1.0088,0.0132,-1.5171,-27.753,-345.637,-31.372
908607245,0.8960,0.1636,-1.2256,-61.811,-80.317,-16.052
908620245,0.8232,-0.0269,-0.7974,-80.427,104.009,-2.686
908633245,0.8325,0.0161,-0.4810,-73.163,180.547,16.784
908646245,0.7852,-0.0830,-0.2290,-45.270,147.039,32.593
908659245,0.8276,-0.1147,-0.2012,-10.114,62.933,34.240
908672245,0.9785,-0.1787,-0.4248,30.596,14.532,20.019
908685245,1.0410,-0.1724,-0.6987,67.156,46.026,-2.442
908698245,1.0117,-0.1074,-1.1587,87.603,162.786,-18.921
908711245,0.9731,-0.1035,-1.3843,75.152,369.207,-21.363
908724245,0.9790,-0.1294,-1.3584,47.320,603.948,-27.527
908737245,1.1821,-0.1255,-1.4014,45.062,864.874,-40.711
908750245,1.4033,-0.1479,-1.5903,49.944,1177.618,-63.416
908763245,1.5356,-0.0244,-1.3394,32.061,1509.649,-92.469
908776245,1.6021,-0.0698,-0.7822,-3.339,1762.518,-128.052
908789245,0.9502,0.1851,0.1436,-34.589,1819.647,-147.766
908802245,0.6670,0.2798,0.4243,-88.544,1784.307,-122.193
908815245,0.6450,0.1328,0.8257,-130.048,1725.714,-107.544
908828245,0.2026,0.0122,1.2495,-122.358,1507.635,-91.309
908841245,-0.7847,0.1719,2.0234,-137.311,1001.348,-25.940
908854245,-1.5620,0.2964,2.5830,-173.200,263.250,65.613
908867245,-1.0947,0.5000,2.4541,-132.795,-394.526,154.480
908880245,-0.3271,0.1875,2.0923,-75.300,-721.064,184.692
908893245,0.1025,-0.2266,1.2817,-23.725,-625.910,140.503
908906245,0.0996,-0.3057,0.5669,83.270,-303.034,58.105
908919245,0.0479,-0.2227,-0.0513,179.583,73.797,-67.932
908932245,-0.3394,-0.0254,-0.0161,202.593,337.286,-172.241
908945245,-1.0684,0.2139,0.3828,163.897,390.081,-187.744
908958245,-1.8135,0.4526,0.8105,84.429,244.085,-102.417
908971245,-1.9258,0.4736,0.9497,13.934,8.734,24.353
908984245,-1.5161,0.3662,1.0933,-30.683,-236.201,118.042
908997245,-1.0298,0.2241,1.2705,-52.900,-460.322,153.320
909010245,-0.7383,0.0645,1.2900,-24.763,-616.877,153.198
909023245,-0.4917,-0.0928,1.0391,39.263,-700.129,135.010
909036245,-0.3271,-0.1421,0.7090,96.209,-749.689,118.713
909049245,-0.2651,-0.1108,0.4155,112.567,-785.151,100.158
909062245,-0.2290,-0.0679,0.1646,131.304,-865.961,77.148
909075245,-0.1680,0.0439,-0.0474,145.037,-1028.132,67.383
909088245,0.0586,0.1172,-0.3442,122.332,-1175.287,64.331
909101245,0.4204,-0.0024,-0.8711,94.073,-1210.383,58.716
909114245,0.5771,0.0142,-1.2314,56.964,-1153.437,34.851
909127245,0.6108,-0.0576,-1.2163,14.483,-1091.913,23.315
909140245,0.6050,-0.0391,-1.2090,-20.002,-1009.638,22.278
909153245,0.6387,-0.0552,-1.1294,-55.402,-920.344,26.916
909166245,0.6304,-0.0229,-1.0332,-92.695,-810.419,33.264
909179245,0.6875,-0.0435,-1.0005,-101.728,-667.658,62.866
909192245,0.5449,-0.2485,-1.0220,-89.765,-515.070,73.852
909205245,0.9136,0.0923,-0.9292,-116.682,-321.528,92.041
909218245,1.0337,-0.0483,-0.7456,-138.532,-134.760,85.449
909231245,1.2085,-0.0566,-0.5850,-128.828,23.870,67.383
909244245,1.2402,-0.1470,-0.3037,-79.877,103.460,46.997
909257245,1.1880,-0.2334,-0.1138,-32.331,82.647,24.231
909270245,1.1709,-0.2563,-0.2417,13.140,47.125,-0.061
909283245,1.1709,-0.2046,-0.4985,55.743,57.012,-25.330
909296245,1.1372,-0.1943,-0.7412,79.485,127.752,-51.453
909309245,1.0977,-0.1963,-0.9766,91.082,274.664,-73.548
909322245,0.9893,-0.1948,-1.0186,89.678,443.853,-89.905
909335245,0.9023,-0.1616,-1.0112,82.659,595.831,-101.074
909348245,0.9199,-0.2236,-1.0542,70.452,736.700,-119.812
909361245,1.2627,-0.0039,-1.2495,53.362,915.533,-147.095
909374245,1.2432,-0.1602,-1.2734,34.442,1156.927,-195.862
909387245,1.3843,0.1294,-0.9888,-7.429,1424.261,-246.094
909400245,1.2554,0.1050,-0.2446,-40.143,1623.113,-296.570
909413245,0.6660,0.4072,0.6621,-49.238,1671.453,-322.205
909426245,0.2002,0.2876,1.0835,-32.514,1619.879,-293.579
909439245,-0.0229,0.1377,1.3643,2.703,1531.072,-261.231
909452245,-0.3901,0.0640,1.3530,36.578,1385.137,-216.492
909465245,-0.9106,0.3154,1.6221,15.826,1052.252,-125.061
909478245,-1.5923,0.3799,1.9033,-66.083,466.253,21.362
909491245,-1.4268,0.6655,1.7676,-144.453,-161.494,134.155
909504245,-0.8403,0.5757,1.7559,-165.021,-557.856,173.523
909517245,-0.2783,0.0684,1.4927,-144.208,-638.849,159.973
909530245,-0.2144,-0.0864,1.0352,-39.106,-459.528,104.126
909543245,-0.2041,-0.0010,0.2783,114.825,-149.775,17.151
909556245,-0.4023,0.0889,-0.1523,188.067,164.129,-77.576
909569245,-0.9336,0.1992,0.1987,155.108,320.806,-115.967
909582245,-1.4717,0.2856,0.7036,85.406,253.423,-80.628
909595245,-1.9160,0.4917,1.2290,29.559,-20.258,12.390
909608245,-1.7153,0.5024,1.4331,-11.579,-372.553,124.939
909621245,-1.1406,0.3853,1.2432,-21.039,-629.084,190.918
909634245,-0.6851,0.2300,0.9565,4.778,-741.877,210.327
909647245,-0.4033,0.0195,0.6094,48.174,-756.037,202.636
909660245,-0.3408,-0.0562,0.3350,84.002,-731.745,177.429
909673245,-0.4307,-0.0508,0.2305,118.182,-729.548,149.841
909686245,-0.4175,-0.0034,0.1055,145.526,-793.635,136.535
909699245,-0.2979,0.0474,-0.1318,147.479,-914.301,137.024
909712245,-0.0498,0.0605,-0.4702,133.868,-1007.014,133.545
909725245,0.2427,-0.0151,-0.8071,108.721,-1032.892,122.864
909738245,0.4233,-0.0332,-0.8730,79.119,-1029.536,114.319
909751245,0.6714,-0.0859,-0.9658,41.400,-999.933,92.468
909764245,0.8018,-0.0737,-1.0176,10.577,-951.533,69.031
909777245,0.8218,-0.0601,-0.9009,-10.786,-908.686,56.885
909790245,0.9116,-0.0283,-0.9458,-22.809,-813.837,51.208
909803245,0.9321,-0.0376,-1.0034,-27.570,-674.616,45.471
909816245,0.9595,0.0200,-1.0391,-36.542,-500.605,43.213
909829245,1.0093,0.0361,-1.0884,-51.740,-266.413,46.081
909842245,1.0391,0.0088,-0.9551,-61.140,-23.981,47.546
909855245,1.0586,-0.0005,-0.6265,-65.595,133.245,41.198
909868245,1.1147,-0.0723,-0.4277,-59.736,183.416,35.400
909881245,1.1108,-0.1562,-0.2935,-30.866,158.087,23.376
909894245,1.0576,-0.1797,-0.3213,2.337,98.211,0.915
909907245,1.0498,-0.0977,-0.5815,38.958,89.422,-22.156
909920245,0.9883,-0.2158,-0.8110,72.283,163.763,-42.053
909933245,0.8784,-0.1567,-1.0117,86.871,279.119,-57.556
909946245,0.7466,-0.1167,-1.2393,81.500,422.186,-67.505
909959245,0.6421,-0.0747,-1.3198,53.484,589.056,-68.604
909972245,0.7119,-0.1401,-1.3970,20.526,785.711,-65.796
909985245,0.9194,-0.1494,-1.3569,-0.471,1009.832,-87.158
909998245,1.1084,-0.0454,-1.2046,-14.997,1241.766,-123.719
910011245,0.9707,-0.0386,-0.6963,-14.936,1408.087,-159.424
910024245,0.5327,0.0791,-0.1968,-7.917,1437.811,-168.396
910037245,0.0327,0.2759,0.1431,-15.607,1371.160,-141.236
910050245,-0.1528,0.0757,0.1992,-20.368,1309.271,-120.240
910063245,-0.3501,0.1479,0.4565,-36.359,1233.038,-108.887
910076245,-0.6255,0.0488,0.6968,-54.243,1076.177,-81.360
910089245,-0.9692,0.2197,1.0752,-79.023,799.566,-17.700
910102245,-1.2017,0.1890,1.3770,-115.705,427.313,31.921
910115245,-1.1406,0.1807,1.5342,-113.813,40.106,64.453
910128245,-0.8955,0.1460,1.5317,-77.192,-256.159,82.336
910141245,-0.6304,-0.0068,1.2808,-34.406,-375.239,70.129
910154245,-0.4824,-0.1104,0.8555,28.887,-310.236,33.935
910167245,-0.4653,-0.0547,0.2847,100.787,-126.948,-13.733
910180245,-0.5845,-0.0024,0.0396,124.957,74.713,-69.153
910193245,-0.9375,0.0806,0.1187,117.571,173.406,-96.497
910206245,-1.4238,0.2021,0.5586,88.030,89.544,-65.735
910219245,-1.8618,0.3369,1.0488,37.310,-192.133,10.010
910232245,-1.4580,0.2954,0.8599,0.933,-479.487,94.543
910245245,-1.0117,0.1528,0.5356,-3.461,-620.844,123.413
910258245,-0.7671,-0.0195,0.2524,8.074,-653.437,116.394
910271245,-0.8433,0.0034,0.2471,20.403,-688.959,103.698
910284245,-0.8481,-0.0586,0.1172,28.216,-744.135,107.727
910297245,-0.9614,0.0244,0.1533,24.981,-830.134,112.915
910310245,-0.8643,0.0103,0.1226,20.342,-957.087,131.042
910323245,-0.5361,0.0244,-0.1187,30.291,-1078.608,159.546
910336245,-0.2085,-0.0254,-0.4019,30.291,-1137.690,174.011
910349245,0.0918,-0.0352,-0.6265,5.999,-1125.483,182.922
910362245,0.3818,-0.1387,-0.7480,-18.110,-1036.677,185.547
910375245,0.4995,-0.0303,-0.7046,-50.458,-943.903,181.335
910388245,0.6953,-0.0391,-0.7314,-67.975,-838.679,187.866
910401245,0.7661,-0.0664,-0.7129,-72.065,-716.486,182.190
910414245,1.0049,-0.0195,-0.8027,-78.474,-568.232,169.494
910427245,1.2148,-0.0303,-0.8794,-86.530,-356.318,139.160
910440245,1.3281,-0.0801,-0.8633,-84.089,-126.032,87.280
910453245,1.3901,-0.1289,-0.6821,-63.215,55.547,21.972
910466245,1.2490,-0.1719,-0.4644,-33.674,144.354,-27.832
910479245,1.1196,-0.1621,-0.4463,4.351,166.021,-54.810
910492245,1.0142,-0.1211,-0.6348,51.104,202.886,-72.083
910505245,0.9482,-0.1304,-0.8862,84.002,268.438,-84.229
910518245,0.8184,-0.0537,-1.1826,84.551,369.207,-76.782
910531245,0.7734,-0.1416,-1.2471,54.827,508.123,-69.275
910544245,0.9067,-0.2183,-1.3115,22.723,659.429,-76.477
910557245,1.0762,-0.2017,-1.3770,-1.203,814.153,-111.695
910570245,1.1841,-0.1313,-1.4058,-35.932,968.328,-157.959
910583245,0.9922,0.0078,-1.2134,-64.069,1095.709,-191.284
910596245,0.7207,0.0869,-0.9111,-88.849,1159.857,-191.406
910609245,0.3188,0.2305,-0.6172,-118.024,1181.524,-168.152
910622245,0.1035,0.1470,-0.3379,-148.542,1194.402,-137.696
910635245,0.1284,0.0864,-0.0405,-185.590,1202.703,-119.019
910648245,0.0503,0.0825,0.4502,-215.375,1157.476,-108.460
910661245,-0.0532,0.0195,0.8560,-222.028,1026.495,-96.497
910674245,-0.3008,0.1094,1.2886,-207.868,814.703,-78.430
910687245,-0.6074,-0.0010,1.7466,-182.172,523.138,-59.204
910700245,-0.7842,-0.0166,1.8921,-113.996,204.107,-30.640
910713245,-0.8433,0.0103,1.8271,-35.383,-44.855,-7.019
910726245,-0.7271,-0.0273,1.3784,44.573,-157.831,0.976
910739245,-0.6523,0.0332,0.7529,90.289,-148.798,-11.719
910752245,-0.7788,0.0698,0.3784,93.340,-82.514,-35.218
910765245,-1.0693,0.0718,0.4395,74.481,-66.828,-37.842
910778245,-1.3730,0.1274,0.7710,69.354,-175.287,-6.287
910791245,-1.4390,0.1265,0.9673,77.654,-385.981,47.485
910804245,-1.2671,0.1631,0.9683,97.247,-628.962,109.863
910817245,-0.8882,0.0742,0.7437,109.698,-811.030,150.573
910830245,-0.5952,0.0352,0.6128,109.942,-945.734,166.809
910843245,-0.2993,-0.0610,0.4194,124.041,-1048.640,167.846
910856245,-0.1724,-0.0576,0.2217,155.291,-1123.408,168.518
910869245,0.0176,-0.0244,-0.1406,176.104,-1173.090,170.898
910882245,0.1357,0.0176,-0.6265,178.912,-1163.141,167.175
910895245,0.3428,-0.0117,-0.9614,139.239,-1104.853,163.635
910908245,0.5249,-0.0566,-1.0801,81.011,-1007.807,149.902
910921245,0.7871,-0.0566,-1.1421,48.174,-904.963,142.334
910934245,1.0000,-0.0688,-1.1719,10.516,-783.625,117.859
910947245,1.0601,-0.0288,-1.0869,-4.499,-666.559,91.064
910960245,1.0347,-0.0532,-0.8926,-7.978,-555.292,72.693
910973245,1.0679,-0.0195,-0.8813,-22.382,-419.794,60.241
910986245,1.0718,-0.0210,-0.9165,-27.570,-250.605,40.710
910999245,1.0986,0.0312,-0.8423,-26.288,-79.951,27.466
911012245,1.0435,-0.0283,-0.6235,-19.453,45.782,16.174
911025245,0.9517,-0.0688,-0.4404,-3.950,97.296,8.972
911038245,0.9180,-0.0854,-0.4790,22.845,113.836,1.526
911051245,0.9282,-0.0962,-0.6187,47.930,138.067,-9.888
911064245,0.9229,-0.0830,-0.7729,58.978,189.520,-22.034
911077245,0.8818,-0.0933,-0.9697,63.799,270.880,-32.166
911090245,0.8545,-0.0806,-1.1597,51.653,378.607,-36.804
911103245,0.8398,-0.1206,-1.2920,20.892,515.630,-38.880
911116245,0.8921,-0.0786,-1.2969,-10.908,660.711,-52.490
911129245,0.9365,-0.0405,-1.2422,-28.852,810.980,-69.031
911142245,0.8975,-0.0303,-1.1655,-30.805,947.881,-83.802
911155245,0.7993,-0.0059,-1.0776,-26.288,1061.712,-90.332
911168245,0.5732,0.0308,-0.9551,-41.059,1146.734,-96.253
911181245,0.3262,0.0942,-0.8091,-67.609,1200.994,-94.239
911194245,0.1309,0.1113,-0.5825,-108.808,1231.756,-75.501
911207245,-0.0796,0.1455,-0.1309,-157.026,1226.629,-63.721
911220245,-0.2271,0.0703,0.3257,-177.289,1164.007,-40.650
911233245,-0.3213,-0.0464,0.5664,-171.674,1035.162,-17.212
911246245,-0.5356,0.0522,0.9385,-181.806,818.365,-2.808
911259245,-0.8101,0.0200,1.4160,-187.421,494.024,9.399
911272245,-1.0000,-0.0024,1.7197,-142.194,144.598,29.052
911285245,-0.9932,-0.0503,1.7207,-57.783,-119.929,50.781
911298245,-0.8706,-0.0757,1.3398,25.591,-236.506,60.241
911311245,-0.7305,-0.0654,0.8906,76.068,-239.374,50.049
911324245,-0.6699,-0.0815,0.4614,97.247,-187.678,24.719
911337245,-0.8740,-0.0615,0.3926,92.608,-163.325,3.296
911350245,-1.1504,-0.0166,0.6006,92.547,-251.642,15.136
911363245,-1.3071,0.0562,0.6973,96.942,-432.429,47.851
911376245,-1.1201,0.0513,0.5303,111.895,-632.441,90.454
911389245,-0.8154,-0.0068,0.3521,116.778,-809.870,114.319
911402245,-0.5479,-0.0015,0.2109,111.224,-944.819,118.591
911415245,-0.2861,-0.0967,0.0352,121.722,-1025.690,118.286
911428245,-0.0859,-0.1211,-0.2075,139.910,-1063.349,111.145
911441245,0.0166,-0.1553,-0.4536,150.469,-1067.499,97.168
911454245,0.1196,-0.0483,-0.8584,142.413,-1047.846,89.966
911467245,0.1729,-0.0742,-1.0322,101.275,-996.454,83.191
911480245,0.4033,-0.0991,-1.1875,58.672,-922.724,89.233
911493245,0.5483,-0.0215,-1.2373,12.286,-815.851,90.332
911506245,0.6772,-0.0864,-1.1992,-14.570,-687.922,92.163
911519245,0.7861,-0.0723,-1.1895,-25.007,-535.395,78.247
911532245,0.8511,-0.1279,-1.1631,-35.383,-377.802,52.856
911545245,0.9092,-0.0718,-1.1309,-47.773,-220.820,26.672
911558245,0.8579,-0.0522,-0.9390,-53.083,-106.074,7.568
911571245,0.8359,-0.0205,-0.7954,-59.858,-33.320,2.319
911584245,0.8262,-0.0278,-0.7339,-57.233,10.198,-1.038
911597245,0.8589,-0.0908,-0.7246,-51.923,22.772,-4.273
911610245,0.8984,-0.1099,-0.8164,-52.473,25.701,-11.780
911623245,0.9111,-0.1230,-0.9141,-54.670,41.509,-20.508
911636245,0.9580,-0.1528,-1.0737,-68.708,74.285,-31.555
911649245,0.9980,-0.2114,-1.1636,-98.066,108.038,-46.997
911662245,1.0396,-0.2534,-1.2046,-132.551,133.734,-64.514
911675245,1.0430,-0.2998,-1.1602,-162.336,133.062,-86.670
911688245,0.9829,-0.2822,-1.0942,-178.205,109.564,-110.596
911701245,0.8252,-0.2642,-0.9360,-186.811,74.102,-123.230
911714245,0.7153,-0.2690,-0.8750,-180.768,42.791,-129.517
911727245,0.6494,-0.1943,-0.8804,-185.468,22.833,-130.371
911740245,0.5410,-0.0781,-0.7153,-213.544,23.748,-130.249
911753245,0.4355,0.1299,-0.4526,-235.944,49.749,-129.334
911766245,0.3545,0.2358,-0.0894,-238.813,70.379,-136.475
911779245,0.2822,0.2583,0.2729,-225.690,56.585,-134.827
911792245,0.1821,0.1587,0.5132,-189.191,17.034,-114.197
911805245,0.0874,-0.0156,0.5420,-127.363,-31.611,-82.947
911818245,-0.0059,-0.3164,0.4150,-52.289,-70.124,-37.720
911831245,0.1426,-0.6357,-0.1118,26.873,-62.556,0.427
911844245,0.3379,-1.0430,-0.8184,93.646,-21.357,-2.503
911857245,0.4687,-1.3984,-1.2295,84.002,27.838,-28.198
911870245,0.5112,-1.6504,-1.4165,13.384,35.345,-65.430
911883245,0.4023,-1.8481,-1.4692,-22.504,17.523,-71.594
911896245,0.3857,-1.9092,-1.5239,-33.185,-3.962,-54.688
911909245,0.4048,-1.8960,-1.6489,-53.327,-11.530,-47.180
911922245,0.4873,-1.7720,-1.4609,-89.582,-21.052,-53.284
911935245,0.5415,-1.6177,-1.3062,-118.757,-17.023,-59.693
911948245,0.5078,-1.3569,-1.0811,-132.551,-15.436,-69.641
911961245,0.4595,-1.0801,-0.8394,-143.903,-19.709,-71.289
911974245,0.4648,-0.8076,-0.6489,-146.528,-2.619,-72.937
911987245,0.4341,-0.5293,-0.3789,-149.152,9.466,-78.247
912000245,0.4624,-0.1650,-0.2764,-144.697,24.420,-78.430
912013245,0.4517,-0.1362,-0.0908,-112.958,54.998,-89.966
912026245,0.4194,0.2178,0.0801,-99.958,67.022,-106.262
912039245,0.2822,0.2676,0.2905,-72.004,46.758,-117.249
912052245,0.1328,0.6050,0.3608,-49.116,33.453,-107.544
912065245,0.0059,0.4268,0.4219,-3.400,36.688,-89.478
912078245,-0.0332,0.5249,0.3853,43.902,39.922,-71.045
912091245,-0.0757,0.2187,0.2095,80.645,39.617,-51.697
912104245,-0.1567,-0.0137,-0.0112,106.463,52.068,-44.495
912117245,-0.1885,-0.2617,-0.1885,107.440,45.233,-27.344
912130245,-0.1294,-0.5044,-0.2983,101.092,33.453,-11.414
912143245,-0.1738,-1.0181,-0.6050,110.552,25.579,2.624
912156245,-0.0229,-1.3711,-0.9775,131.915,51.153,-7.691
912169245,0.1274,-1.6978,-1.2974,126.238,96.502,-32.715
912182245,0.0615,-1.9546,-1.4160,78.326,102.789,-58.838
912195245,-0.0850,-2.0884,-1.4160,12.774,70.562,-51.880
912208245,-0.1963,-2.1938,-1.4233,-24.946,36.566,-29.602
912221245,-0.2324,-2.1909,-1.4136,-41.913,16.851,-14.160
912234245,-0.2822,-2.0205,-1.3311,-57.722,9.283,-12.940
912247245,-0.3149,-1.7881,-1.2231,-93.854,4.522,2.685
912260245,-0.2930,-1.5459,-1.0542,-132.795,9.466,17.334
912273245,-0.2480,-1.3379,-0.8735,-154.767,6.475,30.700
912286245,-0.1157,-1.0610,-0.7212,-164.533,4.888,38.513
912299245,0.0034,-0.7402,-0.4712,-170.453,-6.403,35.461
912312245,0.0781,-0.4907,-0.2700,-161.298,-17.084,32.654
912325245,0.2295,-0.2568,-0.2510,-135.297,-1.703,20.080
912338245,0.3237,-0.0669,-0.0547,-115.400,21.734,-11.963
912351245,0.3218,0.1807,0.1729,-96.479,34.612,-37.842
912364245,0.2817,0.4180,0.3125,-59.980,40.533,-47.730
912377245,0.2339,0.5601,0.4678,-14.570,40.045,-48.706
912390245,0.1001,0.6455,0.6079,25.164,25.152,-34.058
912403245,0.0063,0.5723,0.5449,68.621,0.005,-6.226
912416245,-0.0103,0.3516,0.3403,109.088,-15.620,16.540
912429245,0.0210,0.0493,-0.0405,140.765,-16.657,26.245
912442245,0.0547,-0.2886,-0.2705,150.958,-3.779,30.945
912455245,0.1191,-0.5210,-0.4082,129.290,8.917,38.391
912468245,0.1558,-1.0474,-0.6714,142.535,-5.488,33.447
912481245,0.2231,-1.4917,-1.0156,160.540,-7.319,23.559
912494245,0.2349,-1.8882,-1.1973,154.131,-16.779,12.024
912507245,0.1606,-2.2012,-1.4067,107.440,-32.526,-2.259
912520245,0.0679,-2.4492,-1.6245,62.396,-31.489,-22.705
912533245,-0.0518,-2.4888,-1.7759,27.239,-32.343,-36.865
912546245,-0.2881,-2.3652,-1.6851,-22.504,-27.582,-43.701
912559245,-0.5103,-2.1533,-1.5776,-69.135,-29.963,-34.851
912572245,-0.6040,-1.8228,-1.3687,-91.474,-42.475,-2.381
912585245,-0.6323,-1.4678,-1.1621,-107.160,-59.870,42.724
912598245,-0.5190,-1.1011,-0.9282,-134.565,-84.040,85.266
912611245,-0.3047,-0.8428,-0.7476,-154.279,-90.204,109.863
912624245,-0.0415,-0.5718,-0.4746,-166.059,-77.753,106.933
912637245,0.1025,-0.2168,-0.1567,-173.261,-73.176,96.863
912650245,0.2437,0.1230,0.2148,-165.266,-59.687,85.998
912663245,0.3936,0.3735,0.5469,-132.123,-34.235,62.439
912676245,0.4873,0.5615,0.7773,-79.511,-26.789,41.504
912689245,0.4585,0.6821,0.8179,-18.537,-22.944,26.245
912702245,0.3804,0.7305,0.8096,39.568,-24.286,23.559
912715245,0.3472,0.6353,0.6577,92.425,-40.705,34.790
912728245,0.3628,0.4536,0.3862,128.314,-60.175,47.973
912741245,0.4312,0.0630,0.0879,144.915,-61.823,54.565
912754245,0.4360,-0.1968,-0.2451,144.549,-73.664,67.077
912767245,0.2891,-0.6909,-0.4922,132.220,-104.792,83.740
912780245,0.4092,-1.0591,-0.7598,130.267,-144.099,107.361
912793245,0.6172,-1.5283,-0.9995,142.596,-156.122,118.286
912806245,0.8125,-1.9878,-1.3208,138.140,-159.662,101.013
912819245,0.8379,-2.3071,-1.5313,88.336,-129.633,70.556
912832245,0.8096,-2.4424,-1.6382,22.784,-110.163,32.287
912845245,0.7407,-2.5107,-1.6714,-29.523,-107.661,23.865
912858245,0.6621,-2.4844,-1.7295,-75.544,-119.929,25.757
912871245,0.6299,-2.1572,-1.5889,-117.109,-153.132,41.382
912884245,0.4502,-1.7754,-1.3242,-159.101,-194.514,68.542
912897245,0.3535,-1.3696,-0.9546,-210.309,-215.693,93.933
912910245,0.4829,-0.8228,-0.5088,-251.447,-197.199,89.782
912923245,0.4585,-0.2109,0.0513,-257.123,-167.597,71.350
912936245,0.4214,0.1396,0.4438,-226.911,-143.061,50.110
912949245,0.2725,0.6191,0.7417,-189.985,-113.703,41.321
912962245,0.1860,0.6450,1.0464,-119.062,-96.674,39.490
912975245,0.1064,1.0420,1.1631,-46.247,-74.091,48.828
912988245,0.0967,1.0225,1.1504,35.418,-62.250,59.204
913001245,0.2051,0.9419,0.9229,98.895,-40.766,64.026
913014245,0.3140,0.6445,0.6035,159.991,-6.586,63.781
913027245,0.4565,0.3267,0.3760,191.607,25.030,60.119
913040245,0.6104,-0.0317,0.0742,170.428,38.458,69.641
913053245,0.7217,-0.4761,-0.1675,169.879,23.626,67.810
913066245,0.8750,-0.9141,-0.4346,170.001,10.565,52.551
913079245,1.0024,-1.4180,-0.6514,182.391,2.508,33.935
913092245,1.1655,-1.7979,-0.9507,180.255,8.367,17.395
913105245,1.0981,-2.1821,-1.2007,139.788,19.293,-24.781
913118245,1.0884,-2.4238,-1.4053,102.801,21.551,-59.998
913131245,0.9751,-2.5215,-1.5532,41.033,26.861,-79.834
913144245,0.7695,-2.4722,-1.6338,-7.795,28.692,-93.018
913157245,0.4829,-2.1768,-1.5737,-59.919,9.954,-85.083
913170245,0.3145,-1.8721,-1.4321,-124.433,1.653,-58.960
913183245,0.2368,-1.3901,-1.1553,-188.764,-12.324,-24.292
913196245,0.2617,-0.8940,-0.7822,-232.526,-34.540,11.902
913209245,0.3843,-0.3750,-0.3125,-270.368,-52.485,42.236
913222245,0.5122,0.1694,0.2227,-303.449,-55.659,47.302
913235245,0.4980,0.6753,0.7954,-275.861,-47.358,40.832
913248245,0.5513,1.0898,1.1182,-200.666,-23.920,29.358
913261245,0.4727,1.4146,1.4160,-109.724,-2.253,23.254
913274245,0.3574,1.5200,1.4614,-9.443,10.076,25.879
913287245,0.3525,1.3994,1.3145,83.209,21.307,39.306
913300245,0.4653,1.0752,1.0132,151.263,26.434,58.044
913313245,0.5820,0.6841,0.7290,185.443,2.081,73.181
913326245,0.6089,0.0376,0.2710,167.193,-11.408,102.539
913339245,0.8794,-0.4131,-0.0674,167.925,-28.132,111.084
913352245,1.1284,-1.0889,-0.4243,173.113,-32.770,94.787
913365245,1.3511,-1.5566,-0.6284,183.306,-32.770,77.026
913378245,1.3896,-2.1572,-1.0020,166.155,-33.747,32.165
913391245,1.4502,-2.4609,-1.3530,139.971,-5.060,-23.865
913404245,1.3032,-2.7061,-1.7271,75.579,51.763,-77.515
913417245,0.9819,-2.5952,-1.5527,16.680,39.861,-90.027
913430245,0.7144,-2.4150,-1.5732,-42.707,-1.398,-66.284
913443245,0.5049,-1.9868,-1.4331,-93.854,-23.676,-41.077
913456245,0.3735,-1.5088,-1.2021,-157.087,-30.634,-15.625
913469245,0.3911,-0.9580,-0.8691,-228.132,-24.470,1.953
913482245,0.4604,-0.3818,-0.3184,-256.452,-17.145,10.986
913495245,0.5747,0.2446,0.3071,-253.034,-10.126,17.212
913508245,0.6294,0.6729,0.8247,-225.873,-8.600,13.672
913521245,0.6094,1.0698,1.1592,-154.890,-9.943,15.014
913534245,0.5352,1.4077,1.4600,-75.483,-5.427,15.381
913547245,0.4048,1.5811,1.5835,7.647,4.217,16.784
913560245,0.3726,1.5161,1.5073,89.312,15.814,28.930
913573245,0.3848,1.2588,1.3203,149.859,20.818,44.006
913586245,0.5195,0.9521,1.0498,172.320,4.400,67.627
913599245,0.6255,0.2363,0.4673,193.011,-20.197,86.792
913612245,0.8770,-0.3853,0.0107,218.890,-33.503,103.943
913625245,1.2539,-1.0264,-0.4023,233.660,-34.296,96.740
913638245,1.4941,-1.6836,-0.7944,229.144,-21.967,39.795
913651245,1.5024,-2.4609,-1.2964,158.221,20.208,-42.237
913664245,1.5566,-2.4893,-1.4282,162.249,29.241,-73.731
913677245,1.2891,-2.7422,-1.7559,126.910,37.420,-95.032
913690245,0.9565,-2.4995,-1.8970,64.166,30.828,-108.216
913703245,0.5293,-2.2378,-1.8364,-12.678,12.274,-97.840
913716245,0.3779,-1.8691,-1.6514,-84.943,-5.854,-50.354
913729245,0.2109,-1.3813,-1.3799,-149.702,-12.690,-16.297
913742245,0.2153,-0.8877,-0.9248,-218.793,-18.000,0.610
913755245,0.3423,-0.4629,-0.4731,-261.518,-1.948,3.601
913768245,0.4814,0.0747,0.0117,-259.382,10.137,5.371
913781245,0.3828,0.5811,0.4951,-244.367,-2.070,20.752
913794245,0.3994,1.0732,0.8926,-203.901,-7.136,48.095
913807245,0.4780,1.3960,1.3301,-143.171,-2.070,58.288
913820245,0.5210,1.5596,1.5098,-59.980,12.457,55.115
913833245,0.5376,1.5088,1.5288,33.648,29.608,54.077
913846245,0.6279,1.1704,1.3296,108.233,31.194,61.889
913859245,0.8154,0.7241,0.9688,162.921,25.884,68.481
913872245,0.8848,0.0518,0.4624,174.883,25.335,68.908
913885245,1.0625,-0.3794,0.0693,203.082,12.579,58.960
913898245,1.1206,-0.9063,-0.3101,211.505,8.856,51.208
913911245,1.3330,-1.3804,-0.6880,206.988,6.964,36.499
913924245,1.4111,-1.9272,-1.0410,164.263,16.119,-9.583
913937245,1.5459,-2.2905,-1.3281,112.078,32.232,-55.603
913950245,1.3770,-2.4365,-1.5073,109.942,29.791,-78.552
913963245,1.1016,-2.4819,-1.7178,68.194,44.256,-99.182
913976245,0.7720,-2.2393,-1.7554,1.238,55.425,-110.657
913989245,0.4624,-1.9629,-1.6792,-56.745,47.247,-95.764
914002245,0.2793,-1.4585,-1.3877,-127.546,34.429,-53.284
914015245,0.2153,-0.9814,-1.0303,-217.023,15.447,-8.362
914028245,0.3604,-0.4292,-0.5298,-270.734,0.677,18.921
914041245,0.5171,0.1279,0.0151,-301.862,-12.690,35.400
914054245,0.6587,0.6772,0.6489,-296.491,-19.099,38.452
914067245,0.7803,1.2446,1.1846,-223.615,-8.478,22.156
914080245,0.6963,1.6313,1.5522,-112.531,8.611,4.638
914093245,0.5220,1.8735,1.6343,-3.339,30.828,-1.099
914106245,0.3926,1.7524,1.6191,83.514,55.853,0.671
914119245,0.4116,1.4253,1.3350,156.268,48.040,23.803
914132245,0.5146,0.8477,0.8564,202.532,20.757,53.833
914145245,0.6826,0.1128,0.2563,191.851,2.691,81.238
914158245,0.9912,-0.4609,-0.2129,207.293,-14.094,83.130
914171245,1.2363,-1.1323,-0.6060,212.054,-17.328,74.096
914184245,1.4785,-1.7808,-0.9756,201.373,-14.765,44.189
914197245,1.6597,-2.3018,-1.3066,183.489,-4.206,-16.541
914210245,1.6577,-2.6538,-1.7720,117.877,24.481,-94.849
914223245,1.3755,-2.7124,-1.8760,80.767,42.303,-130.249
914236245,0.9316,-2.6499,-2.0254,45.550,48.956,-143.189
914249245,0.5547,-2.3032,-2.0186,-22.932,40.960,-133.850
914262245,0.1729,-1.7754,-1.7686,-114.301,19.232,-83.740
914275245,0.0654,-1.1191,-1.2637,-221.296,1.653,-30.701
914288245,0.1943,-0.4600,-0.5332,-298.749,-20.869,15.686
914301245,0.5156,0.2603,0.2744,-316.877,-52.668,37.903
914314245,0.7065,0.7969,0.8296,-273.664,-53.828,42.419
914327245,0.7563,1.2622,1.3032,-184.247,-25.568,23.498
914340245,0.6621,1.5757,1.5923,-75.178,1.409,-3.418
914353245,0.4321,1.6660,1.6597,24.859,22.955,-7.691
914366245,0.3052,1.4844,1.4761,101.275,24.481,17.456
914379245,0.3857,1.0737,1.1313,147.112,18.316,52.246
914392245,0.5337,0.4761,0.6460,154.620,5.804,77.942
914405245,0.8101,-0.0815,0.1440,180.316,-8.051,81.726
914418245,0.9897,-0.7300,-0.3042,188.555,-11.103,75.073
914431245,1.2578,-1.2876,-0.6313,184.832,-17.390,57.800
914444245,1.4019,-1.8809,-1.0679,169.146,-12.079,22.522
914457245,1.5020,-2.3252,-1.3818,144.793,5.560,-36.438
914470245,1.4980,-2.6353,-1.7856,97.125,37.786,-91.004
914483245,1.1772,-2.6357,-1.8203,61.541,48.406,-115.906
914496245,0.8208,-2.5181,-1.9028,4.595,41.448,-128.052
914509245,0.5225,-2.1836,-1.8223,-52.778,27.227,-108.338
914522245,0.3442,-1.6729,-1.5820,-131.025,15.569,-75.867
914535245,0.2139,-1.0244,-1.1040,-229.291,-0.910,-35.645
914548245,0.3345,-0.3604,-0.5132,-283.185,-23.005,6.775
914561245,0.5435,0.4048,0.3716,-294.172,-44.550,34.546
914574245,0.6221,0.9644,1.0161,-268.598,-59.199,35.034
914587245,0.5762,1.4253,1.4917,-162.275,-61.213,18.738
914600245,0.4067,1.7578,1.6572,-49.970,-57.429,7.995
914613245,0.1865,1.7852,1.7720,38.226,-64.570,27.893
914626245,0.0464,1.4912,1.2720,86.993,-88.984,62.378
914639245,0.2754,0.9253,1.0386,133.257,-73.969,120.727
914652245,0.5630,0.4917,0.5454,145.892,-22.028,157.043
914665245,0.9063,-0.1436,0.1411,174.639,-2.253,141.540
914678245,1.1943,-0.7090,-0.1738,184.222,16.241,111.877
914691245,1.3809,-1.1948,-0.4160,185.381,2.447,78.796
914704245,1.5151,-1.7363,-0.6670,179.766,-23.798,42.602
914717245,1.6943,-2.2275,-1.2202,123.431,-9.577,-19.776
914730245,1.6577,-2.4629,-1.4673,111.956,8.734,-48.401
914743245,1.5171,-2.6646,-1.7363,94.683,26.190,-76.111
914756245,1.2388,-2.5215,-1.8687,25.591,44.927,-109.009
914769245,0.8643,-2.2490,-1.7656,-47.590,28.570,-107.605
914782245,0.6162,-1.7544,-1.5352,-100.080,-2.924,-83.802
914795245,0.5088,-1.2871,-1.1255,-184.247,-17.573,-59.082
914808245,0.5620,-0.7095,-0.6323,-255.536,-23.371,-41.931
914821245,0.6992,-0.1089,0.0024,-269.819,-26.545,-31.433
914834245,0.6616,0.4424,0.6572,-253.889,-33.137,-26.978
914847245,0.5068,0.9937,1.0859,-186.262,-25.812,-30.396
914860245,0.2642,1.4063,1.4951,-111.127,-13.056,-28.076
914873245,0.0435,1.6802,1.6992,-37.641,-2.070,-6.409
914886245,-0.1587,1.7778,1.7515,37.432,17.462,22.094
914899245,-0.1001,1.5776,1.5962,104.144,29.974,55.420
914912245,0.0610,1.2080,1.2207,155.108,27.227,84.839
914925245,0.4062,0.6533,0.6919,190.508,19.415,110.473
914938245,0.6909,-0.1250,0.0972,181.536,16.973,122.925
914951245,1.1123,-0.7666,-0.3701,188.738,12.640,117.248
914964245,1.5229,-1.4668,-0.7227,187.335,9.344,91.247
914977245,1.7891,-2.1812,-1.1724,190.020,12.213,38.086
914990245,1.9541,-2.6230,-1.6250,142.352,51.031,-46.387
915003245,1.7124,-2.8003,-1.7354,120.745,70.806,-95.825
915016245,1.3608,-2.8184,-1.9429,78.326,61.163,-111.634
915029245,1.0176,-2.5376,-2.0483,-0.959,54.510,-121.704
915042245,0.6494,-2.1646,-1.8882,-76.459,29.730,-103.333
915055245,0.5244,-1.5513,-1.4785,-164.899,5.010,-65.369
915068245,0.4937,-0.9595,-0.8960,-247.785,-24.653,-33.264
915081245,0.6484,-0.3521,-0.2578,-281.721,-39.545,-19.287
915094245,0.7959,0.2031,0.3848,-272.443,-44.550,-16.297
915107245,0.7124,0.6982,0.7959,-216.779,-45.893,-27.954
915120245,0.4746,1.1997,1.0840,-140.729,-19.343,-39.002
915133245,0.1553,1.5596,1.4551,-77.558,4.644,-32.105
915146245,-0.0913,1.7114,1.6343,-10.053,7.879,-1.648
915159245,-0.1299,1.6099,1.5962,52.569,4.949,41.992
915172245,0.0093,1.2437,1.3335,103.289,5.255,75.256
915185245,0.2959,0.7573,0.9023,144.427,9.710,95.031
915198245,0.5977,0.2065,0.4517,168.414,11.663,100.647
915211245,0.7603,-0.4692,-0.0752,158.648,26.800,101.318
915224245,1.0786,-0.9136,-0.3740,164.263,12.884,92.285
915237245,1.4082,-1.5161,-0.7603,165.179,4.705,70.312
915250245,1.5313,-2.0381,-1.1040,156.695,11.358,33.325
915263245,1.6196,-2.3936,-1.3403,130.999,20.880,-23.377
915276245,1.5195,-2.6323,-1.6738,79.302,57.073,-76.233
915289245,1.2158,-2.5898,-1.6943,52.081,69.647,-99.365
915302245,0.8999,-2.4111,-1.7764,-7.245,61.773,-107.239
915315245,0.6602,-1.9785,-1.7075,-69.623,41.815,-89.478
915328245,0.4150,-1.5225,-1.3628,-163.984,15.753,-43.946
915341245,0.4492,-1.0010,-0.9224,-243.879,-16.718,-8.789
915354245,0.5737,-0.5298,-0.3496,-274.641,-44.550,6.836
915367245,0.7988,-0.0586,0.1880,-263.471,-54.743,11.535
915380245,0.8950,0.4009,0.5112,-230.329,-35.700,-9.766
915393245,0.7134,0.8755,0.8711,-169.721,-12.690,-32.532
915406245,0.4170,1.2896,1.2358,-108.015,6.414,-33.570
915419245,0.1235,1.5811,1.4995,-49.665,3.423,-6.104
915432245,-0.0103,1.6567,1.5903,6.304,-7.380,41.321
915445245,0.0903,1.4150,1.4673,65.020,-7.441,77.392
915458245,0.3052,1.0767,1.1401,122.576,8.978,91.247
915471245,0.5327,0.5405,0.8008,161.944,25.091,89.477
915484245,0.7144,-0.0601,0.3325,168.475,34.673,94.421
915497245,1.0151,-0.5015,-0.0332,181.414,14.654,90.942
915510245,1.2856,-1.1484,-0.4951,189.410,0.067,84.900
915523245,1.5137,-1.7510,-0.8721,180.132,-3.351,61.706
915536245,1.6455,-2.3052,-1.2456,179.095,5.071,7.751
915549245,1.6943,-2.6509,-1.5820,128.619,34.734,-63.416
915562245,1.4487,-2.7339,-1.7622,84.490,57.806,-109.497
915575245,1.0488,-2.6372,-1.8730,43.414,53.045,-121.704
915588245,0.6904,-2.3232,-1.9419,-31.171,40.533,-113.770
915601245,0.4131,-1.8726,-1.7964,-112.287,27.166,-85.999
915614245,0.2949,-1.3071,-1.3540,-210.493,8.611,-36.804
915627245,0.3892,-0.7959,-0.8550,-282.331,-11.225,-3.662
915640245,0.6528,-0.2705,-0.2319,-302.717,-17.817,5.005
915653245,0.7939,0.2266,0.3950,-283.124,-24.775,6.836
915666245,0.7861,0.6914,0.8208,-231.550,-18.183,-8.423
915679245,0.6675,1.2251,1.1001,-151.594,1.898,-24.536
915692245,0.4126,1.5996,1.4541,-78.168,20.147,-22.095
915705245,0.2114,1.8018,1.6807,-12.250,20.269,8.117
915718245,0.2432,1.6592,1.6792,52.386,12.640,44.861
915731245,0.3604,1.3521,1.4019,110.858,6.780,65.490
915744245,0.5283,0.8359,1.0518,155.535,8.062,75.866
915757245,0.7725,0.3101,0.5361,168.780,18.560,86.548
915770245,0.9443,-0.3447,0.1045,187.518,13.922,78.857
915783245,1.1919,-1.0571,-0.3638,195.635,-0.788,68.420
915796245,1.3711,-1.6611,-0.7573,192.767,-16.352,49.255
915809245,1.4663,-2.2427,-1.1675,183.489,-10.859,9.277
915822245,1.4175,-2.5469,-1.5249,164.691,5.987,-46.814
915835245,1.1870,-2.6665,-1.7529,91.387,23.870,-93.750
915848245,0.8794,-2.6313,-1.8706,22.296,28.631,-103.394
915861245,0.5615,-2.3994,-1.9512,-32.087,14.227,-85.877
915874245,0.3887,-1.9849,-1.8501,-122.480,14.105,-60.608
915887245,0.1875,-1.4102,-1.4741,-218.427,8.672,-27.100
915900245,0.1953,-0.8306,-0.9688,-288.679,-20.869,21.240
915913245,0.4097,-0.2246,-0.3892,-324.872,-36.921,49.011
915926245,0.6187,0.3564,0.2974,-322.065,-36.127,57.617
915939245,0.6670,0.8662,0.8613,-283.002,-26.911,50.537
915952245,0.6802,1.3472,1.2446,-197.004,-10.248,34.363
915965245,0.5815,1.6802,1.5605,-107.709,7.757,23.010
915978245,0.4385,1.8242,1.6572,-20.002,14.532,32.104
915991245,0.4038,1.6304,1.5957,60.198,9.039,54.382
916004245,0.4951,1.2915,1.3477,118.121,-7.136,75.500
916017245,0.5986,0.8599,1.0054,159.930,-10.859,87.829
916030245,0.6968,0.2285,0.5093,164.691,-6.159,101.440
916043245,0.9746,-0.2334,0.1523,174.273,-12.018,100.525
916056245,1.2144,-0.9146,-0.1323,173.113,-25.507,98.694
916069245,1.5166,-1.5786,-0.5015,177.020,-34.052,67.688
916082245,1.6782,-2.1885,-0.9995,193.011,-20.075,16.052
916095245,1.7627,-2.4961,-1.3042,151.690,19.842,-64.636
916108245,1.4370,-2.7432,-1.5356,93.524,51.275,-115.845
916121245,1.0347,-2.6235,-1.6919,48.358,47.674,-116.638
916134245,0.6235,-2.4028,-1.8008,-24.274,30.035,-99.915
916147245,0.3560,-2.0098,-1.7451,-108.808,12.396,-64.270
916160245,0.2495,-1.3955,-1.3857,-209.455,-1.093,-9.583
916173245,0.2515,-0.8472,-0.9136,-291.242,-21.479,31.128
916186245,0.4048,-0.3267,-0.4614,-316.633,-16.779,45.471
916199245,0.6064,0.3257,0.0244,-301.069,12.029,44.922
916212245,0.5356,0.8975,0.6118,-285.749,23.870,46.875
916225245,0.5352,1.4023,1.0928,-237.714,30.828,53.406
916238245,0.5884,1.8428,1.4399,-162.824,22.589,62.256
916251245,0.6162,2.0405,1.6631,-75.666,20.696,60.486
916264245,0.6504,1.9883,1.6802,17.718,31.194,62.256
916277245,0.6362,1.6763,1.5640,98.528,22.833,68.908
916290245,0.7012,1.2129,1.1494,160.052,16.180,83.618
916303245,0.7583,0.5835,0.6553,170.733,19.048,99.182
916316245,1.0063,0.1079,0.3013,176.043,-3.290,115.722
916329245,1.3213,-0.5693,0.0449,166.949,-27.399,130.249
916342245,1.6133,-1.2144,-0.2344,160.601,-48.701,118.652
916355245,1.8994,-1.8174,-0.4687,177.569,-48.578,68.298
916368245,2.0024,-2.3535,-1.0161,118.975,14.105,-14.221
916381245,1.8027,-2.6494,-1.1689,128.314,31.011,-84.290
916394245,1.3936,-2.6846,-1.4868,77.715,25.396,-100.830
916407245,0.9316,-2.5063,-1.6802,-20.063,16.302,-90.149
916420245,0.6035,-2.1367,-1.6597,-115.522,-1.826,-57.373
916433245,0.4443,-1.5630,-1.3955,-195.051,-13.422,-20.508
916446245,0.3013,-0.9458,-0.8774,-276.777,-38.203,18.127
916459245,0.3667,-0.3174,-0.4600,-324.445,-40.339,47.241
916472245,0.5547,0.2085,0.1372,-306.867,-15.253,40.100
916485245,0.6069,0.7930,0.6689,-252.180,12.762,21.545
916498245,0.5337,1.2725,0.9492,-185.285,29.119,15.381
916511245,0.4639,1.7314,1.1348,-119.733,30.157,21.301
916524245,0.4268,2.0239,1.3130,-73.713,19.781,45.959
916537245,0.4644,2.0415,1.4395,-13.593,5.987,72.021
916550245,0.5581,1.7700,1.4092,54.705,6.109,78.369
916563245,0.6362,1.3623,1.1938,116.961,8.856,76.355
916576245,0.7725,1.0127,0.8120,149.981,16.424,80.810
916589245,0.8657,0.4941,0.4741,162.493,23.626,87.280
916602245,1.1724,-0.0620,0.2808,163.104,18.377,96.740
916615245,1.4868,-0.6265,0.1045,158.770,-7.319,91.980
916628245,1.7964,-1.2666,-0.1870,167.925,-20.319,64.514
916641245,2.0298,-1.7803,-0.5571,128.314,9.588,-7.202
916654245,1.9727,-2.2822,-0.7017,141.314,18.011,-67.749
916667245,1.7603,-2.4805,-0.9526,104.876,22.100,-94.361
916680245,1.4688,-2.4834,-1.2388,51.714,16.302,-123.474
916693245,1.1284,-2.2651,-1.3110,-8.527,14.105,-129.334
916706245,0.6748,-1.7866,-1.2588,-72.431,6.353,-115.479
916719245,0.2817,-1.2041,-1.0610,-166.913,-6.220,-71.350
916732245,0.0957,-0.5483,-0.7095,-237.226,-15.253,-10.559
916745245,0.1494,0.0942,-0.1978,-264.448,-26.423,36.987
916758245,0.3081,0.6738,0.3496,-263.654,-23.859,58.227
916771245,0.4902,1.2124,0.7559,-214.277,8.123,51.758
916784245,0.6157,1.6636,1.0396,-146.955,51.336,32.104
916797245,0.6270,1.9741,1.3813,-80.610,58.477,23.437
916810245,0.6035,2.0264,1.5083,-10.724,34.063,39.795
916823245,0.6226,1.8286,1.4238,50.921,9.649,59.448
916836245,0.6958,1.4917,1.2573,93.890,1.714,74.646
916849245,0.7300,0.9927,0.9429,129.229,-0.666,79.834
916862245,0.9194,0.5508,0.5518,151.385,2.447,86.120
916875245,1.1592,0.0044,0.3833,158.282,4.644,86.303
916888245,1.4834,-0.6313,0.1689,169.818,-8.723,80.139
916901245,1.8335,-1.2466,-0.2310,183.306,-12.263,52.795
916914245,2.1743,-1.8950,-0.5474,143.878,0.189,-26.306
916927245,2.0981,-2.4565,-0.8477,143.267,8.245,-87.769
916940245,1.8130,-2.5981,-1.2573,109.576,27.838,-124.024
916953245,1.4355,-2.4595,-1.3574,36.883,28.692,-159.668
916966245,0.9448,-2.1958,-1.4399,-19.147,9.649,-140.625
916979245,0.5400,-1.6035,-1.3794,-112.470,-10.065,-97.046
916992245,0.2812,-0.9707,-1.0918,-222.700,-32.770,-34.119
917005245,0.2427,-0.3218,-0.6465,-281.721,-48.517,24.658
917018245,0.3740,0.3257,-0.0083,-301.008,-48.823,54.565
917031245,0.5840,0.9292,0.6357,-273.847,-24.958,46.081
917044245,0.7051,1.3545,1.0918,-198.774,9.039,13.244
917057245,0.7222,1.7979,1.3037,-92.878,28.448,-18.189
917070245,0.5928,2.1255,1.4048,-16.279,31.255,-25.696
917083245,0.3638,2.1919,1.4307,36.151,18.499,0.854
917096245,0.2847,1.9268,1.3931,79.913,-6.525,45.410
917109245,0.3872,1.4375,1.1631,118.670,-16.413,73.364
917122245,0.6250,1.0381,0.8267,145.831,0.921,78.674
917135245,0.7803,0.4321,0.4512,164.568,21.917,77.759
917148245,1.1245,-0.1289,0.1460,178.973,29.180,75.134
917161245,1.4468,-0.7993,-0.2266,178.851,44.134,59.448
917174245,1.7461,-1.4629,-0.5400,162.554,52.923,34.546
917187245,1.7764,-2.2319,-0.6392,110.125,43.524,-18.738
917200245,1.9702,-2.5288,-0.7715,58.672,26.495,-58.228
917213245,1.9272,-2.5273,-1.0361,52.386,2.142,-79.041
917226245,1.6240,-2.4780,-1.2090,-5.964,2.935,-115.540
917239245,1.2905,-2.1196,-1.1978,-59.614,2.691,-127.625
917252245,0.9468,-1.5518,-1.0796,-124.494,3.790,-124.207
917265245,0.5825,-0.8618,-0.7026,-200.422,-15.253,-91.675
917278245,0.3970,-0.1919,-0.2217,-232.221,-38.813,-40.894
917291245,0.4111,0.4824,0.3086,-225.873,-51.386,-8.972
917304245,0.4961,1.1108,0.6431,-200.483,-36.127,-4.761
917317245,0.4253,1.6631,0.9707,-140.790,10.992,-20.569
917330245,0.2871,1.9878,1.3950,-64.130,26.678,-21.851
917343245,0.1958,2.1382,1.4316,6.121,20.635,2.807
917356245,0.1353,1.9697,1.3975,56.780,16.790,35.217
917369245,0.2153,1.5991,1.2168,106.280,10.748,63.537
917382245,0.3745,1.1426,0.8857,144.244,19.171,80.810
917395245,0.6367,0.6670,0.5156,150.469,32.049,97.778
917408245,0.8989,0.0908,0.2500,163.470,18.194,101.562
917421245,1.2334,-0.5864,-0.0225,168.719,3.546,112.304
917434245,1.6006,-1.2295,-0.3276,157.488,1.592,102.417
917447245,1.9375,-2.0415,-0.5259,141.802,-7.563,44.372
917460245,2.2612,-2.4238,-0.8809,93.218,7.879,-18.372
917473245,2.1035,-2.6025,-0.8774,70.635,7.635,-64.453
917486245,1.9404,-2.5229,-0.9487,33.587,0.799,-109.314
917499245,1.5884,-2.3228,-1.0454,-11.274,0.372,-136.658
917512245,1.1704,-1.7900,-1.0601,-49.665,0.372,-150.879
917525245,0.7334,-1.2275,-0.8911,-130.781,2.630,-127.930
917538245,0.4937,-0.6553,-0.5742,-185.590,-7.685,-86.853
917551245,0.4087,-0.0127,-0.2485,-213.117,-12.568,-45.105
917564245,0.4585,0.4941,0.2710,-225.934,-7.868,-28.382
917577245,0.4722,1.0391,0.7554,-197.614,-0.605,-24.964
917590245,0.4370,1.4917,1.0356,-131.696,21.429,-25.879
917603245,0.3877,1.8115,1.3101,-61.017,29.547,-21.546
917616245,0.2856,2.0273,1.3940,4.229,25.640,-4.822
917629245,0.2246,1.9448,1.4038,58.123,26.678,25.024
917642245,0.2920,1.6191,1.2827,99.688,13.860,50.354
917655245,0.3452,1.1133,0.9619,137.408,9.344,66.223
917668245,0.5386,0.5552,0.6270,159.442,23.565,79.468
917681245,0.9111,0.1245,0.3140,179.339,22.711,86.731
917694245,1.1597,-0.4653,-0.0103,185.076,14.715,91.186
917707245,1.5347,-1.1201,-0.2651,178.118,8.550,80.810
917720245,1.8779,-1.8135,-0.5190,172.564,-7.685,44.555
917733245,2.1763,-2.2856,-0.8232,123.431,1.531,-30.884
917746245,2.0918,-2.5796,-0.8745,114.581,13.494,-85.633
917759245,1.9697,-2.5776,-1.0444,93.585,23.748,-134.033
917772245,1.6255,-2.3711,-1.1558,47.625,36.688,-178.284
917785245,1.2153,-1.9536,-1.2241,13.018,46.209,-198.426
917798245,0.7397,-1.5171,-1.1401,-60.285,56.341,-181.397
917811245,0.4648,-0.9355,-0.9229,-161.420,47.430,-136.414
917824245,0.3359,-0.4185,-0.5737,-218.305,16.180,-72.449
917837245,0.3872,0.0889,-0.2051,-244.611,-12.202,-12.085
917850245,0.5142,0.6099,0.1982,-264.814,-21.174,8.545
917863245,0.6079,1.1338,0.7158,-262.922,-21.906,15.869
917876245,0.5298,1.5894,1.2271,-200.056,-17.756,9.216
917889245,0.3989,1.8428,1.5586,-80.732,-15.558,8.056
917902245,0.2373,1.8818,1.5596,30.718,-2.497,10.315
917915245,0.1030,1.6704,1.3740,109.576,15.020,21.118
917928245,0.1406,1.2793,1.0273,169.146,29.485,49.255
917941245,0.3452,0.8506,0.6890,183.734,45.172,78.735
917954245,0.4072,0.1118,0.2646,176.592,41.631,104.492
917967245,0.8291,-0.4565,-0.0361,160.174,13.677,128.235
917980245,1.2295,-1.0894,-0.3452,150.408,-3.290,133.911
917993245,1.6714,-1.7422,-0.6460,135.760,-1.826,115.417
918006245,1.9795,-2.1816,-0.8174,105.120,1.470,63.720
918019245,2.0781,-2.4941,-0.8711,62.823,7.025,0.366
918032245,2.0400,-2.5449,-0.9619,25.225,13.860,-57.251
918045245,1.8247,-2.4033,-1.0151,-14.814,17.034,-103.150
918058245,1.5181,-2.0498,-1.0034,-56.989,20.086,-128.174
918071245,1.1548,-1.5186,-0.8286,-109.296,18.560,-127.381
918084245,0.8394,-0.9346,-0.5464,-156.476,1.531,-102.539
918097245,0.7036,-0.3579,-0.3066,-188.825,-11.347,-69.336
918110245,0.6523,0.2168,0.1055,-204.328,-19.831,-50.659
918123245,0.6094,0.7407,0.4985,-192.060,-24.225,-43.274
918136245,0.4824,1.2134,0.8242,-158.796,-16.779,-27.344
918149245,0.3613,1.5400,1.1255,-98.737,-2.924,-25.025
918162245,0.2280,1.7124,1.3179,-10.969,11.175,-21.240
918175245,0.0918,1.6987,1.3501,64.959,28.692,-6.836
918188245,0.0488,1.4761,1.1729,120.318,29.547,19.104
918201245,0.1362,1.1216,0.9194,156.146,18.133,59.326
918214245,0.3823,0.6753,0.5459,153.521,19.293,107.971
918227245,0.6733,0.2490,0.2363,158.831,16.607,118.835
918240245,0.9756,-0.3086,0.0527,156.085,8.367,127.197
918253245,1.3501,-0.9111,-0.1538,163.836,-1.642,115.967
918266245,1.7046,-1.5605,-0.4712,170.672,-0.056,85.388
918279245,1.9829,-2.0811,-0.7573,167.864,8.917,29.907
918292245,2.0801,-2.4834,-0.9795,144.244,14.044,-33.814
918305245,2.0039,-2.5806,-1.1577,92.547,25.152,-96.375
918318245,1.7197,-2.5649,-1.2515,53.118,39.984,-130.982
918331245,1.3677,-2.2026,-1.2803,3.497,36.077,-149.964
918344245,0.9897,-1.7476,-1.1973,-70.478,28.265,-143.921
918357245,0.6206,-1.1899,-0.8975,-137.067,26.556,-112.854
918370245,0.4526,-0.5889,-0.4648,-184.186,4.217,-69.092
918383245,0.4556,0.0244,0.0073,-212.202,-23.188,-33.936
918396245,0.4341,0.5708,0.4634,-193.220,-36.982,-16.480
918409245,0.3535,1.1016,0.7656,-150.373,-29.291,-1.465
918422245,0.1982,1.3994,1.0107,-98.493,-6.953,13.611
918435245,0.1489,1.6206,1.2461,-40.510,7.574,21.789
918448245,0.0815,1.6460,1.3540,19.610,19.842,39.184
918461245,0.0986,1.4688,1.2026,84.063,32.598,62.011
918474245,0.2529,1.0610,0.9097,128.130,36.016,87.097
918487245,0.4658,0.4897,0.5903,134.051,29.180,114.380
918500245,0.8252,0.0786,0.1646,145.159,16.058,124.939
918513245,1.1372,-0.6035,-0.1367,146.624,16.424,126.220
918526245,1.5415,-1.1943,-0.3936,137.652,9.710,104.065
918539245,1.8892,-1.8174,-0.6538,130.694,6.292,61.340
918552245,2.0835,-2.2759,-0.9688,120.501,14.837,0.244
918565245,2.0425,-2.4839,-1.1226,93.401,29.669,-64.820
918578245,1.8379,-2.5112,-1.2300,50.372,48.773,-117.859
918591245,1.5518,-2.3472,-1.3433,4.168,69.036,-154.969
918604245,1.1187,-1.9722,-1.3149,-50.458,68.792,-154.358
918617245,0.8296,-1.5278,-1.1138,-119.794,51.397,-116.760
918630245,0.6846,-1.0420,-0.7729,-170.087,39.007,-82.459
918643245,0.6084,-0.5337,-0.4414,-187.971,34.673,-67.261
918656245,0.6763,-0.0059,-0.0225,-183.332,71.722,-72.632
918669245,0.6660,0.4800,0.5249,-145.795,117.437,-90.210
918682245,0.5356,0.9453,0.9341,-75.849,137.945,-88.867
918695245,0.4019,1.2505,1.1670,8.318,144.903,-84.534
918708245,0.3711,1.3477,1.2910,82.903,161.566,-54.749
918721245,0.3311,1.4043,1.3096,141.924,171.636,-18.982
918734245,0.4106,1.2803,1.1221,188.494,152.105,25.268
918747245,0.5557,1.0298,0.8979,227.801,120.672,67.871
918760245,0.7607,0.6265,0.5342,282.916,120.855,88.257
918773245,1.0205,0.2202,-0.0898,305.804,86.675,74.096
918786245,1.0767,-0.2568,-0.7212,305.193,76.849,61.401
918799245,1.0972,-0.6929,-1.1167,300.311,113.897,36.987
918812245,1.1685,-1.1660,-1.4253,296.588,130.193,22.217
918825245,1.2407,-1.5605,-1.9009,263.812,83.624,-6.165
918838245,1.1567,-1.8691,-2.3296,194.781,28.509,-32.898
918851245,1.0586,-2.1743,-2.6611,131.793,36.138,-41.016
918864245,0.9854,-2.1235,-2.7490,41.339,62.505,-57.373
918877245,0.7827,-1.9258,-2.4697,-68.220,53.900,-68.421
918890245,0.5967,-1.5903,-2.1265,-148.481,28.875,-57.984
918903245,0.4512,-1.1509,-1.6553,-200.483,2.081,-30.701
918916245,0.5771,-0.7158,-1.1919,-242.170,-24.286,-10.254
918929245,0.8462,-0.3340,-0.7627,-271.161,-27.399,-17.761
918942245,1.0054,0.0288,-0.1387,-268.354,-21.479,-43.274
918955245,0.9272,0.4141,0.2896,-227.582,-24.958,-72.327
918968245,0.6123,0.9180,0.5977,-182.905,-26.850,-82.154
918981245,0.3071,1.3506,0.9946,-145.002,-26.789,-60.425
918994245,0.1001,1.6201,1.4131,-90.009,-34.540,-21.912
919007245,0.0332,1.6704,1.6450,-13.349,-45.161,18.249
919020245,0.0874,1.5088,1.5371,69.720,-58.771,48.584
919033245,0.2212,1.2090,1.0908,140.338,-56.330,70.434
919046245,0.4521,0.7461,0.5420,191.485,-38.325,86.670
919059245,0.6875,0.2603,-0.0542,221.636,-12.812,99.365
919072245,0.9492,-0.2397,-0.6382,236.773,18.804,104.065
919085245,1.1260,-0.7871,-1.0806,217.547,5.193,93.384
919098245,1.3872,-1.3755,-1.5107,198.626,2.813,66.467
919111245,1.6289,-1.8452,-1.8828,187.884,24.786,22.583
919124245,1.6841,-2.2749,-2.3403,181.475,53.777,-43.762
919137245,1.5503,-2.4360,-2.6284,148.089,94.793,-113.831
919150245,1.2788,-2.4019,-2.8071,103.533,158.758,-165.955
919163245,0.8789,-2.1562,-2.7822,34.564,204.229,-200.928
919176245,0.3335,-1.5962,-2.4741,-65.534,152.776,-188.172
919189245,-0.0518,-1.3013,-2.1318,-126.081,107.122,-105.591
919202245,0.0078,-0.8911,-1.6260,-180.707,62.261,-25.269
919215245,0.3076,-0.6255,-1.1050,-208.234,33.514,10.071
919228245,0.5762,-0.3140,-0.4663,-181.684,42.242,20.263
919241245,0.7451,-0.0190,0.1050,-115.583,87.957,-0.550
919254245,0.7563,0.3789,0.6348,-30.439,155.279,-36.316
919267245,0.7656,0.8154,0.8589,40.301,189.398,-80.994
919280245,0.5054,1.1982,1.3149,61.541,154.669,-86.853
919293245,0.2212,1.3979,1.6973,126.177,88.079,-16.724
919306245,0.2490,1.4063,1.6240,198.443,11.663,66.528
919319245,0.4575,1.2974,1.2866,241.046,-34.968,116.699
919332245,0.7080,1.0752,0.6440,298.480,-7.990,119.385
919345245,0.8506,0.8057,0.2842,324.236,13.433,82.275
919358245,0.9209,0.4561,-0.4268,361.285,20.513,48.523
919371245,0.8594,0.0610,-1.2476,371.050,7.757,29.052
919384245,0.6934,-0.4004,-2.1069,351.519,5.682,26.916
919397245,0.6650,-0.8252,-2.9087,298.907,31.561,14.038
919410245,0.6436,-1.1782,-3.4419,227.679,56.463,-8.606
919423245,0.5474,-1.2681,-3.8149,131.365,47.186,-37.903
919436245,0.3838,-1.3765,-3.8281,15.643,36.260,-43.274
919449245,0.2764,-1.2549,-3.6045,-58.210,32.232,-36.011
919462245,0.2949,-1.0073,-3.2935,-144.147,21.917,-26.184
919475245,0.3418,-0.7271,-2.7129,-218.793,8.978,-16.663
919488245,0.5078,-0.4790,-2.0503,-264.020,-9.455,-7.202
919501245,0.7300,-0.2686,-1.4790,-276.227,-16.108,-7.996
919514245,0.9370,-0.0444,-0.9399,-275.556,-6.037,-28.137
919527245,0.9966,0.1797,-0.4502,-258.161,11.114,-58.411
919540245,0.8833,0.4219,0.0312,-219.037,24.542,-84.656
919553245,0.5728,0.6807,0.5283,-184.492,34.063,-97.473
919566245,0.2471,0.8838,0.9731,-139.692,33.575,-88.806
919579245,-0.1196,1.1201,1.5479,-92.756,9.649,-61.035
919592245,-0.3032,1.2368,1.9536,-10.175,-6.708,-16.297
919605245,-0.2681,1.2251,1.9102,97.979,-12.202,17.212
919618245,-0.1895,1.1587,1.5889,182.513,-24.103,35.339
919631245,-0.0918,1.0430,1.0298,242.388,-43.696,64.697
919644245,0.1309,0.8291,0.2700,289.874,-46.137,91.675
919657245,0.4248,0.5449,-0.4307,301.165,-47.297,96.924
919670245,0.6934,0.2095,-1.2842,315.508,-34.296,88.806
919683245,0.8340,-0.1240,-2.0879,309.954,-14.216,89.233
919696245,1.0283,-0.5410,-2.9443,276.873,14.593,60.913
919709245,1.1377,-0.9731,-3.5293,201.434,71.050,11.780
919722245,1.0596,-1.2041,-3.8018,131.487,104.925,-32.593
919735245,0.8555,-1.2964,-3.9502,67.584,103.582,-67.383
919748245,0.5952,-1.1982,-3.9438,-2.607,87.347,-69.947
919761245,0.3931,-0.9849,-3.6445,-92.328,46.453,-52.246
919774245,0.3057,-0.7446,-3.1934,-174.360,7.635,-24.170
919787245,0.4053,-0.5405,-2.6387,-228.498,-12.446,-7.447
919800245,0.6191,-0.3350,-2.1108,-260.480,-16.108,-7.752
919813245,0.8599,-0.1807,-1.5928,-261.457,14.898,-26.673
919826245,0.8594,0.0024,-1.0015,-244.733,40.899,-63.233
919839245,0.7783,0.1851,-0.5337,-216.352,63.909,-92.957
919852245,0.4653,0.5063,0.1094,-185.529,77.276,-104.798
919865245,0.0918,0.8032,0.7979,-158.002,75.079,-81.177
919878245,-0.0361,1.0083,1.5532,-129.194,61.285,-46.997
919891245,-0.0273,1.0771,2.1074,-56.745,50.115,-23.926
919904245,-0.0137,1.1152,2.3384,55.987,34.673,1.098
919917245,0.0811,1.1118,2.0625,166.949,16.729,16.113
919930245,0.1318,1.0635,1.5488,244.280,-14.643,25.940
919943245,0.1855,0.9395,0.7134,296.649,-36.921,44.250
919956245,0.3306,0.6660,-0.1255,320.696,-37.531,50.598
919969245,0.4575,0.4165,-1.0195,326.800,-27.094,40.100
919982245,0.4634,0.1069,-1.9341,326.190,1.287,33.813
919995245,0.5122,-0.2227,-2.7817,313.494,29.974,27.710
920008245,0.5088,-0.4907,-3.5635,255.938,33.331,-10.681
920021245,0.3340,-0.7046,-4.0439,168.963,49.383,-31.800
920034245,0.1499,-0.7852,-4.2310,92.181,71.356,-37.354
920047245,0.0225,-0.7407,-4.1768,17.901,71.600,-32.959
920060245,-0.0918,-0.5562,-3.9204,-81.342,52.313,-24.292
920073245,-0.1108,-0.3896,-3.3242,-156.660,25.701,7.202
920086245,0.0527,-0.2222,-2.7354,-215.070,-6.220,25.512
920099245,0.2515,-0.0806,-2.1274,-264.326,-28.193,31.555
920112245,0.4629,0.0620,-1.5415,-284.955,-18.427,25.268
920125245,0.5967,0.1826,-0.9937,-273.115,0.250,6.897
920138245,0.5864,0.3120,-0.4795,-247.419,18.316,-15.076
920151245,0.4546,0.4697,0.0693,-227.582,36.505,-29.236
920164245,0.2349,0.6284,0.7578,-207.319,45.049,-28.626
920177245,0.1392,0.7656,1.4409,-159.955,47.430,-18.250
920190245,0.1167,0.8662,2.0581,-74.018,39.129,-2.259
920203245,0.1113,0.9194,2.3213,28.216,22.711,8.117
920216245,0.1597,0.9043,2.1655,126.666,13.738,12.329
920229245,0.1689,0.9111,1.6938,213.763,-11.042,19.348
920242245,0.1929,0.8271,0.9619,280.047,-26.606,34.607
920255245,0.3008,0.7026,0.0933,312.335,-39.362,37.536
920268245,0.3940,0.5103,-0.8423,321.246,-38.874,29.724
920281245,0.4258,0.3584,-1.7012,307.147,-28.803,18.371
920294245,0.4722,0.0747,-2.5825,296.710,-3.168,15.625
920307245,0.5078,-0.1758,-3.3789,252.703,34.796,-16.846
920320245,0.3398,-0.3599,-3.9365,190.753,62.505,-44.373
920333245,0.1245,-0.4902,-4.2202,121.539,82.952,-52.246
920346245,-0.1426,-0.4961,-4.2788,37.005,75.506,-46.875
920359245,-0.3154,-0.4194,-4.0845,-53.937,58.111,-30.762
920372245,-0.3691,-0.2690,-3.6089,-136.945,15.203,0.854
920385245,-0.2505,-0.1602,-3.0615,-204.023,-22.883,28.564
920398245,-0.0200,-0.0874,-2.4634,-253.889,-46.625,38.391
920411245,0.2373,0.0518,-1.8999,-268.171,-43.635,36.072
920424245,0.3936,0.1172,-1.3760,-264.509,-20.014,19.104
920437245,0.4663,0.2222,-0.9053,-250.776,19.781,-1.404
920450245,0.4419,0.3179,-0.4146,-222.516,53.533,-17.945
920463245,0.3145,0.4585,0.1323,-209.760,68.548,-31.677
920476245,0.1538,0.5815,0.8208,-184.370,58.355,-17.029
920489245,0.1641,0.6641,1.3892,-144.147,47.369,0.061
920502245,0.2744,0.6919,1.8970,-72.309,49.444,5.859
920515245,0.3594,0.7021,2.1099,32.183,51.153,0.183
920528245,0.3662,0.7046,1.9268,138.690,45.904,-11.353
920541245,0.2319,0.7422,1.4756,208.026,7.208,-9.400
920554245,0.1582,0.6865,0.8208,254.901,-33.930,13.183
920567245,0.2256,0.5610,0.0283,277.239,-63.227,24.414
920580245,0.3066,0.4097,-0.8457,285.479,-67.255,22.094
920593245,0.2778,0.2432,-1.6650,274.432,-43.146,9.582
920606245,0.2451,0.0405,-2.4907,254.595,-16.169,3.357
920619245,0.1636,-0.1753,-3.2104,209.063,12.335,-14.588
920632245,0.0063,-0.3208,-3.6836,146.380,27.899,-27.222
920645245,-0.1748,-0.3862,-3.9419,82.781,28.021,-21.179
920658245,-0.2720,-0.4209,-4.0254,9.478,19.964,-9.339
920671245,-0.2876,-0.3667,-3.8301,-75.788,4.278,-0.611
920684245,-0.2139,-0.2896,-3.4341,-138.471,-18.915,15.381
920697245,-0.1133,-0.1729,-2.9175,-195.417,-45.283,28.503
920710245,0.1323,-0.1235,-2.4272,-233.625,-49.555,33.203
920723245,0.3521,-0.0498,-1.9639,-242.841,-38.569,25.085
920736245,0.5190,0.0264,-1.5117,-249.738,-4.694,3.052
920749245,0.5034,0.1689,-1.0400,-237.043,26.983,-14.954
920762245,0.4478,0.2954,-0.5732,-224.531,47.979,-24.658
920775245,0.3477,0.4370,-0.0029,-203.290,42.486,-20.264
920788245,0.1890,0.5342,0.5845,-200.544,21.063,-16.724
920801245,0.1240,0.6182,1.2788,-165.082,-3.535,4.699
920814245,0.1484,0.6787,1.8257,-104.108,-10.493,11.474
920827245,0.2056,0.6904,2.1382,-2.302,-5.854,14.648
920840245,0.1479,0.7227,2.1431,105.547,-4.328,13.244
920853245,0.0391,0.7339,1.7324,203.631,-29.963,21.118
920866245,0.0298,0.7139,1.0303,269.427,-46.381,39.245
920879245,0.1372,0.6016,0.1919,306.170,-54.072,42.053
920892245,0.1929,0.4912,-0.6270,314.959,-38.141,37.536
920905245,0.1860,0.3872,-1.3472,309.893,-21.723,33.935
920918245,0.2437,0.2676,-2.0562,296.160,-6.953,36.010
920931245,0.2954,0.1333,-2.7051,269.793,10.443,29.846
920944245,0.4243,-0.0093,-3.1948,203.509,22.222,2.563
920957245,0.3643,-0.1387,-3.4033,146.380,18.377,-12.696
920970245,0.3062,-0.2017,-3.6499,95.477,21.307,-19.898
920983245,0.1978,-0.2017,-3.7734,32.549,38.519,-27.039
920996245,0.0513,-0.1401,-3.5811,-35.139,42.181,-23.194
921009245,-0.0122,-0.0845,-3.2178,-105.024,28.631,-13.001
921022245,0.0044,-0.0215,-2.7109,-161.054,-1.093,3.296
921035245,0.1001,0.0479,-2.1748,-204.633,-33.564,7.629
921048245,0.2393,0.0850,-1.7871,-219.282,-49.616,6.103
921061245,0.3223,0.1484,-1.3862,-223.798,-39.057,4.883
921074245,0.3931,0.1992,-0.9478,-226.362,-9.455,-8.606
921087245,0.3848,0.2275,-0.4082,-199.811,12.518,-15.991
921100245,0.3311,0.2861,0.0244,-165.143,31.011,-23.316
921113245,0.2305,0.3291,0.4277,-134.626,32.659,-26.123
921126245,0.1021,0.3804,0.8062,-102.643,12.884,-13.184
921139245,0.0532,0.4551,1.1948,-63.459,-12.995,-1.282
921152245,0.0645,0.4639,1.4014,-6.513,-22.333,12.634
921165245,0.1680,0.4512,1.3823,67.217,-12.018,11.169
921178245,0.1216,0.4824,1.2456,140.338,-15.375,6.897
921191245,0.1045,0.4858,0.7925,194.842,-36.005,12.756
921204245,0.1304,0.4336,0.1655,234.088,-48.395,20.141
921217245,0.1982,0.3667,-0.5425,246.783,-47.419,20.630
921230245,0.2124,0.3013,-1.2046,240.008,-37.653,15.747
921243245,0.2930,0.1787,-1.9595,230.059,-17.878,17.029
921256245,0.3872,0.0679,-2.7153,198.260,6.536,9.094
921269245,0.3608,-0.0132,-3.1670,139.239,31.622,-10.376
921282245,0.3159,-0.0996,-3.3760,83.270,23.687,-14.344
921295245,0.2324,-0.1538,-3.5054,32.794,2.386,-16.785
921308245,0.1719,-0.1738,-3.5210,-25.861,-12.812,-13.245
921321245,0.1626,-0.1592,-3.3315,-82.502,-16.901,-13.123
921334245,0.1479,-0.0850,-2.9829,-128.278,-19.282,-8.484
921347245,0.1797,-0.0264,-2.5684,-169.599,-20.685,-5.493
921360245,0.2490,0.0093,-2.1313,-190.900,-19.831,-4.944
921373245,0.3120,0.0835,-1.7700,-207.136,-10.187,-12.512
921386245,0.3477,0.1445,-1.4209,-216.047,8.672,-19.165
921399245,0.3286,0.2383,-1.0264,-219.037,30.462,-22.888
921412245,0.2974,0.3242,-0.5928,-221.784,52.007,-24.903
921425245,0.2871,0.4111,-0.0952,-202.436,57.256,-18.921
921438245,0.2192,0.4629,0.3198,-193.464,45.965,-21.424
921451245,0.1602,0.4995,0.7427,-159.284,14.898,-3.723
921464245,0.1436,0.5186,1.0747,-130.964,-4.145,5.188
921477245,0.1338,0.5498,1.4697,-86.530,-12.934,14.648
921490245,0.1475,0.5239,1.7769,-15.729,-13.788,25.085
921503245,0.1782,0.4746,1.8223,70.147,-17.267,26.489
921516245,0.1802,0.4404,1.5347,141.802,-41.193,23.437
921529245,0.1953,0.3516,0.8999,208.087,-65.851,28.686
921542245,0.2344,0.2617,0.0815,251.971,-75.129,35.278
921555245,0.2793,0.1968,-0.8228,261.126,-56.635,33.020
921568245,0.2998,0.1406,-1.5088,239.886,-32.587,29.907
921581245,0.4043,0.0151,-2.0869,223.773,-27.094,36.499
921594245,0.5132,-0.0869,-2.7104,192.401,-12.751,19.714
921607245,0.5610,-0.1782,-3.1670,143.694,2.752,-1.953
921620245,0.5068,-0.2402,-3.4419,100.848,6.292,-13.062
921633245,0.4360,-0.2734,-3.5923,56.048,8.856,-19.593
921646245,0.3486,-0.2793,-3.4971,1.177,1.837,-20.569
921659245,0.3315,-0.2651,-3.3667,-43.317,3.118,-21.363
921672245,0.3218,-0.2080,-3.0596,-85.676,13.738,-20.996
921685245,0.3418,-0.1353,-2.6016,-125.715,18.987,-20.996
921698245,0.3774,-0.0996,-2.1372,-152.936,14.898,-25.269
921711245,0.4258,-0.0835,-1.7349,-151.044,19.598,-24.170
921724245,0.4316,-0.0405,-1.4385,-154.462,32.354,-34.180
921737245,0.3716,0.0137,-1.0723,-154.584,48.040,-39.734
921750245,0.2969,0.0903,-0.7266,-146.589,57.806,-39.551
921763245,0.2305,0.1484,-0.3755,-130.353,62.322,-28.809
921776245,0.1943,0.2002,-0.1147,-132.184,66.412,-26.184
921789245,0.1265,0.2949,0.3057,-116.743,45.843,-17.029
921802245,0.0488,0.3408,0.7046,-101.606,16.119,-6.775
921815245,0.0430,0.3960,1.0596,-68.769,-15.497,6.347
921828245,0.0513,0.4136,1.2954,-13.654,-25.324,21.057
921841245,0.0869,0.4019,1.3540,51.531,-18.854,28.137
921854245,0.0713,0.4009,1.2295,112.750,-15.436,28.015
921867245,0.0479,0.3877,1.0176,150.042,-29.413,31.921
921880245,0.0913,0.3389,0.6094,185.320,-54.865,42.175
921893245,0.1846,0.2793,0.1016,215.838,-78.974,48.218
921906245,0.2588,0.2466,-0.5840,229.083,-75.861,45.044
921919245,0.3071,0.2197,-1.1558,220.660,-47.907,39.856
921932245,0.4297,0.1743,-1.7559,199.420,-19.282,36.865
921945245,0.5547,0.0869,-2.2241,183.611,-10.309,31.433
921958245,0.6714,0.0225,-2.7158,161.273,-7.380,7.324
921971245,0.6367,-0.0005,-3.0996,126.299,-29.963,-11.353
921984245,0.5698,-0.0249,-3.4404,84.307,-33.869,-10.803
921997245,0.5962,-0.0698,-3.6216,27.789,-8.417,-11.109
922010245,0.5703,-0.0762,-3.5176,-32.087,25.762,-24.109
922023245,0.4937,-0.0537,-3.1821,-70.966,37.969,-26.306
922036245,0.4644,-0.0054,-2.8374,-107.038,34.002,-28.443
922049245,0.4414,0.0210,-2.4326,-134.321,32.659,-33.020
922062245,0.4346,0.0625,-2.0674,-152.448,36.749,-38.025
922075245,0.4043,0.0762,-1.6948,-166.242,48.834,-39.917
922088245,0.3745,0.0859,-1.3252,-161.664,63.360,-37.476
922101245,0.3569,0.1069,-0.9985,-158.796,82.159,-41.382
922114245,0.2856,0.1230,-0.6519,-149.579,94.732,-37.781
922127245,0.1987,0.1968,-0.3052,-147.626,104.803,-45.288
922140245,0.0542,0.2480,-0.0317,-141.401,105.657,-36.560
922153245,0.0469,0.3135,0.2896,-121.320,106.939,-20.630
922166245,0.0439,0.3140,0.5854,-108.259,105.718,-9.766
922179245,0.0312,0.3457,0.8223,-86.225,91.436,-4.700
922192245,0.0234,0.3560,0.9824,-31.721,74.346,16.357
922205245,0.0830,0.3154,0.9321,16.985,63.970,22.766
922218245,0.0903,0.2666,0.7051,58.001,69.219,25.757
922231245,0.0791,0.2114,0.4346,90.472,88.629,32.104
922244245,0.0967,0.1646,0.0923,107.318,122.259,34.485
922257245,0.1353,0.0562,-0.4331,118.060,195.745,32.715
922270245,0.1450,0.0244,-0.8340,123.126,294.866,27.649
922283245,0.2065,-0.0845,-1.4131,113.177,432.562,8.301
922296245,0.2012,-0.1411,-1.6694,87.603,594.732,-21.546
922309245,0.1343,-0.2271,-1.8423,64.776,758.428,-69.336
922322245,-0.1411,-0.2690,-1.7939,62.823,907.903,-128.296
922335245,-0.5571,-0.1777,-1.4600,55.926,1014.044,-170.838
922348245,-1.2192,-0.1523,-0.8950,47.747,1020.941,-180.115
922361245,-1.6987,0.2178,-0.3594,17.901,927.191,-105.957
922374245,-2.0454,0.0522,0.1880,-47.712,715.765,-49.744
922387245,-2.0879,0.1284,0.5649,-70.905,407.964,10.254
922400245,-1.8975,0.0342,0.7690,-80.182,134.161,44.128
922413245,-1.5757,-0.0371,0.5742,-55.891,-23.127,54.260
922426245,-1.1973,-0.1055,0.2349,-30.439,-13.422,42.541
922439245,-0.8677,-0.1431,-0.0293,0.079,93.145,-0.061
922452245,-0.8853,-0.0557,0.0767,18.694,194.647,-49.561
922465245,-0.9893,-0.0063,0.3062,31.085,218.145,-64.209
922478245,-1.0732,0.0898,0.4937,32.366,169.012,-62.500
922491245,-1.0781,0.1274,0.5894,15.154,65.313,-52.002
922504245,-1.0220,0.1245,0.5874,-0.837,-22.211,-36.804
922517245,-1.0996,0.1855,0.6880,-15.485,-100.886,-18.738
922530245,-1.0879,0.1587,0.8359,-29.401,-189.020,13.061
922543245,-0.9209,0.1440,0.9077,-22.443,-274.164,29.968
922556245,-0.8613,0.1689,1.0264,-6.696,-385.187,40.161
922569245,-0.8057,0.1616,0.9463,16.863,-508.112,55.237
922582245,-0.7187,0.2227,0.7012,52.020,-656.183,81.482
922595245,-0.5347,0.2754,0.3086,52.508,-836.054,120.788
922608245,-0.3496,0.2881,0.0142,10.760,-999.750,157.959
922621245,-0.0557,0.2324,-0.1611,-30.256,-1139.338,196.594
922634245,0.3457,0.1572,-0.3125,-59.492,-1242.609,225.342
922647245,0.6401,0.0698,-0.4263,-77.924,-1303.461,236.999
922660245,0.6816,-0.0225,-0.5117,-97.578,-1277.766,236.450
922673245,0.7803,-0.0557,-0.6396,-111.860,-1170.161,237.854
922686245,0.8931,-0.1069,-0.6304,-113.691,-1028.620,232.605
922699245,1.1416,-0.1431,-0.6191,-130.109,-892.206,204.284
922712245,1.1992,-0.2109,-0.4717,-147.382,-745.051,179.138
922725245,1.4580,-0.0811,-0.3105,-159.528,-594.721,153.015
922738245,1.6377,-0.2031,-0.1255,-132.368,-445.673,127.014
922751245,1.8091,-0.2012,-0.0439,-82.136,-297.053,81.360
922764245,1.8901,-0.2173,-0.0073,-47.834,-153.559,25.757
922777245,1.8022,-0.1831,0.0815,-2.973,-48.334,-11.109
922790245,1.6753,-0.1372,0.0513,32.061,9.893,-35.279
922803245,1.4771,-0.0664,-0.0337,56.414,61.956,-37.354
922816245,1.3765,-0.0718,-0.3110,76.678,134.832,-24.414
922829245,1.3936,-0.0840,-0.5483,62.151,242.315,-24.536
922842245,1.4595,-0.1367,-0.6118,42.315,396.246,-34.302
922855245,1.4487,-0.1636,-0.4854,59.893,533.697,-57.862
922868245,1.5776,-0.1548,-0.5161,78.570,658.514,-92.774
922881245,1.7715,-0.1670,-0.7500,78.082,823.736,-146.729
922894245,1.9507,-0.0908,-0.9932,53.301,1075.994,-232.544
922907245,2.1445,0.0229,-0.9800,16.070,1400.152,-318.726
922920245,1.9844,0.0649,-0.3677,13.262,1631.536,-379.273
922933245,1.2524,0.2827,0.4307,75.457,1642.889,-365.784
922946245,0.3994,0.2822,0.6343,107.806,1521.307,-286.438
922959245,0.2832,0.0078,0.3188,74.908,1441.229,-219.544
922972245,-0.0034,-0.0454,0.4429,45.794,1290.411,-185.364
922985245,-0.6748,0.3398,0.7046,17.474,989.752,-103.882
922998245,-1.1646,0.2104,1.1440,-60.468,621.588,-52.429
923011245,-1.2153,0.2603,1.3125,-75.788,199.468,8.545
923024245,-0.9800,0.1689,1.2778,-90.192,-126.032,31.189
923037245,-0.7422,0.0586,1.0449,-79.572,-238.886,18.249
923050245,-0.6123,-0.0190,0.7847,-22.260,-151.362,-9.461
923063245,-0.6909,0.0371,0.3838,66.424,10.992,-40.161
923076245,-0.9854,0.1660,0.3584,70.086,113.836,-50.843
923089245,-1.1802,0.2090,0.6836,13.751,45.843,-11.048
923102245,-1.1958,0.2183,1.0068,-38.495,-206.904,33.996
923115245,-0.8882,0.1812,1.0796,-81.342,-501.459,59.387
923128245,-0.7202,0.2026,1.0220,-63.093,-722.956,75.622
923141245,-0.5127,0.1064,0.5981,-3.278,-850.458,96.069
923154245,-0.3716,0.1602,0.2773,17.108,-963.740,109.375
923167245,-0.0981,0.1074,-0.0718,6.732,-1064.020,123.840
923180245,0.2686,0.1255,-0.3809,9.478,-1170.588,133.850
923193245,0.5898,0.0581,-0.6245,-3.828,-1274.653,128.906
923206245,0.7666,0.0405,-0.8330,-36.481,-1321.772,120.300
923219245,0.9180,-0.0327,-0.8882,-46.979,-1310.602,127.014
923232245,1.1050,-0.1362,-1.1938,-41.120,-1203.791,124.084
923245245,1.1123,-0.1582,-1.2520,-62.604,-1014.460,102.722
923258245,1.0513,-0.0937,-0.9897,-84.699,-817.011,83.435
923271245,1.1523,-0.1309,-0.8145,-97.578,-628.840,74.341
923284245,1.3252,-0.0659,-0.7402,-101.911,-411.921,50.537
923297245,1.4375,-0.1250,-0.6523,-99.409,-204.767,27.405
923310245,1.5186,-0.0923,-0.4277,-61.201,-63.959,7.568
923323245,1.4683,-0.0571,-0.2246,-40.998,24.359,-14.405
923336245,1.4199,-0.0435,-0.2437,-4.804,86.797,-27.405
923349245,1.3745,-0.0659,-0.3921,41.583,190.435,-30.884
923362245,1.4106,-0.0859,-0.6636,60.992,325.994,-40.222
923375245,1.4038,-0.0527,-0.7964,51.837,477.911,-55.420
923388245,1.3721,-0.1484,-0.8105,56.231,648.870,-70.801
923401245,1.5024,-0.2026,-0.8257,79.302,833.868,-104.492
923414245,1.5874,-0.1914,-0.9756,98.162,1082.830,-171.631
923427245,1.5669,-0.1489,-1.0161,115.435,1388.433,-247.803
923440245,1.2510,-0.0254,-0.5088,143.023,1617.498,-302.490
923453245,0.2275,0.2227,0.3682,189.410,1615.301,-270.752
923466245,-0.3970,0.2451,0.5020,201.129,1490.545,-172.547
923479245,-0.4170,0.2222,0.1675,156.573,1384.161,-94.788
923492245,-0.3203,0.1572,0.1641,158.831,1184.820,-49.378
923505245,-0.7080,0.2280,0.2637,26.629,898.565,-34.180
923518245,-1.1060,0.2646,0.8955,-69.868,476.263,-11.414
923531245,-1.2539,0.2954,1.2261,-91.657,9.466,36.499
923544245,-1.0654,0.2290,1.2388,-91.657,-329.645,70.007
923557245,-0.8335,0.0791,1.0410,-69.318,-450.251,62.988
923570245,-0.7222,0.0396,0.5684,-0.898,-379.023,43.091
923583245,-0.8457,0.1294,0.0088,56.414,-211.359,7.690
923596245,-1.1831,0.1641,0.0020,69.232,-117.365,5.493
923609245,-1.2217,0.1777,0.0522,58.123,-229.853,38.208
923622245,-1.2686,0.3398,0.2979,-1.264,-586.420,72.571
923635245,-0.8213,0.2666,0.1191,-69.745,-1007.685,120.056
923648245,-0.2173,0.0601,-0.2368,-106.428,-1257.136,150.329
923661245,0.1587,-0.0322,-0.4751,-123.640,-1388.544,159.179
923674245,0.4194,-0.1099,-0.8403,-119.306,-1450.495,159.668
923687245,0.4971,-0.0625,-1.0239,-115.095,-1418.696,155.273
923700245,0.5625,-0.1455,-1.1812,-129.743,-1320.429,150.573
923713245,0.7095,-0.1470,-1.4185,-152.753,-1146.967,135.681
923726245,0.6836,-0.2075,-1.3032,-228.254,-916.804,101.867
923739245,0.6484,-0.1426,-0.9839,-288.923,-673.273,85.022
923752245,0.7451,-0.0713,-0.5166,-243.207,-477.595,95.337
923765245,0.8931,-0.0571,-0.2373,-201.215,-314.142,81.238
923778245,1.1177,-0.0703,-0.1196,-177.411,-194.697,49.255
923791245,1.2871,-0.1138,-0.0376,-143.964,-122.797,7.690
923804245,1.2739,-0.1152,0.0161,-110.395,-78.791,-27.161
923817245,1.1406,-0.1025,0.1079,-76.398,-49.494,-40.406
923830245,1.1323,-0.1255,0.0405,-53.205,-49.921,-41.321
923843245,1.0952,-0.1367,-0.1284,-51.130,-53.217,-37.110
923856245,1.1563,-0.1606,-0.2012,-77.436,-57.368,-41.199
923869245,1.1909,-0.2378,-0.1738,-92.634,-63.654,-52.979
923882245,1.1377,-0.2930,-0.0889,-89.643,-67.866,-58.106
923895245,1.0864,-0.3267,-0.0161,-70.478,-60.724,-51.697
923908245,1.1353,-0.3765,-0.0508,-45.515,-48.334,-52.490
923921245,1.2539,-0.4116,-0.1685,-35.383,-45.710,-67.139
923934245,1.2446,-0.3960,-0.2578,-46.735,-56.635,-84.534
923947245,1.0571,-0.3682,-0.2202,-58.515,-55.536,-83.557
923960245,0.9531,-0.3564,-0.1816,-67.182,-58.588,-71.533
923973245,0.9683,-0.3535,-0.1460,-75.910,-62.311,-70.008
923986245,1.0083,-0.3232,-0.0913,-87.018,-72.870,-83.496
923999245,0.9321,-0.2930,-0.0210,-86.225,-89.167,-89.600
924012245,0.8926,-0.2612,0.0210,-81.708,-98.994,-94.300
924025245,0.8506,-0.2104,0.0342,-82.014,-103.693,-99.549
924038245,0.8359,-0.1167,0.0684,-92.817,-106.318,-106.934
924051245,0.6914,0.0527,0.1313,-123.640,-112.971,-121.216
924064245,0.5771,0.1646,0.2856,-146.467,-134.943,-118.714
924077245,0.3906,0.3066,0.5078,-161.176,-158.869,-106.201
924090245,0.1987,0.3066,0.6904,-149.152,-162.226,-85.388
924103245,0.1616,0.2524,0.7256,-127.668,-143.671,-52.857
924116245,0.1572,0.4712,0.8037,-95.624,-124.506,-1.587
924129245,0.1797,0.6753,0.6631,-77.863,-96.308,55.420
924142245,0.3037,0.2710,0.6729,-58.576,-74.335,105.285
924155245,0.6177,0.0552,0.7236,-61.384,-171.503,137.390
924168245,1.1343,-0.3555,0.6831,-50.641,-145.258,135.254
924181245,1.4150,-0.8394,0.7910,-12.617,-106.196,125.061
924194245,1.9688,-1.4673,0.7544,19.000,-69.391,92.834
924207245,2.3931,-2.0752,0.5752,52.996,-15.253,21.484
924220245,2.6104,-2.1616,0.4180,109.026,33.758,-72.205
924233245,2.4229,-2.2451,0.0444,159.625,55.547,-151.673
924246245,1.9331,-2.0762,-0.2290,142.657,61.773,-205.017
924259245,1.3652,-1.7749,-0.5845,77.838,53.961,-215.698
924272245,0.7773,-1.1973,-0.6685,-9.870,12.579,-190.979
924285245,0.2651,-0.6392,-0.5801,-121.992,-43.085,-143.372
924298245,-0.0942,-0.0229,-0.2295,-207.197,-73.298,-100.525
924311245,-0.2935,0.5972,0.2085,-234.907,-78.303,-67.383
924324245,-0.4795,1.1826,0.6187,-224.042,-70.063,-41.809
924337245,-0.5942,1.6338,0.9209,-177.656,-39.850,-17.151
924350245,-0.7422,1.9297,1.1274,-110.212,-0.605,9.582
924363245,-0.7510,1.9077,1.2778,-39.655,45.599,44.861
924376245,-0.5703,1.6206,1.2495,32.733,60.735,91.675
924389245,-0.2646,1.2627,0.9404,56.475,45.660,131.592
924402245,0.0483,0.9009,0.6963,59.649,45.782,157.715
924415245,0.5029,0.4062,0.6040,49.029,52.435,178.833
924428245,0.9429,-0.2500,0.5659,27.606,59.881,185.058
924441245,1.5781,-0.9165,0.6147,39.568,50.359,159.302
924454245,2.0410,-1.5127,0.5957,62.823,38.641,130.981
924467245,2.4097,-1.9995,0.6104,77.838,13.922,87.829
924480245,2.7715,-2.4150,0.2773,87.969,13.494,10.376
924493245,2.7891,-2.6489,0.0039,112.811,59.942,-71.472
924506245,2.4810,-2.5303,-0.0747,109.759,89.666,-149.109
924519245,1.9971,-2.2153,-0.3159,100.665,83.807,-199.036
924532245,1.3931,-1.8154,-0.5552,65.386,71.172,-198.365
924545245,0.9346,-1.3506,-0.6216,-10.297,53.350,-176.819
924558245,0.7686,-0.7959,-0.6475,-112.226,20.147,-151.428
924571245,0.5371,-0.1968,-0.3223,-205.549,7.940,-136.536
924584245,0.2349,0.4658,0.2568,-245.344,-26.911,-109.131
924597245,0.0723,1.1846,0.7212,-249.189,-49.311,-84.168
924610245,-0.1782,1.7983,1.2217,-209.943,-75.739,-70.740
924623245,-0.4409,2.1997,1.4116,-112.653,-75.800,-32.776
924636245,-0.8452,2.2187,1.2280,-3.400,26.739,-3.418
924649245,-0.7280,2.1621,1.1958,62.090,60.247,49.621
924662245,-0.5112,1.8013,1.0044,78.448,50.482,107.788
924675245,-0.1377,1.2705,0.6201,69.781,40.167,156.738
924688245,0.3677,0.6284,0.5903,44.024,30.889,202.698
924701245,0.9746,-0.0127,0.3281,28.521,28.753,213.012
924714245,1.5610,-0.7979,0.3911,5.572,18.804,193.359
924727245,2.2451,-1.7739,0.3286,-9.992,22.772,138.977
924740245,2.7407,-2.4927,0.3574,21.136,28.326,73.791
924753245,3.0908,-3.0957,0.1431,72.589,17.950,-9.094
924766245,2.9844,-3.1567,-0.0620,78.265,32.110,-111.573
924779245,2.5610,-2.8657,-0.2515,68.682,36.871,-204.529
924792245,1.9102,-2.2983,-0.4170,54.766,56.707,-251.160
924805245,1.2661,-1.5396,-0.5854,14.605,70.318,-249.146
924818245,0.6309,-0.8232,-0.4854,-72.004,37.786,-216.736
924831245,0.2808,-0.0830,-0.1812,-163.068,-11.164,-163.574
924844245,0.0859,0.5181,0.1729,-207.075,-31.672,-115.662
924857245,0.1240,1.2808,0.4990,-222.822,-22.822,-97.168
924870245,-0.1006,1.7520,1.0952,-194.501,-30.207,-77.027
924883245,-0.0093,2.1494,1.2119,-134.199,29.852,-47.547
924896245,-0.5830,2.4028,1.3818,-19.941,38.641,-6.897
924909245,-0.5566,2.1621,1.3086,61.480,46.575,53.955
924922245,-0.3789,1.7402,1.0273,91.937,41.143,114.441
924935245,0.0122,1.2256,0.6738,96.942,42.852,165.954
924948245,0.4194,0.4165,0.4165,78.265,45.416,195.129
924961245,0.9312,-0.0996,0.2905,36.944,33.941,203.918
924974245,1.3896,-0.8940,0.2026,23.760,25.030,201.477
924987245,2.1309,-1.5522,0.1709,27.178,30.706,156.738
925000245,2.3281,-2.3271,0.1021,41.522,14.532,117.920
925013245,2.7085,-2.7983,0.0181,41.400,3.484,48.095
925026245,2.6968,-3.1797,-0.2725,44.390,25.823,-61.646
925039245,2.4927,-2.9727,-0.2739,48.907,53.350,-155.884
925052245,1.9468,-2.5801,-0.4575,32.061,47.979,-212.281
925065245,1.3892,-1.8545,-0.6958,-12.861,49.078,-226.380
925078245,0.8047,-1.0859,-0.6235,-95.380,24.664,-198.548
925091245,0.5283,-0.3071,-0.2856,-191.022,-17.390,-149.292
925104245,0.4219,0.3813,0.2065,-250.959,-45.038,-114.319
925117245,0.3159,1.0532,0.8516,-252.546,-78.425,-99.243
925130245,0.2090,1.6870,1.2876,-184.797,-103.205,-74.097
925143245,0.0229,2.1812,1.5166,-80.488,-40.705,-50.843
925156245,-0.3101,2.3579,1.4863,19.000,4.095,-35.095
925169245,-0.5937,2.3447,1.5400,71.063,32.049,-2.259
925182245,-0.6431,2.0596,1.4067,110.430,14.105,79.773
925195245,-0.3799,1.5322,0.9551,126.727,-8.051,159.546
925208245,0.0723,1.0620,0.6143,111.102,-20.197,212.036
925221245,0.4551,0.4575,0.2056,92.852,-16.047,240.356
925234245,0.9722,-0.3135,0.1758,58.795,-6.708,246.521
925247245,1.6392,-0.9326,-0.0049,41.277,-3.718,211.914
925260245,1.9243,-1.5718,0.0620,35.479,-9.333,196.106
925273245,2.4038,-2.0923,-0.0034,63.250,-16.779,152.221
925286245,2.6758,-2.6636,-0.1997,68.560,8.917,57.129
925299245,2.7456,-2.8828,-0.2031,74.236,27.288,-37.720
925312245,2.5649,-2.6982,-0.2280,75.213,50.359,-117.615
925325245,2.0605,-2.4478,-0.4956,72.100,70.074,-203.980
925338245,1.4839,-1.8101,-0.5718,45.123,96.136,-224.365
925351245,0.8525,-1.2056,-0.4937,-20.063,76.299,-202.027
925364245,0.6631,-0.5957,-0.2979,-106.245,52.740,-164.734
925377245,0.4067,-0.0615,0.1519,-166.974,25.640,-132.508
925390245,0.3721,0.4805,0.5029,-177.534,-5.549,-93.201
925403245,0.2891,0.9683,0.8369,-169.660,-20.624,-90.332
925416245,0.2329,1.5933,1.1709,-145.307,-26.423,-80.017
925429245,-0.0459,2.0879,1.7554,-82.197,10.870,-54.322
925442245,-0.4185,2.3311,1.7651,18.206,2.935,8.301
925455245,-0.4932,2.2451,1.6221,78.875,5.010,67.749
925468245,-0.3594,1.8779,1.4395,101.214,0.128,127.868
925481245,-0.0977,1.3618,0.9697,111.773,-5.854,174.133
925494245,0.3403,0.7534,0.5132,122.881,-6.037,215.637
925507245,0.8062,0.0312,0.1646,109.637,8.550,230.713
925520245,1.4106,-0.5596,-0.0220,97.552,15.753,218.872
925533245,2.0117,-1.4316,-0.2007,45.001,29.424,155.884
925546245,2.4883,-2.2788,-0.2070,63.311,17.889,124.634
925559245,2.8052,-2.8989,-0.3291,93.890,-8.417,50.171
925572245,2.8706,-3.2090,-0.4219,83.758,-14.338,-45.044
925585245,2.5957,-2.9297,-0.6567,88.763,28.204,-125.672
925598245,1.9780,-2.5420,-0.7783,57.147,60.491,-202.698
925611245,1.3970,-1.8306,-0.8057,35.296,74.835,-237.366
925624245,0.8589,-1.2241,-0.7217,-38.618,76.910,-213.745
925637245,0.5708,-0.5928,-0.3921,-128.339,46.026,-166.016
925650245,0.4507,-0.0107,0.0146,-173.932,14.837,-118.286
925663245,0.3711,0.4736,0.5059,-188.581,-9.882,-94.361
925676245,0.1948,0.9321,1.0596,-184.186,-56.147,-84.168
925689245,0.2817,1.5088,1.4248,-130.720,-20.991,-53.833
925702245,0.2305,1.8638,1.4893,-58.942,10.931,-40.833
925715245,-0.0806,2.0649,1.6470,21.258,23.138,-18.738
925728245,-0.2588,2.0371,1.6099,77.960,19.720,34.118
925741245,-0.2275,1.6328,1.3076,124.774,-8.112,106.140
925754245,-0.0020,1.1543,0.9146,108.782,-25.629,159.546
925767245,0.3340,0.6875,0.4614,97.857,-24.348,193.237
925780245,0.7725,0.0210,0.2886,95.782,-14.887,213.379
925793245,1.1846,-0.5215,0.0771,89.312,-28.864,217.712
925806245,1.2627,-1.6729,-0.2520,91.631,-38.752,170.166
925819245,2.2563,-1.8770,-0.2285,40.423,-16.169,142.273
925832245,2.4751,-2.4624,-0.2715,77.960,-19.770,77.026
925845245,2.6689,-2.8315,-0.4771,97.613,-10.432,-12.146
925858245,2.5215,-2.7490,-0.6011,95.477,15.325,-105.530
925871245,2.0015,-2.5166,-0.7295,80.279,47.918,-194.336
925884245,1.4941,-1.8877,-0.8223,66.546,86.431,-235.535
925897245,0.7705,-1.3735,-0.8896,11.248,91.009,-218.933
925910245,0.3701,-0.7500,-0.6357,-72.309,48.040,-171.448
925923245,0.2246,-0.2666,-0.2964,-154.218,16.668,-114.075
925936245,0.1226,0.3076,0.1074,-180.036,-0.727,-79.834
925949245,0.0181,0.9561,0.5972,-169.477,-19.648,-58.594
925962245,-0.0674,1.4585,0.8945,-148.725,35.955,-30.274
925975245,-0.1152,1.8335,1.4805,-114.057,40.960,16.174
925988245,-0.1387,2.0488,1.7764,-61.872,4.766,73.913
926001245,-0.0610,1.9180,1.7129,5.572,-16.901,130.432
926014245,0.2153,1.5244,1.5112,49.090,-13.117,162.170
926027245,0.4980,1.0181,1.1362,75.396,4.522,170.776
926040245,0.8223,0.4697,0.8442,108.050,22.833,171.020
926053245,1.1665,-0.1016,0.5146,127.764,20.941,164.490
926066245,1.5093,-0.6240,0.1846,140.643,9.527,144.836
926079245,1.8916,-1.3784,-0.1230,160.357,8.734,109.863
926092245,2.4111,-2.0493,-0.5513,141.314,32.720,28.259
926105245,2.5742,-2.5581,-0.7461,159.197,48.712,-39.978
926118245,2.3799,-2.7705,-0.9800,179.217,66.046,-110.962
926131245,1.8086,-2.5859,-1.2827,169.879,76.788,-152.649
926144245,1.1816,-2.2935,-1.6016,97.796,121.221,-185.913
926157245,0.7285,-1.6157,-1.5566,-6.574,123.541,-171.265
926170245,0.2495,-1.0840,-1.1743,-148.847,49.993,-107.666
926183245,0.2842,-0.5107,-0.6992,-258.710,-12.446,-44.129
926196245,0.3696,0.0649,0.0713,-306.806,-70.917,-12.757
926209245,0.4985,0.5576,0.7114,-312.116,-53.034,-22.888
926222245,0.3926,0.9814,1.3833,-208.784,-19.404,-29.175
926235245,0.4927,1.2539,1.5244,-110.517,17.156,-38.147
926248245,0.3730,1.4990,1.5825,-43.012,46.697,-42.603
926261245,0.2090,1.5894,1.6494,17.779,33.026,-14.649
926274245,0.1201,1.4619,1.4893,54.339,11.358,27.893
926287245,0.1387,1.1968,1.3247,73.504,-19.404,78.064
926300245,0.3115,0.8730,1.0127,88.091,-36.005,114.258
926313245,0.4976,0.5703,0.7329,102.557,-27.460,129.638
926326245,0.7568,0.1509,0.4502,123.797,-4.023,133.606
926339245,1.0640,-0.2725,0.2373,134.966,-6.464,127.197
926352245,1.3750,-0.8179,-0.1162,144.854,-12.995,113.098
926365245,1.7168,-1.4873,-0.3550,142.291,-6.220,74.096
926378245,2.2124,-2.0591,-0.6553,99.200,9.588,11.352
926391245,2.2686,-2.5835,-0.8340,129.778,17.095,-42.176
926404245,2.2607,-2.7681,-1.1357,108.355,32.171,-95.642
926417245,1.6030,-2.4170,-1.1533,90.350,39.617,-140.137
926430245,1.2188,-2.0674,-1.3184,31.512,65.862,-161.743
926443245,0.8486,-1.5166,-1.2813,-63.581,52.923,-151.062
926456245,0.5942,-1.1587,-0.9863,-164.411,24.908,-116.760
926469245,0.6040,-0.6714,-0.6123,-223.310,-3.412,-75.989
926482245,0.6226,-0.2119,-0.1128,-254.560,-37.226,-59.265
926495245,0.5962,0.2026,0.3657,-257.978,-60.541,-63.172
926508245,0.5620,0.5151,0.5532,-209.699,14.288,-77.820
926521245,0.5259,1.0073,1.1377,-150.800,38.702,-83.679
926534245,0.3335,1.3950,1.6060,-89.338,36.443,-75.318
926547245,0.1392,1.6260,1.7041,-12.128,28.509,-41.504
926560245,0.0195,1.6895,1.6855,43.597,26.556,-3.845
926573245,0.0400,1.5034,1.5132,97.552,21.795,40.405
926586245,0.0400,1.1694,1.2329,122.393,-9.455,89.355
926599245,0.2280,0.8125,0.8848,133.380,-36.188,134.704
926612245,0.5439,0.4810,0.4687,139.544,-37.165,156.860
926625245,0.7832,-0.0410,0.2129,141.924,-26.789,167.969
926638245,1.1182,-0.5928,-0.1191,160.113,-29.169,177.734
926651245,1.6699,-1.2524,-0.5049,123.248,-29.841,147.094
926664245,1.8652,-1.9531,-0.6987,119.708,-29.658,118.591
926677245,2.1875,-2.4238,-0.9355,115.130,-13.849,53.955
926690245,2.1904,-2.7993,-1.1245,99.505,9.222,-29.602
926703245,2.0327,-2.6880,-1.1963,86.688,41.754,-99.243
926716245,1.5073,-2.5015,-1.3442,61.053,64.337,-149.964
926729245,1.1157,-1.9512,-1.3125,8.929,91.741,-169.800
926742245,0.6880,-1.4561,-1.1201,-91.352,70.013,-146.912
926755245,0.7324,-0.9526,-0.7627,-171.491,58.111,-124.329
926768245,0.7021,-0.4785,-0.2051,-208.234,27.471,-98.084
926781245,0.7778,-0.0957,0.3149,-217.756,-6.464,-93.506
926794245,1.0693,0.2461,0.5098,-194.196,52.679,-107.361
926807245,0.7354,0.6738,0.9580,-115.339,38.580,-108.582
926820245,0.5137,0.9414,1.1807,-83.478,25.030,-94.055
926833245,0.2979,1.2295,1.2720,-57.661,0.005,-63.233
926846245,0.0674,1.4351,1.4429,-24.579,-12.324,-18.860
926859245,-0.0615,1.4551,1.4995,17.840,-17.878,29.602
926872245,-0.0171,1.2944,1.3242,56.719,-25.324,80.261
926885245,0.1250,1.0049,1.0957,80.218,-33.503,120.117
926898245,0.3145,0.5615,0.7729,99.932,-41.926,151.855
926911245,0.7153,0.0986,0.3706,105.975,-34.357,168.701
926924245,1.0288,-0.4038,0.1328,108.172,-26.911,166.260
926937245,1.2305,-0.9243,-0.0542,107.256,-35.700,148.681
926950245,1.6899,-1.4854,-0.4238,87.908,-30.024,114.135
926963245,1.9336,-2.1152,-0.5596,95.416,-21.052,76.904
926976245,2.1040,-2.5278,-0.7280,85.040,-12.873,2.624
926989245,1.9995,-2.6313,-0.8770,79.669,9.893,-73.975
927002245,1.7246,-2.4336,-0.9526,64.105,51.824,-129.761
927015245,1.3198,-2.1274,-1.0811,47.930,71.966,-176.758
927028245,0.9014,-1.6597,-1.0518,-7.368,98.821,-178.833
927041245,0.7627,-1.0479,-0.7915,-93.305,79.229,-154.419
927054245,0.5659,-0.7100,-0.5098,-153.669,66.595,-126.343
927067245,0.5430,-0.3091,-0.1094,-187.910,46.331,-97.534
927080245,0.7129,0.0718,0.1685,-209.882,61.468,-98.023
927093245,0.7300,0.4058,0.5454,-203.412,93.389,-106.446
927106245,0.6753,0.7515,0.9180,-205.366,90.399,-89.783
927119245,0.5713,1.0454,1.1646,-203.657,36.566,-60.730
927132245,0.5527,1.1787,1.2378,-147.199,3.240,-20.203
927145245,0.5308,1.1069,1.2466,-75.483,-0.910,9.094
927158245,0.5425,0.8501,1.1021,-23.542,9.283,13.977
927171245,0.5972,0.6089,0.9077,4.290,29.852,6.042
927183245,0.6108,0.3052,0.5747,23.272,41.998,3.784
927196245,0.5107,0.0566,0.4209,27.361,41.998,15.747
927209245,0.4922,-0.3838,0.3105,2.825,28.875,40.588
927222245,0.5161,-0.6499,0.1694,-13.227,15.264,79.101
927235245,0.6001,-0.9668,-0.0405,-50.458,10.137,109.131
927248245,0.6372,-1.0942,-0.0708,-99.225,-16.596,111.755
927261245,0.8115,-1.1270,0.1353,-137.372,-23.066,100.219
927274245,0.8999,-1.1670,0.2954,-122.419,-21.113,92.407
927287245,1.1191,-1.4365,0.3491,-59.125,-25.751,77.270
927300245,1.2622,-1.7598,0.2324,-38.984,-33.747,38.818
927313245,1.3315,-1.9780,0.1777,-31.232,-20.075,-16.419
927326245,1.2461,-2.0396,0.2485,-12.556,-22.333,-57.068
927339245,1.1157,-1.9619,0.2275,-20.307,-27.460,-85.877
927352245,0.9292,-1.8457,0.0596,1.055,-33.625,-112.915
927365245,0.7983,-1.5376,-0.1255,7.159,-14.399,-130.432
927378245,0.5317,-1.2158,-0.1772,-34.772,19.720,-131.775
927391245,0.3315,-0.7744,0.0386,-87.873,7.940,-97.840
927404245,0.3887,-0.3027,0.0957,-129.011,2.508,-55.908
927417245,0.4209,0.2871,0.3320,-147.382,7.330,-26.490
927430245,0.4248,0.8848,0.6929,-135.602,9.100,5.615
927443245,0.4854,1.3193,0.9810,-89.765,1.714,25.573
927456245,0.4810,1.5562,1.2373,-26.472,13.128,31.372
927469245,0.5093,1.5161,1.2583,54.522,44.988,39.795
927482245,0.4766,1.2363,1.0371,128.680,42.059,49.927
927495245,0.4336,0.9390,0.7847,169.879,26.739,78.308
927508245,0.4263,0.5874,0.4253,188.372,23.626,107.300
927521245,0.5068,0.2637,0.1113,186.419,32.110,139.160
927534245,0.5005,-0.3325,-0.1826,172.076,39.373,143.799
927547245,0.7114,-1.0332,-0.2920,172.991,43.829,133.240
927560245,1.2671,-1.6582,-0.4341,120.501,70.135,161.499
927573245,1.4360,-2.2446,-0.4858,86.932,34.307,127.746
927586245,1.6934,-2.7632,-0.6108,48.419,14.898,87.951
927599245,1.7271,-3.0356,-0.6421,16.192,11.541,26.550
927612245,1.6035,-2.9058,-0.5630,-39.350,9.954,-27.161
927625245,1.4258,-2.5205,-0.5518,-84.333,1.287,-78.064
927638245,1.0254,-2.0732,-0.5317,-124.982,-11.103,-86.426
927651245,1.0244,-1.3970,-0.2261,-148.359,-15.314,-72.449
927664245,1.0747,-0.8584,-0.1182,-191.694,-22.822,-91.675
927677245,1.0420,-0.3267,0.1367,-208.539,-18.915,-112.671
927690245,0.9541,0.2485,0.3799,-181.806,-19.465,-122.864
927703245,0.8174,0.7266,0.4189,-142.682,-14.094,-121.338
927716245,0.6943,1.2695,0.6973,-103.925,-6.220,-125.122
927729245,0.4458,1.7012,0.9541,-74.933,-5.610,-112.549
927742245,0.1406,1.9258,1.0542,-24.152,1.104,-74.036
927755245,-0.0586,1.9546,1.0630,33.526,9.039,-18.799
927768245,-0.0825,1.6406,0.9805,82.598,2.142,46.203
927781245,0.1045,1.1680,0.6362,110.491,2.386,99.975
927794245,0.3081,0.6445,0.2461,117.999,21.307,132.385
927807245,0.4722,0.1909,0.1001,104.510,33.087,150.757
927820245,0.6846,-0.1279,0.0356,89.007,27.960,169.861
927833245,0.8306,-0.5400,-0.0835,84.490,31.378,170.471
927846245,1.1606,-0.9644,-0.0947,92.669,50.909,166.565
927859245,1.8296,-1.4727,-0.0884,75.579,61.773,130.615
927872245,1.9487,-2.2783,0.0957,69.537,15.142,91.919
927885245,2.3804,-2.6392,-0.1250,48.480,7.635,34.363
927898245,2.5005,-3.0195,-0.1938,45.306,-11.225,-67.749
927911245,1.5894,-2.7588,-0.2642,65.386,20.086,-120.178
927924245,1.3760,-2.4277,-0.4370,-11.091,-2.497,-154.602
927937245,1.1255,-1.9243,-0.4302,-32.270,-30.573,-180.237
927950245,0.7812,-1.3730,-0.3779,-82.807,-5.793,-169.373
927963245,0.6289,-0.7983,-0.2681,-133.710,-6.830,-148.010
927976245,0.5859,-0.3394,-0.0879,-152.936,-11.713,-121.765
927989245,0.5581,0.2090,0.1450,-151.411,-10.004,-113.343
928002245,0.3979,0.6367,0.3535,-134.199,9.100,-121.765
928015245,0.4341,1.1895,0.5991,-103.254,31.805,-103.394
928028245,0.3960,1.6416,0.8315,-77.131,34.673,-78.552
928041245,0.2788,1.9541,1.1768,-40.937,15.875,-35.950
928054245,0.2021,2.0166,1.3154,17.230,-4.267,15.991
928067245,0.2793,1.6772,1.1138,102.740,-1.765,71.106
928080245,0.5068,1.5259,0.9497,152.789,-12.385,115.173
928093245,0.5166,0.8940,0.4585,141.741,13.128,128.113
928106245,0.6392,0.4365,0.2227,151.873,20.635,150.146
928119245,0.8550,-0.1362,0.0796,148.455,10.381,168.640
928132245,1.0762,-0.7505,-0.1992,144.488,8.611,178.589
928145245,1.6274,-1.4146,-0.4126,126.360,19.048,169.494
928158245,1.7471,-2.2412,-0.4604,98.284,-4.206,136.352
928171245,2.0991,-2.9561,-0.7129,85.772,-13.727,73.303
928184245,2.0669,-3.2998,-0.8672,63.067,12.518,-13.306
928197245,1.7959,-3.1528,-0.8301,8.624,15.081,-87.647
928210245,1.3604,-2.8076,-0.9287,-28.791,0.250,-154.419
928223245,0.9888,-2.1455,-0.8296,-67.548,31.622,-183.167
928236245,0.5913,-1.4751,-0.6689,-123.701,42.242,-174.988
928249245,0.5332,-0.8594,-0.5044,-173.749,40.533,-136.475
928262245,0.4502,-0.3203,-0.1406,-196.699,34.490,-99.671
928275245,0.4482,0.1880,0.2686,-199.079,12.701,-62.195
928288245,0.6113,0.7246,0.5503,-188.093,-7.258,-43.823
928301245,0.7354,1.2886,0.7852,-173.871,-1.215,-49.256
928314245,0.6948,1.8335,1.1006,-125.349,3.668,-46.997
928327245,0.5830,2.1240,1.2925,-50.397,6.658,-15.930
928340245,0.4126,2.1001,1.3076,30.047,10.870,28.381
928353245,0.3516,1.9365,1.3828,114.031,-13.300,91.552
928366245,0.4019,1.4233,0.9600,124.407,-23.249,135.498
928379245,0.5610,1.0049,0.4819,145.342,-13.849,165.649
928392245,0.7666,0.4556,0.1987,160.052,3.546,186.889
928405245,0.9277,-0.3848,-0.2295,148.577,14.288,192.444
928418245,1.2852,-0.9937,-0.2822,136.553,-5.244,201.477
928431245,1.8735,-1.5903,-0.3516,86.138,-31.061,201.172
928444245,1.8379,-2.4214,-0.4399,46.404,-62.983,166.748
928457245,2.2129,-2.8999,-0.4507,40.423,-69.086,107.788
928470245,2.2622,-3.0776,-0.5000,14.178,-66.889,21.362
928483245,2.0356,-2.9453,-0.6001,-11.823,-61.884,-67.322
928496245,1.7070,-2.4331,-0.5361,-28.730,-49.982,-146.363
928509245,1.2734,-1.8169,-0.4712,-62.787,-25.385,-199.280
928522245,0.8501,-1.2056,-0.4424,-75.483,2.081,-225.830
928535245,0.4780,-0.6431,-0.2690,-93.000,25.091,-210.877
928548245,0.3149,-0.1313,-0.0669,-113.752,33.697,-175.354
928561245,0.1050,0.2969,0.0786,-121.381,33.758,-121.155
928574245,0.1270,0.7378,0.2759,-139.203,32.232,-63.294
928587245,0.3013,1.2417,0.5527,-150.617,25.457,-16.114
928600245,0.4814,1.7173,1.0288,-143.049,2.020,20.141
928613245,0.5806,1.9497,1.3823,-88.788,-39.118,56.457
928626245,0.6670,2.0010,1.3682,-2.363,-16.291,71.777
928639245,0.7036,1.7627,1.2510,80.096,29.485,64.880
928652245,0.8032,1.4658,1.0645,188.983,40.289,73.791
928665245,0.5479,0.7798,0.5508,189.105,50.726,83.008
928678245,0.5771,0.3462,0.2598,179.888,41.509,110.229
928691245,0.7832,-0.2354,-0.0400,176.043,20.086,150.146
928704245,1.0347,-0.9126,-0.2119,162.615,13.677,153.198
928717245,1.5078,-1.5918,-0.3428,106.585,32.415,155.029
928730245,1.7041,-2.1499,-0.4106,107.195,44.500,100.952
928743245,1.9531,-2.4722,-0.4692,137.896,104.559,29.419
928756245,1.8315,-2.6890,-0.5562,147.784,181.524,-60.059
928769245,1.7036,-2.5493,-0.7666,156.268,278.753,-163.574
928782245,1.4248,-2.1606,-0.7539,160.845,366.461,-279.236
928795245,0.8232,-1.6528,-0.6865,126.116,402.044,-339.417
928808245,0.5083,-1.0649,-0.2788,97.369,446.172,-350.830
928821245,0.3022,-0.7368,-0.0586,87.847,464.361,-297.791
928834245,0.1562,-0.6133,0.1860,133.318,448.187,-204.651
928847245,0.0986,-0.5674,0.2007,184.283,413.397,-102.600
928860245,0.1089,-0.5010,0.1050,216.570,389.227,-8.057
928873245,0.3174,-0.5171,0.1182,223.589,351.629,70.434
928886245,0.6187,-0.5044,0.1650,214.373,255.926,96.252
928899245,1.0327,-0.4780,0.0562,224.139,100.347,50.964
928912245,1.1616,-0.4585,-0.1685,238.360,-18.305,3.540
928925245,1.2349,-0.4155,-0.4585,275.958,-20.502,-54.322
928938245,1.0825,-0.3281,-0.6675,310.504,61.468,-105.469
928951245,0.8096,-0.2661,-0.6675,317.889,182.806,-151.978
928964245,0.4824,-0.1841,-0.6440,322.222,267.401,-176.880
928977245,0.3979,-0.1426,-0.6118,309.344,281.805,-179.260
928990245,0.3721,-0.1045,-0.6768,256.060,216.375,-188.416
929003245,0.3052,-0.1294,-0.7466,204.852,127.691,-185.608
929016245,0.2715,-0.1631,-0.6182,177.996,60.858,-155.518
929029245,0.3545,-0.2671,-0.7500,174.578,26.190,-125.366
929042245,0.3672,-0.1768,-0.8091,171.465,30.279,-112.610
929055245,0.4009,-0.1938,-0.9722,174.395,60.613,-116.150
929068245,0.2700,-0.1650,-1.1060,177.752,129.461,-124.329
929081245,0.0054,-0.0937,-1.1235,161.456,164.373,-129.334
929094245,-0.0601,-0.1045,-1.1504,113.299,191.473,-137.024
929107245,0.0063,-0.0957,-1.1636,70.025,198.980,-132.508
929120245,-0.2446,0.0615,-0.9243,40.545,189.337,-117.920
929133245,-0.2339,0.0469,-0.8511,27.545,150.884,-94.116
929146245,-0.1431,0.0967,-0.8398,21.990,119.512,-77.942
929159245,-0.0923,0.1553,-0.8208,26.263,108.282,-80.384
929172245,0.0225,0.1543,-0.8760,49.273,100.225,-83.985
929185245,-0.0576,0.2285,-0.8896,52.447,76.422,-90.698
929198245,-0.0762,0.2534,-1.0269,30.963,52.252,-84.717
929211245,-0.1079,0.2739,-1.0840,7.098,47.796,-83.435
929224245,-0.1763,0.3306,-0.9902,-36.054,47.552,-77.515
929237245,-0.0679,0.2534,-1.0078,-32.331,44.256,-73.975
929250245,-0.0479,0.3203,-0.9287,-7.307,28.143,-72.693
929263245,-0.0566,0.2866,-0.9624,1.360,-0.117,-75.806
929276245,-0.1411,0.2939,-1.1025,-4.560,-12.324,-82.886
929289245,-0.2202,0.2881,-1.2251,-16.950,-10.493,-82.581
929302245,-0.3369,0.2939,-1.1826,-33.002,-6.891,-70.069
929315245,-0.3154,0.2510,-1.1138,-43.989,-4.633,-53.345
929328245,-0.3003,0.2363,-1.0640,-43.867,-5.305,-44.983
929341245,-0.2563,0.2349,-1.0596,-32.880,0.921,-48.706
929354245,-0.2520,0.2314,-1.0132,-22.932,13.922,-57.984
929367245,-0.2651,0.2202,-0.9370,-10.908,43.707,-60.120
929380245,-0.2979,0.2354,-0.9321,7.281,57.318,-56.275
929393245,-0.3472,0.2808,-0.9341,17.901,46.819,-51.819
929406245,-0.8711,0.0796,-1.0786,-60.651,-95.087,-51.026
929419245,-0.3345,0.1831,-1.2886,-59.431,-121.393,-21.912
929432245,-0.1919,0.2515,-1.0508,-55.829,-112.177,17.944
929445245,-0.2109,0.2168,-1.0166,-49.299,-102.839,9.948
929458245,-0.0288,0.2939,-1.1235,-52.717,-90.571,7.934
929471245,-0.1011,0.3384,-1.0601,-48.810,-96.003,27.344
929484245,-0.1270,0.4434,-0.9336,-37.580,-108.515,49.377
929497245,-1.4492,0.1084,0.2612,0.323,-187.800,96.679
929510245,-0.0928,0.0815,-1.4077,2.764,-72.077,106.140
929523245,0.1577,0.4116,-1.3115,-10.724,-38.141,130.249
929536245,-0.2080,0.1904,-0.9067,-7.673,-11.103,153.198
929549245,-0.1743,0.1040,-1.1519,18.328,-3.718,130.066
929562245,0.1064,0.2808,-1.0596,6.609,4.156,91.491
929575245,0.1396,0.2837,-1.1001,4.351,0.616,85.998
929588245,0.2192,0.3359,-1.0430,-4.926,-3.351,112.732
929601245,0.0718,0.3398,-0.9849,-8.710,-7.990,146.789
929614245,-0.0962,0.2842,-0.6436,47.320,-47.114,194.946
929627245,-0.1050,0.4312,-0.0581,98.712,-167.109,240.051
929640245,-0.4780,-0.1001,0.1855,64.776,-262.629,214.844
929653245,-0.3008,0.0669,0.1001,46.160,-353.022,166.443
929666245,-0.1470,0.0703,-0.3589,-517.377,-320.185,-4.151
929679245,-1.1108,-1.4082,0.0532,-51.862,-115.595,-48.889
929692245,-0.0820,0.2793,0.0229,59.588,40.594,5.127
929705245,0.2187,-0.3745,-1.9971,-6.635,-72.443,18.127
929718245,-0.2339,0.1665,-0.1113,2.581,-4.084,1.953
929731245,0.1304,-0.1514,-1.1582,-2.973,2.752,-0.733
929744245,0.1899,0.0796,-1.2603,-4.926,2.874,-0.244
929757245,0.1846,0.0439,-1.1914,-1.813,0.860,-0.244
929770245,0.1455,0.0127,-1.0742,-0.165,0.677,0.183
929783245,0.1328,-0.0146,-1.0679,0.689,-0.239,0.061
929796245,0.1328,0.0010,-1.0537,0.689,-0.300,0.244
929809245,0.1411,-0.0039,-1.0723,0.140,0.494,0.183
929822245,0.1382,-0.0049,-1.0776,0.750,-0.300,0.183
929835245,0.1411,-0.0068,-1.0566,0.872,0.433,0.305
929848245,0.1304,0.0063,-1.0405,1.116,-0.239,0.427
929861245,0.1328,0.0054,-1.0654,-0.043,0.067,0.183
929874245,0.1436,0.0049,-1.0850,0.201,0.433,-0.061
929887245,0.1304,0.0015,-1.0601,-0.471,0.005,-0.061
929900245,0.1372,0.0000,-1.0479,-0.165,0.067,-0.000
929913245,0.1318,-0.0029,-1.0469,-0.226,-0.056,-0.122
929926245,0.1377,0.0029,-1.0630,-0.471,0.005,0.122
929939245,0.1343,-0.0015,-1.0552,0.384,0.005,-0.061
929952245,0.1304,0.0015,-1.0415,0.079,0.005,0.122
929965245,0.0190,0.0322,-0.8691,-5.109,-25.995,-0.244
929978245,0.1304,-0.0073,-1.0293,2.459,2.264,0.427
929991245,0.1221,0.0024,-1.0303,0.689,1.165,0.061
930004245,0.1328,0.0000,-1.0439,-0.165,-0.361,-0.183
930017245,0.1299,0.0029,-1.0464,-1.264,-2.009,0.122
930030245,0.1416,-0.0010,-1.0640,-2.607,-2.192,-0.122
930043245,0.1479,0.0015,-1.0654,-1.142,-3.535,-0.244
930056245,0.1465,-0.0073,-1.0767,0.506,-0.361,0.183
930069245,0.1211,0.0078,-1.0386,0.750,-0.056,-0.000
930082245,0.0967,0.0171,-0.9766,-1.386,0.372,-0.183
930095245,0.2397,-0.0728,-1.2607,-1.691,3.668,-0.122
930108245,0.1431,-0.0088,-1.0669,-0.226,2.447,0.427
930121245,0.1367,0.0088,-1.0562,0.628,0.799,0.732
930134245,0.1382,0.0293,-1.0391,-0.410,-0.422,2.746
930147245,0.1377,0.0347,-1.0508,-1.752,-1.826,6.286
930160245,0.1489,-0.0259,-1.0522,-2.119,-1.642,4.638
930173245,0.1450,-0.0229,-1.0576,-2.302,-2.253,0.305
930186245,0.1382,-0.0044,-1.0498,0.140,-3.046,0.305
930199245,0.1333,-0.0020,-1.0435,0.018,-3.779,0.427
930212245,0.1445,-0.0049,-1.0498,-0.287,-3.535,0.183
930225245,0.1450,-0.0054,-1.0576,0.140,-3.107,0.183
930238245,0.1406,-0.0024,-1.0527,0.506,-3.107,0.366
930251245,0.1445,-0.0049,-1.0527,-0.226,-1.398,0.061
930264245,0.1484,-0.0020,-1.0562,-0.226,-0.361,0.366
930277245,0.1411,0.0000,-1.0547,-0.165,0.372,0.488
930290245,0.1431,-0.0010,-1.0537,0.384,0.005,0.549
930303245,0.1406,-0.0039,-1.0444,0.506,-0.361,0.427
930316245,0.1191,-0.0068,-1.0493,2.337,-7.929,1.098
930329245,0.1714,0.0112,-1.0605,2.947,-10.737,2.014
930342245,0.1572,0.0034,-1.0601,-1.020,1.959,2.441
930355245,0.1021,0.0527,-1.0313,-2.180,2.386,6.775
930368245,0.0830,0.2354,-1.0298,-4.743,5.071,23.010
930381245,0.1270,-0.2524,-1.0674,3.436,9.466,42.724
930394245,0.2012,-0.0601,-1.1162,2.581,2.264,0.183
930407245,0.1519,0.0005,-1.0527,0.018,3.118,-0.244
930420245,0.1475,0.0088,-1.0464,-0.593,2.203,-0.061
930433245,0.1353,-0.0015,-1.0386,-1.935,-0.300,-0.000
930446245,0.1494,-0.0098,-1.0439,-3.400,-2.314,0.305
930459245,0.1558,0.0044,-1.0581,-1.569,-0.666,1.526
930472245,0.1489,0.0010,-1.0415,-1.447,0.128,2.563
930485245,0.1470,0.0220,-1.0503,-0.776,-1.276,1.587
930498245,0.1533,0.0117,-1.0479,0.567,-1.398,0.976
930511245,0.1436,-0.0015,-1.0513,0.628,-0.666,0.427
930524245,0.1421,-0.0044,-1.0415,0.018,0.067,0.427
930537245,0.1489,-0.0034,-1.0557,-0.043,0.372,-0.183
930550245,0.1455,0.0010,-1.0562,-0.532,0.433,-0.122
930563245,0.1489,0.0024,-1.0503,-0.898,1.776,-0.183
930576245,0.1440,-0.0010,-1.0469,-1.203,2.325,-0.000
930589245,0.1372,-0.0029,-1.0557,-0.654,1.287,-0.000
930602245,0.1475,-0.0024,-1.0532,0.140,0.616,0.366
930615245,0.1460,-0.0010,-1.0547,-0.226,0.494,0.305
930628245,0.1426,-0.0044,-1.0571,0.262,-1.154,0.244
930641245,0.1372,0.0024,-1.0391,-0.043,-1.826,0.122
930654245,0.1172,0.0044,-1.0444,-0.287,-3.596,4.638
930667245,0.1162,-0.0034,-1.0596,-2.546,-2.802,18.554
930680245,0.1104,-0.0161,-1.0557,-4.194,-2.314,26.855
930693245,0.1445,-0.0073,-1.0464,-4.255,-3.474,30.517
930706245,0.1670,0.0029,-1.0396,-3.766,-5.610,30.334
930719245,0.1475,-0.0039,-1.0479,-0.471,-6.342,26.062
930732245,0.1650,0.0132,-1.0381,-1.203,-3.107,18.615
930745245,0.1724,-0.0054,-1.0615,-0.287,-1.948,11.719
930758245,0.1665,-0.0083,-1.0205,1.849,-4.938,5.798
930771245,0.1611,0.0146,-1.0498,1.666,-2.497,-0.183
930784245,0.1489,-0.0132,-1.0547,2.886,-1.337,-0.000
930797245,0.1597,0.0137,-1.0464,1.788,-0.788,-0.000
930810245,0.1841,0.0020,-1.0542,-0.104,19.537,-0.916
930823245,-0.0522,-0.0322,-1.0078,0.201,76.910,-0.244
930836245,0.1030,0.0059,-1.0615,-0.654,28.265,-0.244
930849245,0.1313,0.0049,-1.0483,-1.508,29.547,-0.672
930862245,0.1118,0.0044,-1.0547,-0.715,26.617,-0.794
930875245,0.1089,-0.0029,-1.0635,-0.959,27.654,-0.427
930888245,0.0923,-0.0015,-1.0703,0.201,34.185,-0.183
930901245,0.1509,0.0112,-1.0923,-1.569,52.130,-0.550
930914247,0.0742,0.0029,-1.0474,-0.104,2.569,-0.550
930927247,0.1064,0.0010,-1.0879,-0.898,11.846,-0.489
930940247,0.0747,0.0039,-1.0654,-1.203,29.974,-0.061
930953247,0.0894,-0.0078,-1.0796,-1.935,47.796,-0.489
930966247,0.0649,-0.0015,-1.0830,-2.912,58.721,-0.427
930979247,0.0454,-0.0044,-1.0693,-2.668,48.956,-0.183
930992247,0.0137,-0.0010,-1.0420,-2.851,17.706,-1.709
931005247,0.0186,-0.0093,-1.0747,-2.485,12.945,-1.099
931018247,0.0225,-0.0088,-1.0713,-1.752,8.184,-0.672
931031247,0.0254,-0.0029,-1.0669,-1.752,7.147,-1.099
931044247,0.0244,-0.0088,-1.0703,-2.057,5.621,-1.404
931057248,0.0234,-0.0078,-1.0674,-1.874,5.560,-1.343
931070247,0.0239,-0.0049,-1.0679,-1.813,5.926,-1.404
931083247,0.0244,-0.0103,-1.0781,-1.935,6.536,-1.709
931096247,0.0371,-0.0063,-1.0820,-1.508,12.518,-1.404
931109247,0.0132,-0.0093,-1.0605,-2.241,14.715,-1.465
931122249,0.0078,-0.0132,-1.0591,-2.363,9.588,-1.831
931135249,0.0078,-0.0078,-1.0718,-2.302,7.452,-1.282
931148250,0.0078,-0.0083,-1.0737,-2.424,9.039,-0.794
931161251,0.0132,-0.0073,-1.0659,-0.898,3.912,-0.550
931174250,0.0034,-0.0083,-1.0640,-0.898,3.057,-0.550
931187250,0.0044,-0.0146,-1.0693,-0.654,0.921,-0.305
931200250,0.0015,-0.0088,-1.0566,-0.837,0.311,-0.550
931213250,0.0044,-0.0098,-1.0669,-0.715,0.005,-0.183
931226250,0.0020,-0.0122,-1.0605,-0.715,-0.239,-0.183
931239251,0.0054,-0.0093,-1.0596,-0.104,-0.971,-0.000
931252251,-0.0176,-0.0205,-1.0479,-0.410,-1.398,-0.305
931265252,-0.0020,-0.0117,-1.0508,-0.410,-3.046,-0.000
931278252,0.0034,-0.0166,-1.0630,0.262,-2.131,-0.122
931291252,0.0049,-0.0156,-1.0718,0.750,-2.924,-0.305
931304252,0.0166,-0.0103,-1.0728,0.445,-4.023,-0.183
931317252,0.0352,0.0044,-1.1011,0.262,-4.084,0.061
931330252,0.0127,-0.0093,-1.0659,0.323,-3.718,-0.061
931343252,0.0137,-0.0127,-1.0547,0.445,-3.718,0.183
931356252,0.0132,-0.0122,-1.0654,0.384,-3.901,0.183
931369252,0.0151,-0.0151,-1.0708,0.201,-4.206,0.183
931382252,-0.0166,-0.0146,-1.0439,0.323,0.738,0.244
931395252,0.0039,-0.0107,-1.0610,0.384,-0.422,0.122
931408252,-0.0029,-0.0156,-1.0562,0.933,-7.197,-0.672
931421252,-0.0967,-0.0078,-0.9731,0.140,-70.612,0.610
931434252,-0.0244,-0.0049,-0.9897,-1.691,-149.775,1.037
931447251,0.0034,-0.0044,-0.9741,-2.363,-215.998,2.014
931460250,0.1045,-0.0010,-1.0557,0.750,-4.694,0.366
931473250,0.1064,-0.0117,-1.0635,0.994,2.386,0.244
931486250,0.1084,-0.0117,-1.0601,0.567,5.865,-0.305
931499250,0.1040,-0.0117,-1.0596,0.933,10.137,0.061
931512250,0.0908,-0.0098,-1.0566,0.811,6.780,0.305
931525251,0.1201,-0.0107,-1.0796,1.177,21.429,0.183
931538251,0.0698,-0.0103,-1.0439,1.116,19.171,-0.122
931551250,0.0845,-0.0029,-1.0518,0.994,2.935,0.305
931564249,0.0923,-0.0073,-1.0669,0.994,2.325,0.183
931577249,0.1514,-0.0068,-1.1147,1.544,30.889,0.183
931590249,0.1167,-0.0054,-1.0957,2.215,68.365,0.122
931603249,0.0742,-0.0059,-1.0781,3.192,81.365,-0.061
931616249,0.0664,-0.0103,-1.0879,0.384,99.554,-0.550
931629248,-0.4214,-0.0039,-0.6934,1.360,7.696,0.366
931642247,0.0220,-0.0088,-1.0762,1.299,6.536,1.587
931655247,0.0200,-0.0078,-1.0664,2.398,6.048,3.967
931668247,0.0215,-0.0005,-1.0605,3.130,3.973,5.554
931681247,0.0503,0.0166,-1.0601,4.534,0.860,8.056
931694247,0.0386,0.0420,-1.0234,0.872,1.959,8.972
931707247,0.0215,0.0176,-1.0801,0.018,1.287,13.305
931720248,0.0220,0.0073,-1.0410,-1.264,1.898,16.235
931733247,0.0557,0.0391,-1.0322,-2.607,1.348,21.179
931746247,0.0122,-0.0054,-1.0386,-2.180,-0.300,23.132
931759247,-0.0259,-0.0254,-1.0674,-3.278,0.250,21.850
931772247,-0.0752,-0.0767,-1.0542,-2.668,1.959,14.892
931785247,-0.0049,-0.0200,-1.0566,-1.508,1.104,9.704
931798247,0.0059,-0.0029,-1.0581,-2.119,1.409,7.751
931811247,-0.0186,-0.0195,-1.0698,-2.302,0.433,6.531
931824248,-0.0122,-0.0137,-1.0615,-1.752,-0.239,1.953
931837249,0.0122,-0.0215,-1.0879,-0.349,0.738,-0.000
931850249,0.0098,-0.0059,-1.0625,-0.165,0.189,-0.000
931863249,0.0103,-0.0059,-1.0679,-0.226,-0.300,0.244
931876249,0.0112,-0.0029,-1.0625,-0.226,0.433,0.122
931889249,0.0112,-0.0098,-1.0728,-0.287,0.982,0.061
931902249,0.0171,-0.0078,-1.0659,-0.349,3.179,0.122
931915249,0.0386,0.0137,-1.0586,-0.226,1.409,2.624
931928249,0.0679,0.0220,-1.0732,-0.654,0.799,10.986
931941249,0.0171,-0.0063,-1.0791,-0.043,0.433,15.136
931954249,0.0552,0.0312,-1.0591,-0.226,0.189,23.315
931967249,0.0063,0.0034,-1.0708,-0.287,0.128,22.949
931980249,-0.0459,-0.0439,-1.0415,0.750,-0.666,19.531
931993249,-0.0146,-0.0352,-1.0757,0.506,1.776,23.437
932006248,-0.0225,-0.0254,-1.0811,0.567,0.494,25.085
932019247,-0.0557,-0.0444,-1.0771,2.032,1.409,14.343
932032247,-0.0322,-0.0273,-1.0615,2.215,1.287,6.225
932045247,0.0063,-0.0015,-1.0552,1.360,0.616,-0.122
932058247,0.0093,-0.0044,-1.0640,0.994,0.128,-0.122
932071247,0.0083,-0.0049,-1.0659,0.811,-0.178,0.122
932084247,0.0107,-0.0059,-1.0659,1.666,0.250,-0.183
932097248,0.0083,-0.0039,-1.0693,1.788,0.433,0.305
932110247,0.0073,-0.0015,-1.0591,1.483,0.372,0.061
932123246,0.0098,0.0000,-1.0620,0.933,0.250,0.061
932136246,0.0078,-0.0054,-1.0645,1.116,-0.056,0.061
932149246,0.0107,0.0005,-1.0571,0.689,-0.056,-0.000
932162246,0.0029,-0.0044,-1.0581,0.384,-0.788,-0.061
932175246,0.0078,0.0020,-1.0684,0.506,-0.666,0.061
932188246,0.0078,-0.0020,-1.0645,0.262,-0.910,0.061
932201246,0.0068,-0.0015,-1.0630,0.079,-0.666,-0.122
932214246,0.0215,-0.0063,-1.0718,0.018,0.128,-0.122
932227246,-0.0200,-0.0132,-1.0557,0.628,-2.375,-0.000
932240246,0.0137,-0.0020,-1.0669,-0.043,-0.239,0.122
932253246,0.0312,-0.0093,-1.0972,0.323,-0.605,-0.061
932266246,-0.0073,-0.0073,-1.0532,0.384,-0.666,-0.183
932279246,0.0122,-0.0034,-1.0610,-0.104,-0.605,0.061
932292246,0.0088,-0.0029,-1.0640,0.079,-0.483,-0.183
932305246,0.0127,-0.0049,-1.0581,-0.104,-0.727,-0.000
932318247,0.0088,-0.0010,-1.0605,-0.349,-0.788,0.061
932331247,0.0151,-0.0015,-1.0674,-0.104,-0.971,0.305
932344247,0.0103,-0.0005,-1.0654,0.018,-0.910,-0.000
932357247,0.0117,-0.0024,-1.0654,0.079,-0.910,-0.000
932370247,0.0083,0.0015,-1.0688,0.201,-0.727,-0.061
932383247,0.0122,-0.0020,-1.0615,0.323,-0.422,-0.122
932396247,0.0112,0.0049,-1.0664,-0.165,0.067,-0.244
932409247,0.0137,-0.0005,-1.0674,-0.043,0.189,0.061
932422247,0.0093,-0.0020,-1.0718,-0.165,0.128,-0.061
932435245,0.0161,0.0054,-1.0513,-1.447,-1.154,0.061
932448245,0.0151,-0.0049,-1.0698,-0.471,-1.948,-0.183
932461245,0.0156,0.0010,-1.0620,-0.532,-0.605,-0.000
932474245,0.0146,-0.0024,-1.0669,-1.142,-0.666,0.122
932487245,0.0137,-0.0073,-1.0625,-0.043,-0.239,0.061
932500245,0.0151,-0.0029,-1.0645,-0.226,-0.178,0.244
932513245,0.0137,-0.0044,-1.0640,-0.104,0.067,0.122
932526245,0.0122,0.0000,-1.0581,0.079,-0.178,-0.000
932539245,0.0122,-0.0029,-1.0684,-0.165,-0.178,0.183
932552245,0.0132,-0.0044,-1.0596,0.018,-0.117,-0.000
932565245,0.0122,-0.0054,-1.0649,0.079,-0.056,-0.061
932578245,0.0127,0.0000,-1.0645,-0.287,-0.056,-0.000
932591245,0.0112,-0.0024,-1.0591,0.201,0.067,-0.122
932604245,0.0112,-0.0029,-1.0688,-0.104,0.005,-0.000
932617245,0.0151,-0.0029,-1.0669,0.079,0.128,0.183
932630245,0.0088,-0.0020,-1.0586,-0.165,0.128,0.183
932643245,0.0127,-0.0024,-1.0400,-0.654,0.067,-0.183
932656245,0.0132,-0.0034,-1.0498,-1.264,0.311,0.061
932669245,0.0195,-0.0156,-1.1621,0.933,0.067,-0.000
932682245,-0.0015,0.0078,-0.9868,0.811,0.250,0.122
932695245,0.0200,-0.0063,-1.0732,-1.264,-0.178,-0.061
932708245,0.0195,-0.0034,-1.0757,0.506,0.128,-0.122
932721245,0.0034,0.0098,-1.0200,-0.471,-0.178,-0.061
932734245,0.0176,0.0000,-1.0820,-0.532,0.067,0.122
932747245,0.0200,-0.0122,-1.0781,0.445,0.189,0.122
932760245,0.0078,0.0029,-1.0332,-0.349,-0.117,-0.061
932773245,0.0190,-0.0098,-1.0962,-0.043,0.067,0.061
932786245,0.0127,0.0000,-1.0610,0.445,-0.178,0.122
932799245,0.0132,-0.0078,-1.0815,-0.104,0.311,0.183
932812245,0.0156,-0.0093,-1.0786,0.750,0.067,0.183
932825245,0.0142,0.0000,-1.0342,-0.654,0.189,0.183
932838245,0.0176,-0.0117,-1.0894,0.506,0.005,-0.061
932851245,0.0103,-0.0015,-1.0464,-0.165,0.128,-0.000
932864245,0.0171,-0.0098,-1.0767,0.018,-0.056,0.061
932877245,0.0181,-0.0039,-1.0596,0.262,-0.056,-0.061
932890245,0.0151,-0.0029,-1.0640,-0.165,0.005,0.305
932903245,0.0176,-0.0024,-1.0674,0.140,0.005,-0.000
932916245,0.0146,-0.0044,-1.0659,-0.043,0.189,-0.000
932929245,0.0107,-0.0015,-1.0566,-0.104,-0.056,0.244
932942245,0.0151,-0.0059,-1.0679,0.079,0.067,0.122
932955245,0.0132,0.0000,-1.0649,0.140,0.128,-0.061
932968245,0.0122,-0.0024,-1.0659,-0.226,0.128,0.366
932981245,0.0142,-0.0059,-1.0664,0.018,-0.056,0.061
932994245,0.0112,-0.0054,-1.0596,-0.226,0.067,0.305
933007245,0.0171,-0.0059,-1.0640,-0.043,0.067,-0.061
933020245,0.0151,-0.0059,-1.0625,0.079,-0.056,0.244
933033245,0.0166,-0.0044,-1.0625,-0.226,-0.056,0.061
933046245,0.0127,-0.0059,-1.0669,-0.287,-0.056,0.244
933059245,0.0132,-0.0054,-1.0625,0.079,-0.178,0.183
933072245,0.0098,-0.0044,-1.0630,-0.165,0.067,0.122
933085245,0.0156,-0.0039,-1.0654,-0.287,0.250,0.061
933098245,0.0142,-0.0015,-1.0625,0.079,-0.056,-0.183
933111245,0.0171,-0.0039,-1.0625,0.079,0.067,0.061
933124245,0.0117,-0.0034,-1.0654,-0.104,0.005,-0.000
933137245,0.0156,-0.0039,-1.0581,0.140,0.067,-0.122
933150245,0.0166,-0.0015,-1.0679,-0.287,-0.056,0.061
933163245,0.0112,-0.0029,-1.0591,0.140,0.067,-0.305
933176245,0.0132,-0.0024,-1.0576,-0.165,0.128,0.122
933189245,0.0132,-0.0063,-1.0625,0.201,0.067,0.061
933202245,0.0142,-0.0044,-1.0698,0.018,0.005,-0.061
933215245,0.0146,-0.0034,-1.0635,-0.104,-0.239,0.122
933228245,0.0132,-0.0059,-1.0664,-0.226,0.128,-0.000
933241245,0.0107,-0.0044,-1.0630,0.018,0.128,0.183
933254245,0.0117,-0.0098,-1.0679,0.079,-0.117,-0.061
933267245,0.0098,-0.0020,-1.0439,-0.287,0.250,-0.061
933280245,0.0142,-0.0068,-1.0835,-0.287,-0.178,-0.061
933293245,0.0103,-0.0015,-1.0542,0.018,0.005,-0.122
933306245,0.0127,-0.0059,-1.0591,-0.226,0.005,0.366
933319245,0.0156,-0.0049,-1.0688,0.262,0.005,-0.061
933332245,0.0122,-0.0039,-1.0586,-0.226,-0.056,0.183
933345245,0.0146,-0.0010,-1.0630,-0.104,0.128,0.061
933358245,0.0112,-0.0078,-1.0698,0.018,0.067,0.305
933371245,0.0117,0.0010,-1.0596,-0.165,0.005,0.061
933384245,0.0156,-0.0059,-1.0645,-0.287,0.005,0.061
933397245,0.0137,-0.0049,-1.0674,0.079,0.067,0.183
933410245,0.0127,0.0000,-1.0610,0.079,0.005,-0.000
933423245,0.0151,-0.0024,-1.0640,-0.043,-0.361,0.061
933436245,0.0132,-0.0039,-1.0591,-0.043,-0.117,0.122
933449245,0.0151,-0.0044,-1.0625,-0.043,-0.178,-0.122
933462245,0.0156,-0.0073,-1.0698,0.018,0.067,-0.000
933475245,0.0098,-0.0044,-1.0615,-0.043,0.250,-0.000
933488245,0.0132,-0.0044,-1.0664,-0.165,0.067,0.122
933501245,0.0132,-0.0054,-1.0640,-0.104,0.189,-0.244
933514245,0.0132,-0.0034,-1.0664,0.079,0.067,0.244
933527245,0.0137,-0.0059,-1.0630,-0.165,0.067,0.061
933540245,0.0142,-0.0054,-1.0669,-0.104,-0.117,0.183
933553245,0.0112,-0.0015,-1.0605,-0.165,0.189,-0.061
933566245,0.0146,-0.0059,-1.0640,0.079,0.005,0.122
933579245,0.0127,-0.0063,-1.0654,0.262,0.005,0.061
933592245,0.0142,-0.0015,-1.0615,0.140,0.250,0.183
933605245,0.0176,-0.0059,-1.0649,-0.104,0.005,0.061
933618245,0.0181,-0.0005,-1.0605,0.140,0.067,0.122
933631245,0.0132,-0.0044,-1.0596,-0.165,0.005,0.244
933644245,0.0161,-0.0020,-1.0752,0.018,-0.056,-0.061
933657245,0.0132,-0.0005,-1.0537,0.323,0.128,0.244
933670245,0.0122,-0.0044,-1.0659,-0.410,-0.117,0.305
933683245,0.0151,-0.0029,-1.0757,0.140,0.005,-0.000
933696245,0.0117,-0.0024,-1.0562,0.018,0.005,0.183
933709245,0.0181,-0.0068,-1.0688,0.140,0.128,-0.061
933722245,0.0151,-0.0083,-1.0645,0.018,0.005,-0.000
933735245,0.0103,-0.0010,-1.0620,-0.349,0.067,-0.122
933748245,0.0171,-0.0039,-1.0664,-0.043,-0.117,0.061
933761245,0.0181,-0.0044,-1.0601,0.201,0.005,-0.183
933774245,0.0137,-0.0034,-1.0635,-0.043,0.311,0.366
933787245,0.0117,0.0015,-1.0664,-0.043,0.067,0.244
933800245,0.0171,-0.0034,-1.0630,-0.043,0.128,0.061
933813245,0.0132,-0.0034,-1.0615,-0.043,-0.117,-0.000
933826245,0.0166,-0.0059,-1.0659,0.018,0.005,-0.000
933839245,0.0112,-0.0005,-1.0586,0.079,0.067,0.061
933852245,0.0112,-0.0010,-1.0649,-0.104,0.005,-0.000
933865245,0.0137,-0.0068,-1.0605,-0.104,0.067,-0.000
933878245,0.0142,-0.0044,-1.0591,-0.043,0.189,-0.122
933891245,0.0137,-0.0029,-1.0645,-0.104,0.067,0.061
933904245,0.0132,-0.0049,-1.0610,0.018,0.189,-0.000
933917245,0.0146,-0.0059,-1.0669,0.079,0.005,-0.061
933930245,0.0137,-0.0049,-1.0576,-0.165,-0.117,0.183
933943245,0.0093,-0.0039,-1.0645,-0.165,0.128,0.061
933956245,0.0156,-0.0049,-1.0610,-0.349,-0.239,-0.122
933969245,0.0122,-0.0063,-1.0625,0.140,0.128,0.122
933982245,0.0127,-0.0015,-1.0649,-0.043,0.189,-0.000
933995245,0.0151,-0.0034,-1.0693,-0.043,0.005,0.122
934008245,0.0132,-0.0059,-1.0635,-0.043,-0.117,-0.122
934021245,0.0122,-0.0024,-1.0664,-0.043,-0.178,0.122
934034245,0.0142,-0.0034,-1.0659,0.018,0.067,-0.000
934047245,0.0142,-0.0020,-1.0664,0.262,0.005,-0.122
934060245,0.0122,-0.0024,-1.0640,0.140,0.372,0.061
934073245,0.0166,-0.0020,-1.0571,0.018,0.067,-0.000
934086245,0.0151,-0.0034,-1.0674,-0.287,-0.117,-0.000
934099245,0.0142,-0.0054,-1.0645,0.262,-0.056,-0.000
934112245,0.0137,0.0005,-1.0649,-0.043,0.128,-0.061
934125245,0.0112,-0.0024,-1.0625,-0.043,-0.117,0.244
934138245,0.0112,-0.0010,-1.0620,-0.043,0.005,-0.000
934151245,0.0151,-0.0039,-1.0679,0.079,0.189,0.061
934164245,0.0132,-0.0054,-1.0620,-0.104,0.005,-0.061
934177245,0.0132,-0.0029,-1.0610,0.140,-0.178,0.122
934190245,0.0156,-0.0063,-1.0806,0.201,0.067,0.122
934203245,0.0107,-0.0034,-1.0513,0.140,0.067,0.061
934216245,0.0186,-0.0010,-1.0605,-0.287,0.005,-0.061
934229245,0.0156,-0.0034,-1.0688,0.140,-0.239,0.244
934242245,0.0156,-0.0005,-1.0576,-0.226,0.067,-0.000
934255245,0.0146,-0.0044,-1.0674,0.018,0.067,0.122
934268245,0.0127,-0.0029,-1.0566,0.018,0.128,0.061
934281245,0.0132,-0.0034,-1.0693,-0.287,-0.056,-0.000
934294245,0.0127,-0.0024,-1.0669,-0.043,0.250,0.183
934307245,0.0137,-0.0044,-1.0635,0.140,0.250,0.061
934320245,0.0122,-0.0029,-1.0674,-0.165,0.128,-0.000
934333245,0.0161,-0.0054,-1.0718,0.079,0.250,-0.000
934346245,0.0117,-0.0034,-1.0674,-0.043,-0.056,0.183
934359245,0.0132,-0.0049,-1.0649,0.018,0.067,0.122
934372245,0.0132,-0.0029,-1.0684,-0.165,0.128,-0.061
934385245,0.0142,-0.0063,-1.0591,-0.165,-0.117,0.183
934398245,0.0161,-0.0020,-1.0649,-0.043,0.067,-0.061
934411245,0.0146,0.0010,-1.0640,0.018,-0.239,-0.061
934424245,0.0078,-0.0044,-1.0630,0.201,0.067,-0.183
934437245,0.0127,0.0010,-1.0596,-0.043,-0.178,-0.000
934450245,0.0146,-0.0054,-1.0664,0.079,0.005,-0.000
934463245,0.0117,-0.0059,-1.0591,-0.104,0.311,0.061
934476245,0.0161,-0.0044,-1.0610,0.079,0.128,0.244
934489245,0.0142,-0.0020,-1.0640,-0.043,0.005,-0.183
934502245,0.0166,-0.0015,-1.0615,-0.043,0.067,-0.183
934515245,0.0137,-0.0020,-1.0649,0.079,0.372,0.183
934528245,0.0132,-0.0063,-1.0645,0.018,0.189,-0.000
934541245,0.0171,-0.0034,-1.0596,-0.165,0.005,0.061
934554245,0.0171,-0.0073,-1.0649,0.079,0.067,0.183
934567245,0.0142,-0.0015,-1.0566,0.079,-0.117,0.122
934580245,0.0103,-0.0073,-1.0674,0.079,-0.056,0.183
934593245,0.0161,-0.0073,-1.0718,0.018,0.005,0.061
934606245,0.0112,-0.0034,-1.0508,-0.104,-0.056,-0.122
934619245,0.0156,-0.0034,-1.0605,0.018,-0.056,0.122
934632245,0.0146,-0.0049,-1.0674,0.079,0.128,0.122
934645245,0.0103,-0.0020,-1.0610,-0.226,-0.239,0.061
934658245,0.0137,-0.0088,-1.0688,-0.349,0.189,0.122
934671245,0.0132,-0.0029,-1.0649,-0.043,-0.117,-0.000
934684245,0.0137,-0.0010,-1.0596,0.201,-0.117,-0.061
934697245,0.0190,-0.0020,-1.0669,-0.226,-0.178,-0.122
934710245,0.0107,-0.0054,-1.0615,0.018,0.128,-0.000
934723245,0.0132,-0.0005,-1.0659,0.018,0.128,0.183
934736245,0.0127,-0.0039,-1.0591,0.079,0.067,0.305
934749245,0.0117,-0.0029,-1.0630,0.018,-0.056,-0.122
934762245,0.0151,-0.0054,-1.0625,0.201,0.067,-0.061
934775245,0.0156,-0.0063,-1.0601,-0.104,0.128,0.183
934788245,0.0063,-0.0034,-1.0591,-0.165,-0.117,0.061
934801245,0.0190,-0.0015,-1.0625,0.018,-0.117,0.122
934814245,0.0107,-0.0049,-1.0635,-0.165,0.005,-0.061
934827245,0.0103,-0.0039,-1.0659,-0.043,0.005,0.305
934840245,0.0117,-0.0044,-1.0664,-0.043,0.128,0.061
934853245,0.0156,-0.0029,-1.0620,0.079,-0.117,-0.183
934866245,0.0146,-0.0034,-1.0654,-0.165,0.189,0.122
934879245,0.0117,-0.0044,-1.0620,0.018,-0.056,-0.061
934892245,0.0107,-0.0049,-1.0640,0.018,0.005,0.183
934905245,0.0137,-0.0029,-1.0625,-0.104,0.189,0.305
934918245,0.0161,-0.0010,-1.0737,-0.043,-0.056,0.244
934931245,0.0137,-0.0034,-1.0645,0.323,0.005,0.061
934944245,0.0137,-0.0059,-1.0698,-0.104,0.128,-0.000
934957245,0.0171,-0.0039,-1.0610,0.079,0.372,0.122
934970245,0.0142,-0.0010,-1.0669,0.262,0.005,0.183
934983245,0.0151,-0.0049,-1.0620,0.079,0.067,0.061
934996245,0.0137,-0.0059,-1.0576,-0.043,0.128,0.122
935009245,0.0122,-0.0054,-1.0630,0.018,0.128,0.183
935022245,0.0117,-0.0020,-1.0601,0.079,0.250,0.122
935035245,0.0161,-0.0073,-1.0571,-0.043,0.250,0.244
935048245,0.0117,-0.0005,-1.0615,0.201,0.128,0.305
935061245,0.0117,-0.0029,-1.0630,0.018,0.250,-0.122
935074245,0.0146,-0.0039,-1.0649,0.018,0.189,-0.183
935087245,0.0132,-0.0039,-1.0674,-0.165,-0.117,-0.061
935100245,0.0142,-0.0015,-1.0645,-0.165,-0.239,0.061
935113245,0.0142,-0.0020,-1.0620,-0.043,0.067,-0.000
935126245,0.0181,-0.0039,-1.0605,-0.226,0.250,0.061
935139245,0.0137,-0.0015,-1.0635,0.079,0.005,0.122
935152245,0.0137,-0.0034,-1.0684,-0.165,0.067,0.244
935165245,0.0112,-0.0010,-1.0649,0.262,-0.178,-0.061
935178245,0.0146,-0.0054,-1.0674,-0.165,0.067,0.061
935191245,0.0171,0.0010,-1.0610,-0.043,-0.056,0.183
935204245,0.0112,-0.0005,-1.0698,-0.104,0.067,-0.122
935217245,0.0112,-0.0059,-1.0586,-0.226,0.067,0.061
935230245,0.0151,-0.0044,-1.0610,0.018,0.067,-0.122
935243245,0.0146,-0.0020,-1.0601,0.201,-0.056,0.244
935256245,0.0142,-0.0024,-1.0625,0.018,0.494,0.122
935269245,0.0166,-0.0034,-1.0645,-0.104,0.311,-0.000
935282245,0.0112,-0.0029,-1.0591,0.079,-0.056,-0.122
935295245,0.0142,-0.0039,-1.0645,-0.165,0.067,0.122
935308245,0.0137,-0.0044,-1.0601,0.018,-0.178,0.061
935321245,0.0132,-0.0034,-1.0571,-0.165,0.067,0.244
935334245,0.0171,-0.0034,-1.0635,0.079,0.128,0.061
935347245,0.0146,-0.0034,-1.0581,-0.043,0.128,0.122
935360245,0.0093,-0.0068,-1.0552,-0.043,0.005,-0.061
935373245,0.0127,-0.0059,-1.0645,-0.043,0.067,-0.061
935386245,0.0117,0.0024,-1.0635,0.262,0.128,0.244
935399245,0.0122,-0.0015,-1.0537,-0.104,0.128,0.183
935412245,0.0146,-0.0054,-1.0718,0.079,-0.239,-0.061
935425245,0.0098,0.0000,-1.0498,0.018,-0.056,0.061
935438245,0.0142,0.0000,-1.0742,-0.104,-0.056,0.183
935451245,0.0156,-0.0044,-1.0659,-0.104,-0.178,-0.183
935464245,0.0137,-0.0010,-1.0615,-0.226,0.128,-0.061
935477245,0.0083,-0.0054,-1.0713,0.140,0.372,0.183
935490245,0.0137,-0.0034,-1.0610,0.079,0.005,-0.244
935503245,0.0132,-0.0063,-1.0581,-0.043,0.128,0.061
935516245,0.0137,-0.0015,-1.0649,-0.165,0.067,-0.000
935529245,0.0117,-0.0020,-1.0654,0.079,-0.117,0.305
935542245,0.0137,-0.0034,-1.0620,-0.165,0.372,0.061
935555245,0.0161,-0.0068,-1.0645,0.079,0.128,-0.000
935568245,0.0127,-0.0039,-1.0542,-0.043,0.189,0.122
935581245,0.0151,-0.0044,-1.0645,0.079,0.189,0.183
935594245,0.0146,-0.0039,-1.0669,-0.165,-0.178,-0.061
935607245,0.0151,-0.0054,-1.0596,-0.043,0.005,0.244
935620245,0.0156,-0.0054,-1.0693,0.201,0.250,0.244
935633245,0.0127,-0.0039,-1.0596,-0.104,-0.178,0.122
935646245,0.0146,-0.0044,-1.0630,-0.165,-0.117,0.061
935659245,0.0166,-0.0034,-1.0693,-0.043,0.067,-0.122
935672245,0.0137,0.0005,-1.0654,0.262,0.189,0.183
935685245,0.0151,-0.0059,-1.0649,0.018,0.005,0.305
935698245,0.0161,-0.0034,-1.0669,-0.104,0.067,0.122
935711245,0.0151,-0.0029,-1.0674,-0.043,0.128,0.183
935724245,0.0098,-0.0029,-1.0659,0.018,0.005,-0.061
935737245,0.0132,-0.0034,-1.0659,0.018,0.005,0.061
935750245,0.0186,-0.0049,-1.0669,-0.043,-0.056,-0.061
935763245,0.0142,-0.0049,-1.0669,0.079,0.128,-0.061
935776245,0.0166,-0.0044,-1.0615,0.079,-0.178,0.244
935789245,0.0171,-0.0049,-1.0649,-0.165,0.128,0.061
935802245,0.0142,-0.0020,-1.0679,0.018,0.128,-0.061
935815245,0.0161,-0.0020,-1.0625,0.018,0.067,0.244
935828245,0.0142,-0.0034,-1.0654,0.018,-0.056,0.183
935841245,0.0127,-0.0039,-1.0645,-0.104,0.128,0.305
935854245,0.0205,-0.0015,-1.0596,0.018,-0.056,-0.000
935867245,0.0122,-0.0034,-1.0659,0.140,0.005,0.183
935880245,0.0132,-0.0039,-1.0645,-0.043,0.067,0.183
935893245,0.0137,-0.0039,-1.0688,-0.226,0.189,-0.000
935906245,0.0122,-0.0034,-1.0591,-0.226,0.128,-0.000
935919245,0.0142,0.0005,-1.0640,-0.043,-0.117,0.122
935932245,0.0205,-0.0044,-1.0615,0.140,-0.056,0.061
935945245,0.0146,-0.0044,-1.0615,0.079,0.067,0.122
935958245,0.0122,-0.0068,-1.0625,-0.104,0.067,0.061
935971245,0.0151,-0.0068,-1.0674,-0.104,0.250,-0.000
935984245,0.0117,-0.0044,-1.0562,0.140,0.128,0.183
935997245,0.0127,-0.0029,-1.0645,-0.410,0.067,-0.061
936010245,0.0151,-0.0015,-1.0601,0.140,0.311,-0.061
936023245,0.0151,0.0005,-1.0674,0.018,0.005,-0.061
936036245,0.0156,-0.0034,-1.0654,0.018,0.128,-0.061
936049245,0.0151,-0.0034,-1.0640,-0.043,-0.056,0.061
936062245,0.0117,-0.0049,-1.0747,-0.043,0.311,0.122
936075245,0.0137,-0.0034,-1.0508,0.140,0.128,0.061
936088245,0.0142,-0.0073,-1.0630,-0.349,-0.056,0.061
936101245,0.0127,-0.0059,-1.0698,-0.165,-0.056,0.183
936114245,0.0122,0.0005,-1.0601,-0.226,0.311,0.061
936127245,0.0142,-0.0015,-1.0757,0.018,0.189,0.061
936140245,0.0146,-0.0068,-1.0591,-0.043,0.005,0.244
936153245,0.0107,0.0000,-1.0601,0.018,0.067,-0.183
936166245,0.0122,-0.0068,-1.0664,0.140,0.067,-0.000
936179245,0.0088,0.0005,-1.0615,0.018,-0.239,0.061
936192245,0.0103,-0.0029,-1.0620,0.140,0.250,0.061
936205245,0.0142,-0.0029,-1.0649,-0.043,-0.056,-0.061
936218245,0.0103,-0.0068,-1.0640,0.079,-0.178,0.061
936231245,0.0122,-0.0059,-1.0698,-0.104,-0.056,0.183
936244245,0.0098,-0.0054,-1.0649,0.079,0.067,-0.000
936257245,0.0166,-0.0049,-1.0610,-0.165,0.005,0.061
936270245,0.0137,0.0005,-1.0557,0.018,0.189,0.244
936283245,0.0146,-0.0034,-1.0615,-0.043,0.311,0.122
936296245,0.0161,-0.0010,-1.0630,0.018,0.067,-0.000
936309245,0.0156,-0.0059,-1.0659,-0.043,0.128,0.061
936322245,0.0137,-0.0034,-1.0640,0.079,0.128,0.061
936335245,0.0127,-0.0024,-1.0605,-0.104,0.005,0.122
936348245,0.0166,-0.0044,-1.0635,-0.165,0.067,0.122
936361245,0.0142,-0.0044,-1.0640,0.140,0.067,0.061
936374245,0.0088,-0.0020,-1.0664,-0.104,0.189,0.061
936387245,0.0098,-0.0020,-1.0669,-0.165,-0.056,0.061
936400245,0.0137,-0.0015,-1.0645,-0.104,-0.056,0.061
936413245,0.0107,-0.0015,-1.0635,-0.043,0.067,0.122
936426245,0.0132,-0.0024,-1.0664,0.018,0.189,0.183
936439245,0.0127,-0.0015,-1.0547,-0.104,-0.178,0.061
936452245,0.0098,-0.0024,-1.0684,-0.165,0.067,0.061
936465245,0.0098,-0.0054,-1.0581,-0.104,-0.178,0.183
936478245,0.0137,-0.0015,-1.0708,-0.104,0.189,-0.000
936491245,0.0122,-0.0059,-1.0557,0.018,-0.300,0.061
936504245,0.0156,-0.0005,-1.0620,-0.043,0.005,-0.000
936517245,0.0107,-0.0015,-1.0615,0.018,-0.178,0.244
936530245,0.0122,-0.0059,-1.0596,0.140,-0.056,-0.000
936543245,0.0127,-0.0054,-1.0571,-0.043,0.005,0.305
936556245,0.0127,0.0015,-1.0732,0.140,-0.056,0.061
936569245,0.0112,-0.0010,-1.0576,-0.104,0.128,0.183
936582245,0.0146,-0.0034,-1.0703,-0.104,0.005,0.244
936595245,0.0156,-0.0059,-1.0601,-0.043,0.067,0.122
936608245,0.0156,-0.0049,-1.0591,-0.165,0.067,0.122
936621245,0.0117,-0.0010,-1.0674,0.140,0.067,0.061
936634245,0.0137,-0.0054,-1.0649,0.262,0.189,0.061
936647245,0.0132,-0.0015,-1.0688,-0.043,-0.117,-0.183
936660245,0.0146,-0.0005,-1.0640,-0.043,0.555,0.122
936673245,0.0146,-0.0034,-1.0654,0.018,0.005,0.061
936686245,0.0112,-0.0039,-1.0659,-0.043,0.067,0.122
936699245,0.0137,-0.0024,-1.0635,-0.043,-0.056,0.061
936712245,0.0117,-0.0020,-1.0620,0.201,-0.117,-0.000
936725245,0.0151,-0.0029,-1.0610,0.079,0.067,0.122
936738245,0.0142,-0.0034,-1.0649,0.018,0.005,-0.000
936751245,0.0151,-0.0039,-1.0610,-0.104,0.005,-0.061
936764245,0.0151,-0.0029,-1.0640,-0.165,0.067,-0.183
936777245,0.0103,-0.0029,-1.0566,0.079,0.005,-0.061
936790245,0.0146,-0.0059,-1.0659,-0.165,0.005,-0.183
936803245,0.0112,-0.0049,-1.0674,0.079,0.128,0.183
936816245,0.0107,-0.0044,-1.0640,0.018,0.250,-0.061
936829245,0.0166,-0.0039,-1.0684,-0.043,-0.056,0.122
936842245,0.0166,-0.0010,-1.0679,-0.043,-0.056,-0.122
936855245,0.0151,-0.0078,-1.0635,0.018,0.250,0.061
936868245,0.0103,-0.0015,-1.0669,-0.165,0.189,0.183
936881245,0.0117,-0.0063,-1.0640,0.079,0.189,0.122
936894245,0.0122,-0.0034,-1.0605,0.018,0.372,-0.000
936907245,0.0137,-0.0054,-1.0630,-0.287,0.005,0.061
936920245,0.0142,-0.0034,-1.0703,-0.104,0.189,0.183
936933245,0.0122,0.0000,-1.0620,0.018,0.128,0.183
936946245,0.0137,-0.0015,-1.0674,-0.165,-0.056,-0.000
936959245,0.0181,-0.0015,-1.0659,0.323,0.250,-0.305
936972245,0.0156,-0.0054,-1.0649,0.018,0.067,0.122
936985245,0.0112,-0.0049,-1.0684,-0.104,0.250,-0.000
936998245,0.0137,0.0000,-1.0586,0.140,-0.056,-0.000
937011245,0.0156,-0.0054,-1.0649,0.018,0.067,-0.000
937024245,0.0186,-0.0029,-1.0615,-0.165,0.067,0.061
937037245,0.0142,-0.0034,-1.0610,0.018,0.189,0.061
937050245,0.0137,-0.0044,-1.0654,0.079,-0.117,-0.000
937063245,0.0186,-0.0044,-1.0640,-0.104,0.128,-0.122
937076245,0.0093,0.0000,-1.0615,0.018,0.067,0.061
937089245,0.0132,-0.0015,-1.0601,0.018,0.067,0.061
937102245,0.0156,-0.0029,-1.0649,-0.287,0.250,0.183
937115245,0.0107,-0.0049,-1.0664,-0.104,0.067,0.183
937128245,0.0137,-0.0049,-1.0659,-0.043,-0.056,0.122
937141245,0.0156,-0.0010,-1.0605,-0.043,-0.056,0.305
937154245,0.0151,0.0000,-1.0674,-0.165,0.005,-0.061
937167245,0.0142,-0.0015,-1.0615,0.079,-0.117,0.183
937180245,0.0112,-0.0020,-1.0635,0.018,-0.056,-0.061
937193245,0.0112,-0.0034,-1.0654,0.140,0.128,-0.000
937206245,0.0156,-0.0015,-1.0605,0.079,0.005,0.122
937219245,0.0127,-0.0034,-1.0640,0.018,0.189,-0.122
937232245,0.0146,-0.0044,-1.0679,0.201,0.005,0.122
937245245,0.0137,-0.0054,-1.0679,-0.104,-0.178,-0.122
937258245,0.0127,-0.0010,-1.0605,-0.226,-0.239,0.305
937271245,0.0117,-0.0059,-1.0645,-0.043,-0.117,0.122
937284245,0.0137,-0.0049,-1.0581,0.018,-0.056,-0.000
937297245,0.0142,-0.0005,-1.0649,-0.104,-0.056,0.183
937310245,0.0171,-0.0049,-1.0674,-0.165,-0.056,0.122
937323245,0.0161,-0.0034,-1.0645,0.018,0.067,-0.061
937336245,0.0132,-0.0049,-1.0557,0.018,0.311,0.061
937349245,0.0142,-0.0059,-1.0635,-0.104,0.433,0.061
937362245,0.0132,0.0020,-1.0630,0.079,-0.117,0.366
937375245,0.0161,-0.0039,-1.0562,0.018,0.067,-0.122
937388245,0.0146,-0.0059,-1.0649,0.079,0.128,-0.000
937401245,0.0151,-0.0029,-1.0596,0.018,0.250,-0.000
937414245,0.0117,-0.0005,-1.0615,-0.104,0.250,0.061
937427245,0.0137,-0.0049,-1.0654,-0.104,-0.117,-0.000
937440245,0.0117,-0.0068,-1.0615,0.140,0.189,-0.061
937453245,0.0161,-0.0044,-1.0601,-0.165,0.250,-0.000
937466245,0.0200,-0.0039,-1.0674,0.018,0.067,-0.000
937479245,0.0161,-0.0020,-1.0659,0.018,-0.178,0.061
937492245,0.0146,-0.0068,-1.0635,-0.165,0.189,0.305
937505245,0.0122,-0.0039,-1.0649,-0.226,0.250,0.305
937518245,0.0132,-0.0049,-1.0620,0.262,0.005,0.061
937531245,0.0112,-0.0015,-1.0605,0.079,0.128,-0.061
937544245,0.0127,-0.0044,-1.0620,0.140,-0.056,0.122
937557245,0.0107,-0.0020,-1.0601,0.079,0.067,-0.183
937570245,0.0137,-0.0059,-1.0645,0.079,0.067,0.122
937583245,0.0122,-0.0073,-1.0645,-0.104,0.128,0.061
937596245,0.0161,-0.0059,-1.0708,-0.104,0.128,0.061
937609245,0.0137,-0.0054,-1.0693,0.018,0.005,0.183
937622245,0.0127,-0.0034,-1.0635,0.018,0.067,0.183
937635245,0.0142,-0.0049,-1.0649,-0.165,0.067,0.122
937648245,0.0142,-0.0044,-1.0620,-0.104,0.067,-0.061
937661245,0.0122,-0.0044,-1.0654,-0.043,0.005,-0.000
937674245,0.0127,-0.0034,-1.0615,-0.043,-0.117,0.122
937687245,0.0142,-0.0015,-1.0654,0.079,0.005,-0.000
937700245,0.0127,-0.0039,-1.0620,-0.349,-0.056,-0.000
937713245,0.0117,-0.0024,-1.0615,0.018,0.067,0.122
937726245,0.0161,-0.0005,-1.0703,-0.226,-0.056,-0.061
937739245,0.0156,-0.0024,-1.0645,0.140,0.189,-0.000
937752245,0.0112,-0.0024,-1.0664,-0.043,0.067,-0.183
937765245,0.0107,-0.0049,-1.0645,0.079,0.250,-0.000
937778245,0.0117,-0.0034,-1.0688,0.079,0.128,0.061
937791245,0.0146,-0.0029,-1.0615,0.140,0.005,-0.061
937804245,0.0142,-0.0034,-1.0630,0.140,0.250,0.122
937817245,0.0146,-0.0020,-1.0645,0.323,0.128,-0.000
937830245,0.0161,-0.0039,-1.0635,-0.349,0.067,0.061
937843245,0.0107,-0.0039,-1.0674,0.079,0.250,-0.061
937856245,0.0107,-0.0039,-1.0664,-0.226,0.128,0.061
937869245,0.0156,-0.0020,-1.0586,-0.104,0.128,0.244
937882245,0.0151,-0.0024,-1.0674,0.018,0.067,-0.061
937895245,0.0156,-0.0039,-1.0635,0.018,0.311,-0.000
937908245,0.0142,-0.0054,-1.0610,-0.043,0.067,0.061
937921245,0.0127,-0.0034,-1.0620,-0.043,-0.056,0.244
937934245,0.0146,-0.0039,-1.0596,-0.165,0.128,-0.000
937947245,0.0176,-0.0020,-1.0654,0.018,0.128,-0.000
937960245,0.0142,-0.0073,-1.0698,-0.165,0.067,-0.000
937973245,0.0122,0.0005,-1.0620,-0.104,-0.056,0.122
937986245,0.0166,-0.0093,-1.0601,0.140,0.250,0.061
937999245,0.0146,-0.0020,-1.0635,0.018,-0.117,0.305
938012245,0.0112,-0.0024,-1.0508,0.018,-0.178,0.061
938025245,0.0146,-0.0039,-1.0674,0.201,0.311,-0.061
938038245,0.0132,-0.0049,-1.0557,0.079,0.067,0.122
938051245,0.0151,-0.0044,-1.0713,-0.165,-0.056,0.244
938064245,0.0117,-0.0034,-1.0664,0.079,0.189,-0.122
938077245,0.0137,-0.0059,-1.0596,0.079,0.128,0.061
938090245,0.0151,-0.0054,-1.0630,-0.104,0.067,0.122
938103245,0.0137,-0.0059,-1.0659,0.140,0.128,-0.122
938116245,0.0132,-0.0073,-1.0547,-0.104,0.128,0.061
938129245,0.0117,-0.0020,-1.0591,-0.043,-0.178,0.061
938142245,0.0166,-0.0044,-1.0596,0.201,0.067,0.122
938155245,0.0137,-0.0034,-1.0605,0.018,0.189,0.122
938168245,0.0142,-0.0015,-1.0649,-0.043,-0.178,0.061
938181245,0.0122,-0.0039,-1.0566,-0.043,0.067,0.244
938194245,0.0127,0.0000,-1.0640,-0.165,-0.239,-0.061
938207245,0.0171,-0.0029,-1.0571,-0.104,0.189,-0.122
938220245,0.0146,-0.0029,-1.0693,0.140,-0.117,0.061
938233245,0.0117,-0.0034,-1.0649,0.018,0.067,0.122
938246245,0.0142,-0.0029,-1.0723,-0.165,0.005,-0.000
938259245,0.0166,-0.0024,-1.0601,-0.043,0.067,-0.061
938272245,0.0146,-0.0024,-1.0703,-0.226,-0.117,0.061
938285245,0.0122,0.0000,-1.0635,-0.043,0.067,-0.000
938298245,0.0117,-0.0044,-1.0601,0.201,0.189,-0.061
938311245,0.0166,-0.0054,-1.0659,-0.165,0.005,-0.000
938324245,0.0127,-0.0029,-1.0620,-0.104,0.067,0.183
938337245,0.0132,-0.0029,-1.0640,-0.043,0.372,0.061
938350245,0.0117,-0.0029,-1.0635,-0.410,-0.117,-0.183
938363245,0.0156,-0.0020,-1.0684,0.140,-0.056,0.122
938376245,0.0107,-0.0024,-1.0659,-0.043,0.128,0.122
938389245,0.0142,-0.0024,-1.0620,-0.104,0.128,-0.122
938402245,0.0142,-0.0029,-1.0679,-0.043,-0.178,-0.000
938415245,0.0166,-0.0020,-1.0688,0.079,0.005,0.183
938428245,0.0156,-0.0068,-1.0649,-0.165,0.311,-0.122
938441245,0.0103,0.0010,-1.0635,-0.287,-0.117,0.122
938454245,0.0132,-0.0034,-1.0640,0.140,-0.056,-0.000
938467245,0.0156,-0.0044,-1.0635,0.018,0.311,-0.122
938480245,0.0142,-0.0010,-1.0645,-0.165,0.128,-0.183
938493245,0.0156,-0.0034,-1.0649,-0.043,0.005,0.244
938506245,0.0156,-0.0015,-1.0659,0.079,0.250,-0.000
938519245,0.0156,-0.0039,-1.0601,-0.043,0.128,-0.000
938532245,0.0161,-0.0063,-1.0659,0.201,0.189,0.122
938545245,0.0142,-0.0010,-1.0635,0.079,0.005,-0.000
938558245,0.0176,-0.0044,-1.0610,-0.043,-0.056,0.183
938571245,0.0151,-0.0034,-1.0601,-0.043,-0.117,0.305
938584245,0.0171,-0.0024,-1.0537,-0.226,-0.056,0.061
938597245,0.0127,-0.0039,-1.0728,-0.043,0.128,-0.183
938610245,0.0103,-0.0029,-1.0620,0.201,-0.300,0.244
938623245,0.0107,-0.0112,-1.0684,0.018,0.067,-0.000
938636245,0.0220,-0.0059,-1.0703,-0.104,0.250,-0.000
938649245,0.0142,-0.0024,-1.0547,-0.104,0.311,0.183
938662245,0.0127,-0.0063,-1.0669,0.079,0.067,-0.061
938675245,0.0156,-0.0015,-1.0649,-0.104,0.067,0.061
938688245,0.0156,-0.0020,-1.0591,0.018,-0.056,0.183
938701245,0.0137,-0.0063,-1.0630,-0.043,0.005,0.183
938714245,0.0137,-0.0005,-1.0605,0.018,0.067,0.061
938727245,0.0137,-0.0039,-1.0664,-0.104,0.189,-0.000
938740245,0.0186,0.0000,-1.0630,-0.226,0.189,-0.061
938753245,0.0142,-0.0010,-1.0737,-0.043,-0.117,-0.061
938766245,0.0137,-0.0020,-1.0576,0.018,0.005,-0.000
938779245,0.0151,-0.0073,-1.0674,-0.043,0.067,-0.122
938792245,0.0132,-0.0039,-1.0635,0.018,0.067,0.122
938805245,0.0098,-0.0029,-1.0591,0.079,0.128,-0.000
938818245,0.0161,-0.0005,-1.0640,-0.043,0.128,-0.000
938831245,0.0112,-0.0034,-1.0625,-0.104,-0.117,0.061
938844245,0.0156,-0.0029,-1.0586,-0.226,0.128,-0.000
938857245,0.0146,-0.0029,-1.0630,0.140,0.250,-0.061
938870245,0.0156,-0.0020,-1.0576,0.018,0.128,0.061
938883245,0.0122,-0.0015,-1.0649,0.079,0.067,0.183
938896245,0.0127,-0.0015,-1.0664,0.018,0.005,0.183
938909245,0.0181,-0.0039,-1.0684,0.079,0.250,0.061
938922245,0.0156,-0.0029,-1.0640,0.018,0.067,-0.061
938935245,0.0132,-0.0029,-1.0566,0.079,0.128,-0.122
938948245,0.0093,-0.0034,-1.0669,-0.226,0.189,0.122
938961245,0.0127,0.0015,-1.0620,-0.349,-0.056,-0.183
938974245,0.0156,-0.0054,-1.0581,0.018,0.128,-0.183
938987245,0.0122,-0.0024,-1.0713,-0.043,0.005,0.061
939000245,0.0171,-0.0015,-1.0552,-0.226,0.189,-0.000
939013245,0.0171,-0.0059,-1.0698,-0.043,0.128,-0.061
939026245,0.0146,0.0000,-1.0620,0.079,0.189,0.183
939039245,0.0146,-0.0039,-1.0649,0.018,-0.117,-0.000
939052245,0.0146,-0.0063,-1.0640,-0.104,0.005,-0.122
939065245,0.0122,-0.0063,-1.0605,-0.165,-0.056,-0.061
939078245,0.0117,0.0005,-1.0649,-0.043,-0.117,-0.122
939091245,0.0127,-0.0024,-1.0615,-0.104,-0.178,-0.061
939104245,0.0161,-0.0054,-1.0664,-0.165,-0.056,0.061
939117245,0.0137,-0.0024,-1.0654,-0.043,0.067,-0.122
939130245,0.0137,-0.0024,-1.0601,0.079,0.189,0.061
939143245,0.0112,-0.0020,-1.0571,0.079,-0.117,0.183
939156245,0.0122,-0.0049,-1.0640,-0.104,0.311,0.122
939169245,0.0176,-0.0005,-1.0625,0.018,-0.056,0.061
939182245,0.0127,-0.0054,-1.0615,-0.104,-0.239,0.244
939195245,0.0146,-0.0068,-1.0615,-0.104,0.128,0.061
939208245,0.0132,-0.0059,-1.0596,-0.104,0.372,-0.061
939221245,0.0107,-0.0063,-1.0630,0.262,-0.056,-0.000
939234245,0.0137,-0.0049,-1.0576,-0.165,0.128,-0.061
939247245,0.0107,-0.0044,-1.0610,-0.043,-0.239,0.366
939260245,0.0176,-0.0044,-1.0684,0.079,0.067,-0.122
939273245,0.0166,-0.0044,-1.0664,-0.043,0.250,-0.000
939286245,0.0137,-0.0020,-1.0664,-0.165,0.005,0.061
939299245,0.0093,-0.0024,-1.0620,0.079,-0.178,0.061
939312245,0.0107,-0.0039,-1.0640,0.079,0.005,0.183
939325245,0.0181,-0.0020,-1.0674,0.079,0.189,-0.061
939338245,0.0151,-0.0083,-1.0635,-0.043,-0.056,0.244
939351245,0.0127,-0.0049,-1.0571,0.140,-0.178,0.061
939364245,0.0171,-0.0049,-1.0571,-0.104,0.189,0.061
939377245,0.0137,-0.0029,-1.0669,0.140,0.067,0.061
939390245,0.0127,-0.0020,-1.0630,0.201,-0.056,0.061
939403245,0.0132,-0.0059,-1.0654,-0.226,-0.178,-0.061
939416245,0.0122,-0.0083,-1.0654,0.018,-0.056,0.305
939429245,0.0137,-0.0063,-1.0645,-0.349,0.189,-0.000
939442245,0.0161,-0.0029,-1.0610,0.018,-0.056,0.122
939455245,0.0151,0.0000,-1.0635,0.018,0.189,0.061
939468245,0.0127,-0.0015,-1.0669,-0.104,-0.056,-0.000
939481245,0.0142,-0.0039,-1.0586,-0.043,0.005,-0.061
939494245,0.0132,-0.0049,-1.0620,0.079,0.189,0.061
939507245,0.0142,-0.0020,-1.0625,-0.287,0.005,-0.122
939520245,0.0151,-0.0020,-1.0659,0.201,0.250,0.061
939533245,0.0166,-0.0063,-1.0635,0.018,-0.056,0.061
939546245,0.0107,-0.0049,-1.0630,0.079,-0.056,-0.183
939559245,0.0103,-0.0034,-1.0581,-0.226,0.067,0.061
939572245,0.0137,-0.0059,-1.0625,0.079,0.250,-0.000
939585245,0.0112,-0.0044,-1.0669,-0.104,0.005,0.061
939598245,0.0176,-0.0044,-1.0640,0.140,0.250,-0.000
939611245,0.0127,-0.0029,-1.0664,-0.043,-0.239,0.061
939624245,0.0161,-0.0049,-1.0635,0.079,0.189,0.061
939637245,0.0176,-0.0039,-1.0586,0.079,0.005,0.061
939650245,0.0127,-0.0044,-1.0693,0.079,0.250,-0.061
939663245,0.0146,-0.0049,-1.0635,0.018,0.005,0.305
939676245,0.0122,-0.0029,-1.0620,-0.287,0.189,-0.000
939689245,0.0098,-0.0005,-1.0581,-0.165,0.128,0.061
939702245,0.0142,-0.0015,-1.0654,-0.226,0.005,-0.122
939715245,0.0166,-0.0059,-1.0674,0.018,0.250,-0.000
939728245,0.0146,0.0000,-1.0698,0.079,-0.239,0.061
939741245,0.0132,-0.0024,-1.0605,0.079,-0.117,0.244
939754245,0.0132,-0.0063,-1.0620,-0.043,-0.117,-0.061
939767245,0.0151,-0.0044,-1.0645,-0.043,0.189,-0.122
939780245,0.0156,-0.0029,-1.0645,-0.043,0.128,0.366
939793245,0.0127,-0.0010,-1.0625,0.018,0.005,-0.061
939806245,0.0156,-0.0034,-1.0591,-0.043,0.067,-0.000
939819245,0.0190,-0.0059,-1.0581,0.201,-0.117,0.061
939832245,0.0156,-0.0083,-1.0605,-0.043,0.005,0.061
939845245,0.0156,-0.0049,-1.0586,-0.104,0.128,-0.122
939858245,0.0122,-0.0029,-1.0601,-0.043,0.128,0.061
939871245,0.0088,-0.0044,-1.0713,-0.226,-0.056,-0.061
939884245,0.0142,-0.0044,-1.0718,0.079,0.005,-0.000
939897245,0.0112,-0.0039,-1.0601,0.079,0.067,0.183
939910245,0.0142,-0.0049,-1.0601,-0.104,0.067,-0.000
939923245,0.0146,-0.0054,-1.0620,-0.165,0.250,0.122
939936245,0.0166,-0.0044,-1.0645,0.323,-0.178,0.061
939949245,0.0137,-0.0059,-1.0576,-0.165,-0.056,0.122
939962245,0.0127,-0.0034,-1.0640,-0.043,0.005,-0.061
939975245,0.0156,-0.0024,-1.0645,0.018,0.067,0.061
939988245,0.0146,-0.0034,-1.0620,0.018,0.067,0.122
940001245,0.0161,-0.0034,-1.0649,-0.043,0.067,0.061
940014245,0.0127,-0.0015,-1.0615,0.079,0.067,0.061
940027245,0.0112,-0.0059,-1.0693,-0.165,-0.056,-0.244
940040245,0.0107,-0.0015,-1.0620,0.079,0.005,0.061
940053245,0.0151,-0.0039,-1.0635,0.079,0.250,0.244
940066245,0.0107,-0.0044,-1.0625,-0.471,0.250,-0.122
940079245,0.0132,-0.0049,-1.0669,0.018,0.067,-0.122
940092245,0.0151,-0.0044,-1.0698,0.506,0.067,0.122
940105245,0.0132,-0.0044,-1.0571,0.018,-0.056,0.061
940118245,0.0161,-0.0098,-1.0713,0.140,-0.056,0.244
940131245,0.0088,0.0000,-1.0493,-0.226,0.005,-0.061
940144245,0.0093,-0.0044,-1.0688,-0.043,0.005,0.244
940157245,0.0127,-0.0044,-1.0649,0.140,-0.056,0.122
940170245,0.0146,0.0000,-1.0605,0.018,-0.178,0.122
940183245,0.0137,-0.0044,-1.0718,0.140,0.189,-0.061
940196245,0.0117,-0.0044,-1.0586,-0.043,0.250,0.122
940209245,0.0142,-0.0039,-1.0654,-0.104,0.311,-0.000
940222245,0.0107,-0.0073,-1.0605,-0.043,0.067,-0.000
940235245,0.0112,-0.0039,-1.0557,-0.104,-0.239,-0.000
940248245,0.0127,-0.0029,-1.0601,-0.104,0.067,0.122
940261245,0.0103,-0.0024,-1.0645,0.140,0.311,0.305
940274245,0.0161,-0.0063,-1.0586,0.018,0.005,0.061
940287245,0.0093,-0.0049,-1.0640,0.140,0.067,-0.061
940300245,0.0156,-0.0039,-1.0527,0.018,0.250,0.183
940313245,0.0093,-0.0029,-1.0601,-0.043,0.128,-0.061
940326245,0.0151,-0.0044,-1.0649,0.018,-0.056,-0.061
940339245,0.0142,-0.0044,-1.0581,-0.104,0.005,0.061
940352245,0.0161,-0.0020,-1.0576,0.018,0.067,0.061
940365245,0.0151,-0.0044,-1.0601,0.079,0.128,0.244
940378245,0.0122,0.0000,-1.0654,-0.043,-0.056,-0.061
940391245,0.0132,-0.0059,-1.0649,-0.165,0.005,0.061
940404245,0.0137,-0.0029,-1.0605,0.079,0.128,0.061
940417245,0.0132,-0.0049,-1.0674,0.201,0.067,-0.244
940430245,0.0117,-0.0044,-1.0669,0.201,0.005,0.061
940443245,0.0112,-0.0010,-1.0645,0.079,-0.117,0.061
940456245,0.0142,-0.0049,-1.0605,0.018,0.005,-0.000
940469245,0.0166,0.0000,-1.0645,0.018,0.067,0.122
940482245,0.0146,-0.0010,-1.0635,0.079,0.067,-0.061
940495245,0.0112,-0.0054,-1.0674,-0.043,0.128,-0.000
940508245,0.0103,-0.0010,-1.0591,-0.043,0.128,0.061
940521245,0.0117,-0.0044,-1.0698,0.140,0.005,0.244
940534245,0.0137,-0.0054,-1.0625,-0.104,0.128,-0.061
940547245,0.0137,-0.0088,-1.0669,0.140,0.067,0.183
940560245,0.0063,0.0029,-1.0664,-0.226,0.005,0.183
940573245,0.0083,-0.0024,-1.0586,0.140,0.067,0.061
940586245,0.0146,-0.0024,-1.0669,-0.349,-0.117,0.061
940599245,0.0146,-0.0020,-1.0679,0.079,-0.117,-0.000
940612245,0.0171,0.0010,-1.0522,0.018,-0.117,0.061
940625245,0.0161,-0.0078,-1.0684,-0.043,0.250,0.061
940638245,0.0146,-0.0034,-1.0591,0.201,-0.178,0.122
940651245,0.0098,-0.0054,-1.0664,-0.104,-0.300,0.183
940664245,0.0117,-0.0088,-1.0703,-0.043,0.372,-0.061
940677245,0.0142,0.0000,-1.0571,-0.165,0.067,0.122
940690245,0.0137,-0.0039,-1.0713,0.018,0.311,0.061
940703245,0.0146,-0.0029,-1.0571,-0.104,0.005,0.183
940716245,0.0137,-0.0015,-1.0654,0.018,0.189,-0.000
940729245,0.0112,-0.0059,-1.0654,0.384,0.067,0.183
940742245,0.0146,-0.0024,-1.0610,-0.043,-0.178,0.244
940755245,0.0166,-0.0039,-1.0649,-0.043,-0.056,0.183
940768245,0.0132,-0.0068,-1.0664,0.018,0.189,-0.122
940781245,0.0117,-0.0083,-1.0625,0.079,0.005,0.305
940794245,0.0117,-0.0029,-1.0640,-0.165,-0.300,0.122
940807245,0.0137,-0.0024,-1.0640,-0.226,0.189,0.061
940820245,0.0161,-0.0049,-1.0635,0.079,0.189,-0.000
940833245,0.0200,-0.0049,-1.0649,0.079,0.250,-0.122
940846245,0.0161,-0.0044,-1.0693,-0.043,0.067,-0.122
940859245,0.0142,-0.0059,-1.0615,0.018,-0.056,-0.061
940872245,0.0127,-0.0049,-1.0625,0.018,0.250,0.061
940885245,0.0146,-0.0034,-1.0566,0.140,0.067,0.305
940898245,0.0156,-0.0029,-1.0654,0.140,0.005,0.122
940911245,0.0146,-0.0049,-1.0635,-0.043,0.128,-0.244
940924245,0.0146,-0.0039,-1.0674,-0.226,-0.056,-0.061
940937245,0.0137,-0.0068,-1.0620,-0.226,0.005,-0.000
940950245,0.0122,-0.0078,-1.0669,-0.104,0.005,-0.000
940963245,0.0098,-0.0049,-1.0630,0.140,0.128,0.183
940976245,0.0142,-0.0059,-1.0640,-0.104,0.005,0.061
940989245,0.0117,-0.0034,-1.0654,0.140,0.005,0.122
941002245,0.0132,-0.0063,-1.0586,-0.104,-0.056,0.183
941015245,0.0142,-0.0073,-1.0601,0.140,-0.117,0.183
941028245,0.0132,-0.0024,-1.0649,0.018,0.189,0.122
941041245,0.0137,-0.0039,-1.0610,0.018,0.128,-0.061
941054245,0.0146,-0.0044,-1.0640,0.140,0.189,-0.000
941067245,0.0127,-0.0039,-1.0645,0.079,0.189,0.122
941080245,0.0137,-0.0034,-1.0620,0.018,0.189,-0.244
941093245,0.0137,-0.0049,-1.0713,0.262,0.128,0.122
941106245,0.0127,-0.0034,-1.0620,0.079,-0.056,0.061
941119245,0.0156,-0.0044,-1.0630,0.201,0.311,0.061
941132245,0.0117,-0.0010,-1.0640,0.140,-0.117,0.122
941145245,0.0132,0.0010,-1.0654,0.201,0.067,0.244
941158245,0.0142,-0.0059,-1.0679,0.140,-0.117,0.244
941171245,0.0127,-0.0020,-1.0620,-0.104,0.005,-0.061
941184245,0.0151,-0.0059,-1.0581,0.018,-0.422,0.305
941197245,0.0132,-0.0024,-1.0649,-0.043,-0.117,0.061
941210245,0.0161,-0.0059,-1.0615,0.079,-0.117,-0.061
941223245,0.0137,-0.0015,-1.0601,-0.165,0.128,-0.000
941236245,0.0137,-0.0044,-1.0615,0.079,0.189,-0.061
941249245,0.0112,-0.0039,-1.0645,-0.165,-0.056,0.122
941262245,0.0122,-0.0059,-1.0620,-0.043,0.067,-0.122
941275245,0.0156,-0.0039,-1.0649,0.079,0.128,0.183
941288245,0.0132,-0.0059,-1.0605,0.018,0.067,0.183
941301245,0.0142,-0.0044,-1.0674,0.079,-0.056,0.061
941314245,0.0146,-0.0034,-1.0615,-0.043,0.005,-0.183
941327245,0.0122,-0.0054,-1.0630,-0.043,-0.117,-0.122
941340245,0.0132,-0.0024,-1.0581,-0.043,0.005,0.244
941353245,0.0137,-0.0049,-1.0601,0.018,0.067,0.183
941366245,0.0156,-0.0034,-1.0635,-0.043,0.311,0.061
941379245,0.0103,-0.0049,-1.0669,0.018,-0.056,0.122
941392245,0.0127,-0.0049,-1.0620,0.079,0.128,-0.122
941405245,0.0112,-0.0015,-1.0620,0.018,0.005,-0.000
941418245,0.0127,0.0000,-1.0596,-0.165,0.067,0.244
941431245,0.0132,-0.0005,-1.0605,0.079,-0.056,0.305
941444245,0.0112,-0.0039,-1.0615,-0.104,0.311,0.305
941457245,0.0127,-0.0029,-1.0703,0.140,0.128,-0.061
941470245,0.0176,-0.0049,-1.0562,-0.043,0.311,0.183
941483245,0.0151,-0.0059,-1.0610,-0.043,0.189,-0.183
941496245,0.0156,0.0000,-1.0752,-0.165,0.005,0.183
941509245,0.0112,-0.0054,-1.0669,-0.043,-0.117,0.122
941522245,0.0166,-0.0039,-1.0703,-0.104,-0.056,0.122
941535245,0.0171,-0.0034,-1.0615,-0.043,-0.117,0.122
941548245,0.0176,-0.0049,-1.0615,-0.043,0.067,-0.305
941561245,0.0171,-0.0005,-1.0576,-0.043,0.005,-0.061
941574245,0.0122,-0.0044,-1.0664,-0.165,0.005,-0.000
941587245,0.0137,-0.0029,-1.0601,-0.165,0.128,0.122
941600245,0.0166,-0.0024,-1.0654,0.140,0.128,-0.183
941613245,0.0117,-0.0044,-1.0596,-0.043,0.189,0.122
941626245,0.0117,-0.0063,-1.0669,-0.104,0.311,-0.061
941639245,0.0112,-0.0015,-1.0659,-0.165,0.067,-0.061
941652245,0.0146,-0.0039,-1.0610,-0.043,-0.239,0.183
941665245,0.0142,-0.0054,-1.0659,0.018,0.067,-0.000
941678245,0.0107,0.0000,-1.0693,0.140,0.189,0.122
941691245,0.0142,-0.0024,-1.0659,0.018,-0.117,0.183
941704245,0.0137,-0.0015,-1.0581,0.079,0.250,0.305
941717245,0.0132,-0.0063,-1.0586,0.140,-0.056,-0.061
941730245,0.0122,-0.0005,-1.0601,-0.226,-0.056,-0.000
941743245,0.0151,-0.0024,-1.0664,0.018,0.128,-0.000
941756245,0.0161,-0.0044,-1.0620,-0.104,0.189,0.122
941769245,0.0146,-0.0034,-1.0649,-0.043,0.067,-0.122
941782245,0.0127,-0.0044,-1.0645,-0.104,0.005,0.061
941795245,0.0112,0.0010,-1.0625,-0.165,-0.056,0.122
941808245,0.0142,-0.0059,-1.0674,-0.043,0.067,0.183
941821245,0.0137,-0.0044,-1.0640,-0.226,-0.178,0.183
941834245,0.0200,-0.0024,-1.0596,0.018,0.128,0.122
941847245,0.0107,-0.0005,-1.0659,-0.165,0.005,0.122
941860245,0.0112,-0.0034,-1.0698,0.018,-0.117,0.244
941873245,0.0132,-0.0078,-1.0610,0.018,0.128,0.061
941886245,0.0146,-0.0029,-1.0640,-0.104,0.250,-0.061
941899245,0.0146,-0.0020,-1.0669,0.079,-0.117,0.061
941912245,0.0176,-0.0039,-1.0654,0.201,0.128,0.183
941925245,0.0166,-0.0039,-1.0635,-0.165,0.128,0.244
941938245,0.0142,-0.0059,-1.0649,0.018,0.067,0.244
941951245,0.0132,-0.0034,-1.0586,0.018,0.005,0.061
941964245,0.0166,-0.0015,-1.0688,0.079,0.067,0.183
941977245,0.0176,-0.0059,-1.0645,0.079,0.005,0.183
941990245,0.0176,-0.0010,-1.0645,-0.043,0.128,0.122
942003245,0.0132,-0.0029,-1.0601,0.079,-0.056,0.122
942016245,0.0176,-0.0029,-1.0581,0.079,-0.056,-0.122
942029245,0.0176,0.0005,-1.0664,-0.165,-0.300,0.061
942042245,0.0132,-0.0039,-1.0654,-0.226,0.005,-0.122
942055245,0.0156,-0.0024,-1.0625,0.018,-0.117,-0.000
942068245,0.0127,-0.0015,-1.0649,0.140,0.005,-0.122
942081245,0.0132,-0.0039,-1.0640,0.079,-0.117,-0.061
942094245,0.0127,-0.0068,-1.0566,0.140,0.250,0.122
942107245,0.0117,-0.0024,-1.0669,-0.104,0.005,0.061
942120245,0.0107,-0.0049,-1.0625,-0.043,0.128,-0.061
942133245,0.0112,0.0000,-1.0630,-0.104,0.250,0.061
942146245,0.0176,-0.0063,-1.0640,-0.104,-0.056,-0.122
942159245,0.0117,-0.0044,-1.0610,0.018,0.189,-0.000
942172245,0.0137,-0.0039,-1.0664,-0.043,-0.056,-0.061
942185245,0.0137,-0.0034,-1.0679,-0.043,-0.117,0.061
942198245,0.0103,-0.0039,-1.0596,-0.043,0.005,0.122
942211245,0.0190,0.0029,-1.0635,0.079,-0.422,0.183
942224245,0.0112,-0.0015,-1.0522,0.018,-0.117,0.122
942237245,0.0098,-0.0015,-1.0669,0.018,-0.056,-0.000
942250245,0.0176,-0.0098,-1.0688,-0.104,-0.056,0.061
942263245,0.0107,0.0024,-1.0615,0.079,0.128,-0.000
942276245,0.0151,-0.0044,-1.0713,-0.104,-0.056,-0.000
942289245,0.0122,-0.0029,-1.0552,0.201,-0.117,0.061
942302245,0.0137,-0.0015,-1.0649,0.323,-0.117,-0.061
942315245,0.0137,-0.0020,-1.0620,0.079,0.189,-0.000
942328245,0.0142,-0.0010,-1.0659,-0.104,-0.056,0.183
942341245,0.0132,-0.0015,-1.0669,0.140,0.433,-0.061
942354245,0.0156,-0.0044,-1.0640,0.079,0.005,0.061
942367245,0.0161,-0.0059,-1.0615,0.018,0.067,-0.000
942380245,0.0146,-0.0039,-1.0654,-0.349,0.005,0.183
942393245,0.0137,-0.0039,-1.0688,0.018,-0.056,0.122
942406245,0.0166,0.0005,-1.0576,0.079,0.311,-0.000
942419245,0.0151,-0.0054,-1.0547,0.079,0.067,0.061
942432245,0.0137,-0.0044,-1.0635,-0.226,0.189,0.061
942445245,0.0112,-0.0039,-1.0649,0.201,-0.178,-0.366
942458245,0.0161,-0.0034,-1.0664,0.018,-0.117,-0.000
942471245,0.0127,-0.0039,-1.0557,0.018,0.067,0.244
942484245,0.0161,-0.0059,-1.0615,0.201,0.128,-0.000
942497245,0.0127,-0.0063,-1.0635,-0.287,0.311,-0.061
942510245,0.0156,0.0005,-1.0615,-0.043,-0.056,0.122
942523245,0.0176,-0.0015,-1.0601,0.079,0.005,-0.000
942536245,0.0132,-0.0029,-1.0645,-0.104,-0.178,0.061
942549245,0.0137,-0.0015,-1.0620,0.140,-0.056,0.122
942562245,0.0151,-0.0059,-1.0659,-0.104,0.311,-0.122
942575245,0.0117,0.0000,-1.0591,0.018,0.005,-0.000
942588245,0.0142,-0.0078,-1.0645,0.201,0.005,-0.000
942601245,0.0127,0.0000,-1.0620,0.079,-0.056,0.122
942614245,0.0142,-0.0020,-1.0625,0.201,0.067,0.061
942627245,0.0146,-0.0029,-1.0610,-0.226,0.128,0.122
942640245,0.0161,-0.0059,-1.0693,0.079,-0.117,0.061
942653245,0.0107,-0.0044,-1.0630,0.018,0.005,0.061
942666245,0.0132,-0.0015,-1.0713,0.079,0.189,0.183
942679245,0.0103,-0.0015,-1.0571,0.018,-0.300,0.244
942692245,0.0156,-0.0068,-1.0576,0.079,0.250,-0.061
942705245,0.0132,-0.0039,-1.0640,0.201,0.005,0.183
942718245,0.0186,-0.0020,-1.0635,-0.043,-0.117,0.061
942731245,0.0127,-0.0049,-1.0610,-0.043,0.067,0.061
942744245,0.0161,-0.0049,-1.0659,0.018,0.250,0.122
942757245,0.0122,-0.0034,-1.0542,-0.104,0.005,0.061
942770245,0.0127,-0.0054,-1.0654,0.079,0.128,0.061
942783245,0.0146,-0.0010,-1.0537,0.018,0.005,-0.061
942796245,0.0112,-0.0063,-1.0605,0.079,0.189,0.183
942809245,0.0181,-0.0039,-1.0669,0.140,0.189,0.305
942822245,0.0132,-0.0049,-1.0649,0.140,-0.056,-0.000
942835245,0.0142,-0.0039,-1.0688,-0.104,-0.117,-0.183
942848245,0.0146,-0.0059,-1.0654,0.079,0.067,0.061
942861245,0.0137,-0.0034,-1.0654,0.201,-0.117,-0.000
942874245,0.0156,-0.0039,-1.0669,0.079,0.005,-0.000
942887245,0.0142,-0.0059,-1.0659,0.140,-0.117,0.122
942900245,0.0137,-0.0039,-1.0625,0.140,-0.117,0.183
942913245,0.0127,-0.0039,-1.0615,0.079,0.005,0.183
942926245,0.0181,-0.0059,-1.0610,-0.226,-0.117,0.122
942939245,0.0142,-0.0039,-1.0615,0.079,0.005,0.244
942952245,0.0171,-0.0059,-1.0620,-0.043,-0.300,0.122
942965245,0.0132,-0.0063,-1.0615,0.018,0.128,-0.000
942978245,0.0127,-0.0068,-1.0688,0.140,-0.117,0.122
942991245,0.0151,-0.0020,-1.0674,-0.043,0.005,0.183
943004245,0.0151,0.0000,-1.0630,0.079,-0.178,0.122
943017245,0.0127,-0.0024,-1.0698,0.201,0.189,0.122
943030245,0.0171,-0.0010,-1.0659,-0.226,-0.117,0.183
943043245,0.0127,-0.0049,-1.0576,-0.165,0.005,0.122
943056245,0.0186,-0.0049,-1.0557,0.079,0.067,-0.061
943069245,0.0112,-0.0015,-1.0630,-0.104,0.067,-0.061
943082245,0.0132,-0.0020,-1.0654,0.140,-0.239,-0.000
943095245,0.0137,-0.0068,-1.0581,0.140,0.005,0.183
943108245,0.0161,-0.0010,-1.0620,-0.043,0.005,0.183
943121245,0.0122,-0.0015,-1.0630,-0.043,-0.117,-0.305
943134245,0.0142,0.0010,-1.0664,0.079,-0.056,0.061
943147245,0.0146,-0.0020,-1.0581,0.262,0.067,-0.000
943160245,0.0122,-0.0015,-1.0610,0.140,0.005,-0.061
943173245,0.0137,-0.0073,-1.0649,-0.104,-0.239,0.061
943186245,0.0156,-0.0039,-1.0630,0.018,0.067,-0.061
943199245,0.0151,-0.0044,-1.0649,-0.104,0.067,-0.000
943212245,0.0137,-0.0005,-1.0649,0.079,0.250,-0.000
943225245,0.0137,-0.0020,-1.0645,0.201,-0.117,-0.000
943238245,0.0098,-0.0039,-1.0664,0.018,-0.056,-0.000
943251245,0.0151,-0.0059,-1.0664,0.018,0.067,0.061
943264245,0.0142,-0.0029,-1.0591,-0.104,0.005,0.061
943277245,0.0117,-0.0005,-1.0610,-0.165,0.128,0.061
943290245,0.0181,-0.0054,-1.0601,0.079,-0.239,0.061
943303245,0.0142,-0.0059,-1.0542,-0.104,0.067,-0.000
943316245,0.0171,-0.0020,-1.0649,-0.226,0.005,0.122
943329245,0.0146,-0.0039,-1.0605,0.079,-0.117,-0.122
943342245,0.0132,-0.0015,-1.0640,0.079,0.005,-0.183
943355245,0.0142,-0.0049,-1.0596,0.079,0.250,0.183
943368245,0.0083,0.0005,-1.0630,-0.104,-0.056,0.183
943381245,0.0107,-0.0039,-1.0659,0.323,0.311,-0.000
943394245,0.0107,-0.0015,-1.0620,0.018,0.128,0.061
943407245,0.0142,-0.0049,-1.0630,-0.349,0.005,0.183
943420245,0.0112,-0.0059,-1.0576,0.018,-0.056,0.183
943433245,0.0117,-0.0049,-1.0596,0.079,0.250,0.244
943446245,0.0146,-0.0078,-1.0649,-0.043,-0.056,0.061
943459245,0.0127,-0.0015,-1.0649,0.140,-0.178,0.061
943472245,0.0146,-0.0015,-1.0610,0.018,0.067,0.244
943485245,0.0112,-0.0020,-1.0713,0.201,-0.056,0.122
943498245,0.0132,-0.0020,-1.0610,-0.043,-0.056,-0.000
943511245,0.0146,-0.0010,-1.0635,0.323,0.189,0.122
943524245,0.0166,-0.0029,-1.0669,0.201,0.250,0.122
943537245,0.0132,-0.0044,-1.0654,0.201,0.433,0.122
943550245,0.0137,0.0005,-1.0645,0.079,-0.178,-0.122
943563245,0.0112,-0.0005,-1.0635,0.140,0.005,0.183
943576245,0.0112,0.0020,-1.0469,-0.165,-0.300,-0.061
943589245,0.0186,0.0044,-1.0566,-0.104,-0.117,-0.000
943602245,0.0195,-0.0034,-1.0659,0.445,0.189,0.122
943615245,0.0059,-0.0039,-1.0527,-0.043,-0.239,0.061
943628245,0.0078,-0.0049,-1.0674,0.018,-0.056,-0.000
943641245,0.0107,-0.0044,-1.0664,0.018,-0.056,-0.000
943654245,0.0117,-0.0029,-1.0552,-0.104,0.067,-0.000
943667245,0.0146,0.0015,-1.0654,0.140,-0.056,-0.000
943680245,0.0137,-0.0010,-1.0596,-0.043,0.005,-0.000
943693245,0.0166,-0.0068,-1.0605,-0.043,0.067,0.122
943706245,0.0146,-0.0034,-1.0664,0.140,0.005,0.122
943719245,0.0107,-0.0039,-1.0620,0.140,0.067,-0.000
943732245,0.0137,-0.0034,-1.0645,0.079,0.067,-0.000
943745245,0.0166,-0.0034,-1.0679,0.018,0.005,0.122
943758245,0.0132,-0.0063,-1.0527,-0.165,0.372,0.061
943771245,0.0161,-0.0034,-1.0625,0.018,0.067,0.183
943784245,0.0142,-0.0039,-1.0625,0.384,0.189,0.366
943797245,0.0117,-0.0034,-1.0620,0.079,0.128,0.061
943810245,0.0146,-0.0024,-1.0669,-0.165,0.067,0.061
943823245,0.0122,-0.0039,-1.0601,0.018,0.005,0.122
943836245,0.0098,-0.0024,-1.0615,-0.226,0.128,-0.061
943849245,0.0156,-0.0015,-1.0620,0.079,-0.178,0.061
943862245,0.0083,-0.0024,-1.0615,-0.043,0.189,0.061
943875245,0.0151,-0.0024,-1.0659,-0.043,0.189,0.122
943888245,0.0132,-0.0044,-1.0669,0.079,0.067,-0.061
943901245,0.0166,-0.0005,-1.0669,0.018,0.067,-0.061
943914245,0.0137,-0.0020,-1.0649,0.140,-0.056,-0.061
943927245,0.0132,-0.0044,-1.0615,0.140,0.311,0.061
943940245,0.0151,-0.0039,-1.0620,0.140,0.005,0.244
943953245,0.0117,-0.0015,-1.0610,-0.104,-0.239,0.244
943966245,0.0137,-0.0010,-1.0596,-0.043,0.005,-0.122
943979245,0.0161,-0.0024,-1.0640,0.018,-0.117,-0.122
943992245,0.0142,-0.0010,-1.0566,-0.043,-0.117,0.183
944005245,0.0283,0.0020,-1.0674,-6.086,0.128,0.305
944018245,0.0215,-0.0137,-1.0801,-0.837,0.311,0.183
944031245,0.0161,0.0000,-1.0645,-0.837,-0.056,0.061
944044245,0.0054,-0.0288,-1.0688,1.299,-0.483,-0.366
944057245,0.1499,-0.1475,-1.0171,-6.025,-3.840,-9.461
944070245,0.1982,-0.1528,-1.0254,-9.016,-9.394,-27.161
944083245,0.0625,0.0269,-1.0928,2.764,-0.910,-27.405
944096245,-0.0654,0.0850,-1.0132,1.788,-2.680,-11.414
944109245,-0.0635,0.0586,-1.1240,-0.226,2.752,1.159
944122245,-0.2456,0.1045,-1.0757,0.933,0.738,14.526
944135245,0.0083,-0.1870,-1.1924,0.201,3.057,49.804
944148245,-0.1128,-0.2319,-1.0962,0.201,1.470,24.658
944161245,0.0103,0.0024,-1.0791,1.727,3.484,3.052
944174245,0.0107,0.0713,-1.1108,-0.165,3.668,-14.344
944187245,0.2153,0.0166,-1.0283,-1.874,0.128,-27.283
944200245,0.0728,-0.0068,-1.0874,2.215,1.898,-40.161
944213245,-0.1006,0.1499,-1.1680,8.624,-15.131,-53.833
944226245,0.1826,0.2085,-1.2495,11.492,-21.845,-36.194
944239245,-0.0190,-0.0371,-1.0737,8.563,-22.089,-52.552
944252245,-0.0386,-0.1006,-1.1494,13.201,-18.427,-65.247
944265245,-0.1333,-0.0049,-1.0044,-1.752,-39.850,-72.327
944278245,0.0625,0.0249,-1.2876,-18.171,-95.759,-59.815
944291245,0.1553,-0.0469,-1.1680,-20.978,-163.386,-52.674
944304245,0.2896,0.2378,-1.1597,-19.575,-226.374,-28.748
944317245,0.5659,0.0859,-1.2026,-51.618,-302.668,-1.709
944330245,0.5430,-0.0068,-1.0229,-43.500,-392.634,4.883
944343245,0.3843,0.1406,-0.9214,-20.673,-431.696,6.286
944356245,0.5679,-0.0293,-0.8774,-21.406,-492.182,-5.005
944369245,0.7783,-0.1216,-0.4961,-22.443,-617.609,-24.109
944382245,1.2334,-0.2393,-0.6250,-27.448,-487.299,-22.400
944395245,1.2505,-0.1357,-1.0669,-8.954,-489.191,-46.204
944408245,1.1128,0.2827,-0.9746,-26.655,-491.144,-20.447
944421245,0.9536,0.4927,-0.9209,-27.021,-482.416,47.912
944434245,0.9409,-0.0498,-0.7524,1.605,-455.378,83.435
944447245,0.8740,-0.3813,-0.5083,12.347,-394.831,51.086
944460245,0.8252,-0.0020,-0.4375,15.826,-330.256,43.884
944473245,0.7017,-0.0605,-0.3062,32.977,-280.268,52.185
944486245,0.7666,-0.1157,-0.3262,31.756,-228.937,42.969
944499245,0.6953,-0.1455,-0.4033,34.564,-176.447,35.705
944512245,0.6514,-0.1128,-0.2627,35.540,-128.596,31.189
944525245,0.7646,-0.0698,-0.0923,22.540,-94.477,24.963
944538245,0.7437,0.0288,-0.0806,21.197,-81.415,13.855
944551245,0.8472,0.0830,-0.0244,21.563,-71.100,15.869
944564245,0.8799,0.0078,0.0586,16.619,-67.621,20.508
944577245,0.8237,0.0220,0.0557,16.070,-62.433,26.245
944590245,0.8701,-0.0122,-0.0391,15.582,-35.029,26.062
944603245,0.8579,-0.0176,-0.1084,15.338,4.034,18.738
944616245,0.8877,-0.0728,-0.2524,3.863,54.327,8.728
944629245,0.9683,-0.1143,-0.3506,-13.166,132.208,-14.832
944642245,0.9648,-0.0957,-0.2847,-24.518,209.722,-40.894
944655245,1.0010,0.0894,-0.2563,-31.476,274.786,-51.392
944668245,1.1006,0.1270,-0.2642,-26.960,328.985,-53.467
944681245,1.1387,0.0649,-0.0977,-18.415,358.526,-53.650
944694245,1.1445,0.0039,-0.3496,-10.297,389.837,-53.772
944707245,1.1055,-0.2070,-0.6143,-9.260,459.966,-74.036
944720245,1.0850,-0.1338,-0.5518,-28.913,488.043,-95.459
944733245,1.1211,-0.1611,-0.7783,-45.026,505.377,-109.802
944746245,1.1621,-0.1484,-0.7993,-47.712,504.522,-126.831
944759245,1.0742,-0.1294,-0.8916,-43.989,494.024,-121.582
944772245,0.8789,-0.2388,-1.0063,-36.359,487.188,-118.531
944785245,0.7466,-0.2690,-1.1343,-19.025,497.747,-121.277
944798245,0.6782,-0.2788,-1.1089,2.581,503.607,-122.193
944811245,0.6689,-0.2632,-1.0234,21.197,497.015,-120.850
944824245,0.6216,-0.2441,-0.8979,34.930,468.145,-112.061
944837245,0.4541,-0.1699,-0.8955,41.400,430.181,-91.309
944850245,0.2422,-0.1597,-0.8408,43.231,373.907,-76.966
944863245,0.1685,-0.1719,-0.8462,46.588,313.299,-64.698
944876245,0.0566,-0.2163,-0.6631,49.395,265.325,-61.463
944889245,-0.0864,-0.1494,-0.5859,43.597,205.389,-57.923
944902245,-0.2251,-0.0625,-0.5059,31.878,140.569,-51.514
944915245,-0.3477,0.0420,-0.4834,19.427,74.957,-35.279
944928245,-0.4639,0.0112,-0.4473,-0.410,12.518,-19.287
944941245,-0.4604,-0.0713,-0.6128,-0.287,-38.996,-9.949
944954245,-0.4639,-0.0811,-0.6963,8.318,-76.655,-2.869
944967245,-0.4321,-0.0449,-0.7749,4.046,-101.618,5.188
944980245,-0.4141,-0.0332,-0.8940,-2.668,-118.281,11.291
944993245,-0.3730,-0.0967,-0.9766,0.445,-123.835,18.188
945006245,-0.3447,-0.1294,-1.0107,11.370,-111.323,19.836
945019245,-0.2842,-0.0776,-1.0264,19.122,-96.003,18.005
945032245,-0.2109,-0.0576,-1.0532,20.709,-82.514,16.968
945045245,-0.1396,-0.1196,-1.0776,20.159,-71.223,15.198
945058245,-0.0903,-0.1260,-1.0547,21.746,-64.814,11.596
945071245,-0.0869,-0.0981,-1.0410,19.366,-59.931,12.146
945084245,-0.0952,-0.0454,-1.0225,15.338,-61.457,17.273
945097245,-0.0937,-0.0459,-1.0244,13.568,-69.086,20.752
945110245,-0.0586,-0.0664,-1.0181,13.934,-77.509,20.874
945123245,-0.0098,-0.0879,-1.0073,14.300,-75.922,20.324
945136245,0.0337,-0.1104,-1.0825,11.065,-64.570,17.334
945149245,0.0425,-0.1167,-1.1279,13.445,-39.789,10.620
945162245,0.0654,-0.0972,-1.1592,19.061,-3.046,2.990
945175245,0.0298,-0.0815,-1.1011,23.760,19.659,-0.305
945188245,0.0015,-0.0391,-1.1274,28.033,4.827,0.976
945201245,0.0449,-0.0337,-1.1152,28.155,14.105,3.479
945214245,0.0537,-0.0493,-1.0576,28.216,25.152,5.615
945227245,0.0625,0.0259,-0.8438,34.747,19.415,18.066
945240245,-0.4541,0.1475,0.6104,72.466,-232.477,55.969
945253245,3.3081,-0.7476,-10.2422,147.479,149.847,-10.620
945266245,0.5688,0.1855,-1.8086,9.722,19.354,25.696
945279245,-0.1870,0.1904,-1.1309,-40.266,77.703,25.207
945292245,0.1646,0.3892,-0.4023,13.445,13.799,63.843
945305245,0.1543,0.0581,-1.2896,8.929,7.818,78.064
945318245,0.0913,0.0137,-1.1592,-1.691,4.583,80.505
945331245,0.0176,-0.0200,-1.0898,-3.034,2.813,66.772
945344245,-0.0396,-0.0967,-1.0630,-0.776,1.165,44.250
945357245,-0.0332,-0.1274,-1.0757,0.262,-0.483,28.076
945370245,0.0210,-0.0801,-1.0894,0.201,0.677,20.996
945383245,0.0044,-0.0688,-1.0718,-0.410,2.203,14.709
945396245,0.0195,-0.0308,-1.0693,0.262,0.250,10.559
945409245,0.0269,-0.0117,-1.0396,0.567,-0.544,8.117
945422245,0.0303,-0.0186,-1.0469,-0.654,-0.361,6.714
945435245,0.0186,-0.0605,-1.0674,-1.081,0.555,2.746
945448245,0.0352,-0.0083,-1.0522,-0.043,0.128,0.122
945461245,0.0381,0.0024,-1.0591,-0.104,0.067,0.061
945474245,0.0420,0.0029,-1.0669,0.079,-0.178,0.061
945487245,0.0361,0.0010,-1.0542,0.018,0.067,-0.000
945500245,0.0425,0.0005,-1.0625,0.201,0.067,0.122
945513245,0.0327,0.0000,-1.0630,0.018,0.250,0.061
945526245,0.0356,0.0010,-1.0620,-0.165,0.005,0.183
945539245,0.0386,-0.0010,-1.0635,0.201,0.128,-0.000
945552245,0.0400,0.0005,-1.0596,0.079,0.128,0.122
945565245,0.0391,0.0024,-1.0591,0.140,-0.117,0.183
945578245,0.0439,-0.0029,-1.0640,0.079,-0.056,0.122
945591245,0.0400,0.0000,-1.0596,-0.043,0.005,0.061
945604245,0.0386,-0.0020,-1.0640,0.079,0.128,-0.183
945617245,0.0356,0.0010,-1.0610,0.140,-0.056,-0.000
945630245,0.0356,-0.0010,-1.0659,-0.104,0.189,-0.122
945643245,0.0371,-0.0049,-1.0645,0.018,0.128,0.183
945656245,0.0400,-0.0015,-1.0581,-0.043,0.128,-0.061
945669245,0.0435,-0.0010,-1.0513,-0.165,-0.056,0.061
945682245,0.0425,0.0000,-1.0610,-0.226,0.250,-0.061
945695245,0.0400,-0.0010,-1.0630,0.079,-0.117,0.183
945708245,0.0361,0.0024,-1.0537,0.018,0.128,-0.000
945721245,0.0376,-0.0024,-1.0654,0.201,0.189,0.061
945734245,0.0386,-0.0024,-1.0640,0.262,0.067,0.244
945747245,0.0396,0.0000,-1.0513,0.079,0.128,0.183
945760245,0.0376,-0.0029,-1.0630,-0.165,0.005,0.183
945773245,0.0391,-0.0044,-1.0586,0.079,0.128,-0.061
945786245,0.0391,-0.0024,-1.0635,-0.410,0.189,0.061
945799245,0.0439,-0.0034,-1.0635,-0.104,0.005,-0.061
945812245,0.0396,-0.0005,-1.0669,-0.165,-0.056,0.183
945825245,0.0386,0.0000,-1.0649,-0.043,0.128,0.061
945838245,0.0381,-0.0010,-1.0552,0.140,-0.056,0.122
945851245,0.0391,0.0020,-1.0610,-0.104,0.128,0.061
945864245,0.0366,0.0005,-1.0684,0.018,0.128,0.061
945877245,0.0386,0.0005,-1.0581,-0.226,-0.056,0.366
945890245,0.0410,0.0020,-1.0625,-0.043,0.189,-0.000
945903245,0.0366,-0.0063,-1.0610,-0.043,-0.056,-0.061
945916245,0.0396,-0.0015,-1.0679,0.140,0.005,0.122
945929245,0.0386,0.0024,-1.0640,-0.043,0.311,-0.183
945942245,0.0347,-0.0020,-1.0620,-0.226,0.311,0.122
945955245,0.0361,0.0005,-1.0688,0.079,-0.117,0.122
945968245,0.0405,0.0000,-1.0649,0.018,0.067,0.122
945981245,0.0391,-0.0044,-1.0596,0.018,-0.117,0.122
945994245,0.0366,-0.0034,-1.0562,-0.104,0.128,0.183
946007245,0.0396,0.0015,-1.0635,-0.104,0.250,0.061
946020245,0.0391,-0.0020,-1.0596,-0.043,0.067,0.061
946033245,0.0400,-0.0020,-1.0610,-0.165,0.311,-0.000
946046245,0.0376,0.0005,-1.0649,0.140,-0.178,0.183
946059245,0.0410,-0.0029,-1.0566,-0.043,0.067,0.061
946072245,0.0371,0.0010,-1.0635,0.018,0.128,0.122
946085245,0.0352,-0.0044,-1.0640,-0.104,-0.117,0.061
946098245,0.0371,0.0000,-1.0698,-0.104,-0.056,0.122
946111245,0.0381,-0.0039,-1.0654,-0.165,-0.056,0.183
946124245,0.0405,-0.0015,-1.0615,-0.165,0.067,0.122
946137245,0.0356,-0.0020,-1.0620,0.323,0.128,0.122
946150245,0.0410,0.0010,-1.0630,0.140,0.005,-0.000
946163245,0.0371,-0.0029,-1.0640,0.018,-0.056,-0.061
946176245,0.0391,0.0000,-1.0591,0.201,-0.056,0.244
946189245,0.0361,-0.0020,-1.0625,-0.226,0.128,0.183
946202245,0.0381,-0.0010,-1.0586,-0.165,0.128,0.061
946215245,0.0342,-0.0024,-1.0659,-0.043,0.067,0.061
946228245,0.0391,-0.0005,-1.0532,0.079,0.128,0.122
946241245,0.0381,-0.0010,-1.0649,-0.104,0.067,-0.061
946254245,0.0371,-0.0034,-1.0640,0.018,0.067,0.061
946267245,0.0342,-0.0010,-1.0610,-0.043,0.067,0.183
946280245,0.0347,0.0024,-1.0679,-0.104,0.189,0.061
946293245,0.0410,-0.0010,-1.0659,-0.165,-0.056,0.244
946306245,0.0381,-0.0068,-1.0669,-0.043,0.128,0.122
946319245,0.0381,0.0010,-1.0630,0.018,0.128,-0.061
946332245,0.0366,-0.0024,-1.0615,0.018,-0.056,0.183
946345245,0.0410,-0.0024,-1.0610,-0.165,0.128,0.183
946358245,0.0386,-0.0005,-1.0640,-0.043,0.189,0.061
946371245,0.0361,-0.0010,-1.0610,-0.043,0.005,-0.244
946384245,0.0400,0.0000,-1.0605,0.140,-0.056,-0.122
946397245,0.0400,-0.0010,-1.0576,0.018,0.128,-0.244
946410245,0.0381,0.0010,-1.0576,0.262,-0.117,0.061
946423245,0.0439,-0.0029,-1.0581,0.201,-0.056,-0.122
946436245,0.0425,0.0015,-1.0615,0.018,0.067,-0.061
946449245,0.0342,-0.0059,-1.0640,0.018,0.067,-0.305
946462245,0.0381,0.0034,-1.0586,-0.226,0.005,-0.061
946475245,0.0400,-0.0034,-1.0640,-0.043,-0.056,0.183
946488245,0.0386,-0.0015,-1.0635,-0.104,0.128,0.122
946501245,0.0342,-0.0010,-1.0571,0.140,0.067,-0.061
946514245,0.0337,0.0000,-1.0620,-0.104,0.128,0.122
946527245,0.0410,-0.0015,-1.0610,0.079,-0.056,0.122
946540245,0.0381,-0.0044,-1.0615,0.018,0.128,0.244
946553245,0.0361,-0.0005,-1.0654,0.140,0.372,0.244
946566245,0.0366,-0.0029,-1.0610,0.140,0.250,-0.000
946579245,0.0386,0.0000,-1.0684,0.201,0.189,-0.122
946592245,0.0386,-0.0068,-1.0659,-0.165,-0.056,-0.122
946605245,0.0376,0.0000,-1.0654,0.079,0.128,-0.061
946618245,0.0376,-0.0015,-1.0591,-0.104,0.189,-0.000
946631245,0.0425,-0.0034,-1.0635,-0.104,-0.117,0.183
946644245,0.0415,-0.0034,-1.0654,0.079,-0.056,-0.122
946657245,0.0391,-0.0024,-1.0586,0.201,0.005,0.122
946670245,0.0376,-0.0034,-1.0591,-0.043,-0.056,-0.061
946683245,0.0410,-0.0015,-1.0645,0.018,-0.361,-0.000
946696245,0.0361,0.0005,-1.0679,0.079,-0.239,-0.000
946709245,0.0376,-0.0024,-1.0620,0.018,-0.117,-0.122
946722245,0.0381,-0.0020,-1.0625,-0.104,0.005,0.122
946735245,0.0366,-0.0010,-1.0635,0.079,0.005,-0.122
946748245,0.0381,0.0015,-1.0669,0.079,0.005,0.122
946761245,0.0376,-0.0039,-1.0601,0.079,0.005,0.183
946774245,0.0356,0.0024,-1.0552,-0.104,0.128,-0.305
946787245,0.0396,-0.0010,-1.0601,-0.043,0.250,-0.122
946800245,0.0352,0.0000,-1.0596,-0.165,0.005,0.183
946813245,0.0386,0.0010,-1.0640,-0.043,-0.178,0.244
946826245,0.0405,-0.0005,-1.0625,0.018,-0.117,-0.122
946839245,0.0396,-0.0005,-1.0635,0.140,0.250,-0.183
946852245,0.0381,-0.0005,-1.0625,0.079,0.005,-0.061
946865245,0.0371,-0.0034,-1.0635,-0.165,0.189,-0.000
946878245,0.0391,0.0000,-1.0537,0.018,0.250,0.061
946891245,0.0376,0.0000,-1.0620,-0.165,0.189,-0.000
946904245,0.0342,-0.0039,-1.0620,0.201,0.067,0.122
946917245,0.0405,-0.0005,-1.0601,0.201,0.005,0.061
946930245,0.0361,0.0005,-1.0654,0.079,0.189,0.183
946943245,0.0396,-0.0020,-1.0640,0.140,0.067,0.122
946956245,0.0400,0.0015,-1.0547,-0.043,0.128,-0.061
946969245,0.0352,-0.0005,-1.0679,-0.043,-0.056,-0.122
946982245,0.0332,-0.0054,-1.0723,0.018,0.372,0.061
946995245,0.0322,0.0039,-1.0581,0.079,0.067,0.061
947008245,0.0273,-0.0024,-1.0659,0.018,-0.056,0.061
947021245,0.0352,0.0000,-1.0591,0.018,-0.117,0.122
947034245,0.0391,-0.0010,-1.0635,-0.043,0.250,-0.000
947047245,0.0420,0.0005,-1.0664,0.018,0.189,-0.000
947060245,0.0576,-0.0015,-1.0684,0.079,-0.117,0.061
947073245,0.0381,-0.0034,-1.0596,0.140,0.067,0.061
947086245,0.0396,0.0020,-1.0645,0.018,0.067,0.183
947099245,0.0376,0.0024,-1.0576,-0.287,0.189,0.183
947112245,0.0391,-0.0010,-1.0610,0.201,0.067,0.061
947125245,0.0356,-0.0029,-1.0688,0.018,0.005,-0.061
947138245,0.0391,-0.0024,-1.0640,-0.104,-0.117,-0.000
947151245,0.0352,-0.0034,-1.0630,-0.043,0.067,-0.000
947164245,0.0376,0.0005,-1.0620,-0.043,-0.117,-0.122
947177245,0.0400,-0.0020,-1.0684,0.140,-0.056,0.061
947190245,0.0356,-0.0039,-1.0581,0.262,0.189,-0.122
947203245,0.0381,-0.0010,-1.0664,-0.043,0.067,-0.122
947216245,0.0347,-0.0005,-1.0630,0.079,0.128,-0.061
947229245,0.0352,-0.0020,-1.0571,-0.165,0.128,-0.000
947242245,0.0405,0.0020,-1.0654,0.018,0.005,0.061
947255245,0.0352,-0.0034,-1.0684,-0.043,0.189,0.244
947268245,0.0352,-0.0024,-1.0615,0.079,0.067,0.183
947281245,0.0391,-0.0015,-1.0640,0.079,0.067,0.061
947294245,0.0400,0.0034,-1.0645,-0.043,0.250,0.122
947307245,0.0400,-0.0015,-1.0654,0.201,0.128,-0.000
947320245,0.0396,0.0020,-1.0630,0.079,-0.178,-0.000
947333245,0.0366,-0.0010,-1.0679,0.018,0.189,0.061
947346245,0.0361,-0.0005,-1.0601,0.018,0.067,0.122
947359245,0.0342,-0.0010,-1.0615,0.018,0.128,0.061
947372245,0.0371,0.0005,-1.0654,0.262,0.005,0.061
947385245,0.0386,-0.0039,-1.0596,-0.165,0.005,-0.061
947398245,0.0371,-0.0044,-1.0654,0.262,0.128,0.122
947411245,0.0381,-0.0020,-1.0571,0.140,0.128,0.122
947424245,0.0420,0.0005,-1.0688,0.079,0.311,0.122
947437245,0.0381,-0.0054,-1.0664,0.018,0.067,0.183
947450245,0.0371,-0.0005,-1.0591,0.140,-0.056,0.061
947463245,0.0376,-0.0039,-1.0605,0.018,-0.056,0.244
947476245,0.0425,0.0010,-1.0669,0.140,0.067,0.183
947489245,0.0371,-0.0029,-1.0562,-0.043,0.005,0.122
947502245,0.0356,0.0000,-1.0645,0.018,-0.239,0.183
947515245,0.0396,0.0005,-1.0649,0.018,-0.056,0.183
947528245,0.0366,-0.0034,-1.0562,0.262,0.128,-0.122
947541245,0.0420,-0.0010,-1.0537,0.140,0.005,0.122
947554245,0.0420,-0.0015,-1.0654,0.018,-0.178,0.122
947567245,0.0376,-0.0010,-1.0625,0.079,0.067,-0.061
947580245,0.0366,0.0005,-1.0654,0.018,0.067,0.122
947593245,0.0381,-0.0010,-1.0640,0.262,0.128,0.183
947606245,0.0430,0.0000,-1.0601,0.140,0.005,0.061
947619245,0.0371,-0.0034,-1.0630,-0.043,-0.117,0.122
947632245,0.0391,-0.0010,-1.0605,-0.043,0.189,-0.000
947645245,0.0381,0.0024,-1.0576,-0.104,-0.117,0.183
947658245,0.0410,0.0020,-1.0576,0.140,0.128,-0.000
947671245,0.0352,-0.0044,-1.0562,0.018,-0.117,0.122
947684245,0.0376,-0.0024,-1.0601,-0.104,0.067,0.061
947697245,0.0371,-0.0010,-1.0586,0.018,0.005,0.061
947710245,0.0376,-0.0029,-1.0610,0.140,0.067,-0.244
947723245,0.0415,0.0024,-1.0664,-0.287,0.189,-0.000
947736245,0.0391,-0.0010,-1.0674,0.018,0.128,0.061
947749245,0.0410,-0.0049,-1.0640,0.079,0.311,0.183
947762245,0.0415,-0.0015,-1.0659,-0.226,0.128,-0.000
947775245,0.0405,-0.0034,-1.0601,0.201,0.067,0.183
947788245,0.0396,-0.0005,-1.0620,-0.104,0.067,-0.061
947801245,0.0371,0.0015,-1.0625,-0.165,0.067,0.061
947814245,0.0391,0.0015,-1.0605,0.018,-0.056,0.183
947827245,0.0356,0.0015,-1.0576,-0.043,0.005,0.061
947840245,0.0396,0.0010,-1.0562,0.140,0.189,0.122
947853245,0.0327,-0.0034,-1.0591,-0.104,0.128,-0.061
947866245,0.0356,-0.0015,-1.0586,-0.104,0.067,0.244
947879245,0.0361,-0.0020,-1.0596,-0.165,0.005,0.244
947892245,0.0376,-0.0005,-1.0596,0.140,0.128,-0.000
947905245,0.0405,-0.0015,-1.0591,0.018,-0.178,0.061
947918245,0.0391,0.0005,-1.0625,0.201,-0.117,0.061
947931245,0.0356,-0.0034,-1.0581,-0.043,0.005,0.061
947944245,0.0400,0.0005,-1.0562,-0.104,-0.056,0.244
947957245,0.0366,0.0000,-1.0640,0.201,0.128,0.244
947970245,0.0376,-0.0015,-1.0601,0.018,0.005,0.061
947983245,0.0366,-0.0010,-1.0688,0.079,-0.056,-0.122
947996245,0.0381,0.0000,-1.0620,0.262,0.067,0.122
948009245,0.0405,0.0010,-1.0654,-0.043,0.067,-0.000
948022245,0.0371,0.0005,-1.0659,0.262,0.128,-0.000
948035245,0.0332,-0.0020,-1.0601,-0.226,-0.178,-0.000
948048245,0.0386,-0.0015,-1.0630,0.018,0.128,0.122
948061245,0.0386,0.0000,-1.0566,0.140,0.067,0.244
948074245,0.0347,0.0000,-1.0581,-0.043,0.189,0.244
948087245,0.0400,-0.0029,-1.0640,0.018,0.067,-0.061
948100245,0.0415,0.0005,-1.0669,-0.165,0.067,-0.183
948113245,0.0415,-0.0024,-1.0635,-0.043,-0.117,-0.244
948126245,0.0396,-0.0020,-1.0615,0.140,0.005,0.061
948139245,0.0396,0.0024,-1.0732,0.018,-0.056,0.122
948152245,0.0361,-0.0005,-1.0557,0.201,0.067,-0.061
948165245,0.0410,-0.0020,-1.0640,-0.104,0.067,0.061
948178245,0.0342,0.0020,-1.0674,0.079,0.128,-0.061
948191245,0.0400,0.0000,-1.0674,0.140,0.067,0.305
948204245,0.0376,-0.0020,-1.0581,0.079,-0.117,-0.122
948217245,0.0386,-0.0039,-1.0654,-0.043,0.189,0.122
948230245,0.0376,-0.0015,-1.0596,-0.165,-0.056,0.061
948243245,0.0366,-0.0029,-1.0586,-0.287,0.311,0.244
948256245,0.0386,-0.0020,-1.0625,-0.287,0.189,0.183
948269245,0.0410,0.0024,-1.0591,-0.043,0.005,0.305
948282245,0.0435,0.0020,-1.0649,-0.043,-0.117,0.122
948295245,0.0376,-0.0044,-1.0620,-0.043,0.067,-0.000
948308245,0.0356,-0.0010,-1.0659,-0.226,-0.056,0.122
948321245,0.0391,-0.0010,-1.0601,-0.226,-0.056,0.183
948334245,0.0396,-0.0015,-1.0601,0.140,0.067,0.061
948347245,0.0356,-0.0015,-1.0669,0.018,-0.056,-0.183
948360245,0.0352,-0.0005,-1.0601,0.079,-0.056,0.061
948373245,0.0400,-0.0010,-1.0635,0.201,-0.117,-0.000
948386245,0.0400,-0.0020,-1.0684,-0.043,0.189,-0.000
948399245,0.0415,-0.0005,-1.0630,-0.226,0.128,-0.122
948412245,0.0366,-0.0034,-1.0610,-0.043,0.067,-0.061
948425245,0.0366,-0.0020,-1.0601,0.079,-0.056,0.061
948438245,0.0342,-0.0010,-1.0605,0.201,0.067,-0.000
948451245,0.0361,0.0005,-1.0645,-0.287,0.189,0.122
948464245,0.0361,-0.0015,-1.0659,0.140,0.067,0.305
948477245,0.0386,0.0034,-1.0654,-0.043,0.128,0.183
948490245,0.0342,-0.0020,-1.0645,-0.226,0.128,0.122
948503245,0.0386,-0.0005,-1.0649,-0.165,-0.117,-0.061
948516245,0.0400,-0.0010,-1.0752,-0.043,0.005,0.061
948529245,0.0371,-0.0005,-1.0620,-0.043,-0.239,0.244
948542245,0.0396,-0.0015,-1.0601,-0.104,-0.056,0.061
948555245,0.0430,0.0010,-1.0586,0.079,0.189,0.183
948568245,0.0391,-0.0039,-1.0620,-0.043,-0.056,-0.000
948581245,0.0381,-0.0015,-1.0635,-0.226,-0.239,0.183
948594245,0.0381,-0.0054,-1.0581,0.018,0.189,0.122
948607245,0.0381,-0.0029,-1.0610,0.201,0.372,0.061
948620245,0.0425,-0.0024,-1.0718,0.018,0.128,-0.000
948633245,0.0376,-0.0029,-1.0620,0.140,-0.056,-0.061
948646245,0.0391,0.0034,-1.0605,0.079,-0.117,0.061
948659245,0.0386,0.0005,-1.0542,-0.043,0.067,0.244
948672245,0.0386,0.0000,-1.0596,-0.165,0.189,0.061
948685245,0.0381,-0.0015,-1.0654,-0.287,0.067,0.061
948698245,0.0405,-0.0005,-1.0645,0.018,0.128,-0.000
948711245,0.0376,-0.0063,-1.0630,0.018,0.189,0.061
948724245,0.0396,0.0000,-1.0586,0.079,0.067,0.061
948737245,0.0337,-0.0020,-1.0625,0.018,-0.117,-0.061
948750245,0.0386,0.0015,-1.0620,-0.226,0.005,0.122
948763245,0.0366,0.0020,-1.0620,0.079,-0.056,-0.122
948776245,0.0376,-0.0044,-1.0669,0.018,0.128,-0.000
948789245,0.0391,0.0024,-1.0566,0.018,-0.056,0.061
948802245,0.0391,-0.0005,-1.0620,0.018,-0.178,-0.061
948815245,0.0356,0.0005,-1.0645,0.140,-0.117,-0.061
948828245,0.0356,0.0000,-1.0625,0.140,0.005,0.305
948841245,0.0420,0.0010,-1.0571,-0.043,-0.117,-0.061
948854245,0.0425,-0.0024,-1.0674,0.201,-0.117,-0.000
948867245,0.0386,-0.0039,-1.0596,-0.226,-0.056,-0.000
948880245,0.0361,0.0020,-1.0649,0.079,0.005,0.122
948893245,0.0391,0.0029,-1.0645,-0.165,-0.117,0.061
948906245,0.0415,-0.0015,-1.0669,-0.043,0.005,-0.000
948919245,0.0376,-0.0034,-1.0620,0.140,0.128,0.183
948932245,0.0400,0.0005,-1.0532,0.079,-0.056,-0.000
948945245,0.0425,0.0015,-1.0635,0.018,-0.178,0.183
948958245,0.0356,-0.0010,-1.0620,-0.043,0.067,0.183
948971245,0.0361,-0.0024,-1.0625,0.201,0.372,-0.000
948984245,0.0352,-0.0020,-1.0620,0.018,-0.239,-0.183
948997245,0.0366,0.0010,-1.0664,-0.226,0.128,0.061
949010245,0.0366,0.0000,-1.0625,-0.104,-0.178,0.122
949023245,0.0342,-0.0034,-1.0620,0.018,0.189,0.061
949036245,0.0381,0.0024,-1.0635,0.079,0.005,0.122
949049245,0.0366,0.0000,-1.0620,0.201,0.067,-0.122
949062245,0.0342,-0.0049,-1.0620,-0.104,0.005,-0.000
949075245,0.0391,-0.0029,-1.0625,0.079,0.067,0.122
949088245,0.0352,-0.0039,-1.0640,0.018,0.189,-0.000
949101245,0.0386,0.0000,-1.0586,-0.104,0.128,-0.122
949114245,0.0381,0.0000,-1.0586,0.018,-0.056,-0.122
949127245,0.0405,0.0000,-1.0659,0.079,0.067,0.061
949140245,0.0400,0.0010,-1.0615,0.018,0.067,0.061
949153245,0.0371,0.0000,-1.0659,0.140,-0.178,0.122
949166245,0.0386,-0.0015,-1.0669,0.140,0.189,0.244
949179245,0.0391,-0.0024,-1.0635,0.018,-0.117,0.061
949192245,0.0386,-0.0029,-1.0645,-0.104,0.250,-0.000
949205245,0.0400,0.0020,-1.0620,0.140,0.005,-0.061
949218245,0.0386,-0.0039,-1.0674,-0.349,0.005,-0.061
949231245,0.0371,-0.0015,-1.0635,-0.043,0.067,-0.000
949244245,0.0352,0.0010,-1.0581,-0.104,0.005,0.061
949257245,0.0366,-0.0010,-1.0713,-0.043,0.128,0.122
949270245,0.0342,-0.0010,-1.0581,-0.226,0.128,0.122
949283245,0.0396,-0.0029,-1.0674,0.018,0.189,0.305
949296245,0.0386,0.0015,-1.0635,0.079,0.005,-0.061
949309245,0.0371,-0.0024,-1.0576,0.018,0.128,-0.000
949322245,0.0356,-0.0029,-1.0605,-0.165,0.005,-0.244
949335245,0.0347,0.0000,-1.0601,-0.104,-0.056,0.061
949348245,0.0400,0.0000,-1.0625,-0.043,0.250,0.061
949361245,0.0391,0.0005,-1.0688,0.140,0.005,0.061
949374245,0.0400,-0.0010,-1.0596,-0.043,-0.056,-0.000
949387245,0.0361,-0.0010,-1.0718,0.140,-0.117,0.061
949400245,0.0381,-0.0010,-1.0728,0.140,0.005,-0.000
949413245,0.0356,0.0005,-1.0601,-0.043,0.128,-0.183
949426245,0.0400,-0.0044,-1.0645,0.201,-0.056,0.061
949439245,0.0396,0.0020,-1.0630,-0.226,0.128,0.122
949452245,0.0366,0.0005,-1.0591,0.201,0.067,0.061
949465245,0.0381,-0.0015,-1.0649,0.079,0.189,-0.000
949478245,0.0386,-0.0020,-1.0640,-0.104,-0.056,-0.122
949491245,0.0371,0.0005,-1.0615,0.140,-0.056,0.122
949504245,0.0371,-0.0005,-1.0640,0.140,0.067,-0.061
949517245,0.0405,-0.0005,-1.0605,-0.043,0.067,0.061
949530245,0.0337,-0.0005,-1.0654,0.018,0.189,0.122
949543245,0.0371,-0.0039,-1.0630,-0.165,0.250,0.122
949556245,0.0405,-0.0005,-1.0669,-0.165,-0.178,-0.061
949569245,0.0371,-0.0005,-1.0635,-0.165,0.067,0.183
949582245,0.0396,-0.0020,-1.0601,0.262,0.067,0.061
949595245,0.0400,-0.0029,-1.0596,0.079,-0.117,0.305
949608245,0.0347,0.0000,-1.0591,0.018,0.005,0.122
949621245,0.0400,0.0034,-1.0669,-0.104,-0.361,-0.061
949634245,0.0361,-0.0020,-1.0601,0.140,0.067,0.122
949647245,0.0332,-0.0024,-1.0625,-0.165,0.128,0.122
949660245,0.0352,-0.0029,-1.0679,0.079,0.005,0.122
949673245,0.0322,-0.0049,-1.0654,-0.104,0.128,-0.122
949686245,0.0425,0.0029,-1.0586,0.018,-0.056,0.122
949699245,0.0376,-0.0020,-1.0640,-0.104,0.005,0.183
949712245,0.0366,0.0005,-1.0620,-0.226,0.189,0.122
949725245,0.0347,-0.0010,-1.0645,0.140,-0.239,0.244
949738245,0.0391,0.0054,-1.0513,0.018,0.067,0.183
949751245,0.0415,-0.0010,-1.0649,-0.104,-0.056,0.183
949764245,0.0400,-0.0005,-1.0552,0.079,0.005,-0.061
949777245,0.0376,0.0000,-1.0601,0.140,0.189,-0.061
949790245,0.0381,-0.0010,-1.0635,0.018,0.128,-0.000
949803245,0.0435,0.0024,-1.0625,0.018,0.005,0.183
949816245,0.0371,-0.0024,-1.0635,-0.043,0.128,0.122
949829245,0.0405,0.0005,-1.0601,-0.226,0.189,0.122
949842245,0.0381,-0.0010,-1.0654,-0.104,0.250,0.183
949855245,0.0410,-0.0024,-1.0684,-0.104,0.189,0.122
949868245,0.0386,0.0020,-1.0625,0.201,0.067,-0.061
949881245,0.0386,-0.0029,-1.0649,0.079,0.189,-0.000
949894245,0.0356,-0.0020,-1.0576,-0.043,0.128,0.122
949907245,0.0361,0.0010,-1.0640,-0.104,-0.239,-0.000
949920245,0.0469,-0.0049,-1.0664,0.018,0.372,-0.183
949933245,0.0303,-0.0010,-1.0693,0.079,0.128,-0.122
949946245,0.0400,-0.0005,-1.0659,-0.043,0.128,0.122
949959245,0.0376,-0.0020,-1.0576,0.079,0.005,-0.061
949972245,0.0386,-0.0015,-1.0610,-0.471,-0.056,0.122
949985245,0.0391,-0.0029,-1.0400,0.018,-0.544,-0.061
949998245,0.0454,-0.0088,-1.0596,-0.104,-0.117,0.122
950011245,0.0381,0.0029,-1.0586,0.140,-0.056,-0.000
950024245,0.0405,0.0020,-1.0659,0.018,0.189,-0.061
950037245,0.0376,0.0005,-1.0669,0.018,0.067,0.061
950050245,0.0361,-0.0010,-1.0635,-0.226,0.067,0.183
950063245,0.0356,0.0010,-1.0625,0.140,0.128,-0.000
950076245,0.0381,-0.0005,-1.0698,0.140,-0.056,0.244
950089245,0.0415,-0.0015,-1.0605,-0.226,0.250,0.183
950102245,0.0361,-0.0044,-1.0596,-0.104,0.067,-0.061
950115245,0.0322,-0.0020,-1.0591,-0.043,0.067,-0.000
950128245,0.0386,0.0000,-1.0630,-0.104,0.005,0.183
950141245,0.0366,-0.0029,-1.0659,0.079,-0.056,0.122
950154245,0.0400,-0.0005,-1.0557,0.018,0.005,0.122
950167245,0.0386,-0.0010,-1.0605,0.079,0.005,0.122
950180245,0.0366,-0.0010,-1.0654,0.201,0.005,0.122
950193245,0.0347,0.0005,-1.0576,-0.043,0.005,-0.000
950206245,0.0371,-0.0024,-1.0625,0.018,0.189,0.183
950219245,0.0425,-0.0020,-1.0635,0.140,0.067,0.244
950232245,0.0391,-0.0034,-1.0625,0.079,0.189,-0.183
950245245,0.0376,-0.0024,-1.0605,0.079,-0.117,0.183
950258245,0.0376,-0.0015,-1.0620,0.079,0.067,0.061
950271245,0.0386,-0.0020,-1.0679,-0.165,0.067,-0.061
950284245,0.0361,-0.0049,-1.0605,-0.165,0.128,0.061
950297245,0.0400,0.0015,-1.0586,-0.165,-0.056,0.122
950310245,0.0342,0.0000,-1.0605,-0.104,0.067,-0.000
950323245,0.0410,0.0044,-1.0601,-0.104,-0.178,-0.000
950336245,0.0366,-0.0010,-1.0562,-0.043,0.067,-0.000
950349245,0.0352,0.0010,-1.0664,-0.165,0.005,-0.000
950362245,0.0376,-0.0039,-1.0596,0.018,0.189,0.305
950375245,0.0361,-0.0005,-1.0664,-0.226,-0.056,-0.122
950388245,0.0327,-0.0010,-1.0571,-0.043,-0.056,0.183
950401245,0.0391,-0.0054,-1.0625,0.018,0.128,0.061
950414245,0.0371,-0.0015,-1.0640,0.079,0.067,0.183
950427245,0.0391,0.0063,-1.0625,0.018,0.250,-0.061
950440245,0.0425,0.0020,-1.0664,0.018,0.189,-0.061
950453245,0.0337,0.0000,-1.0615,-0.043,-0.117,0.183
950466245,0.0361,-0.0029,-1.0610,0.384,0.128,0.122
950479245,0.0376,-0.0039,-1.0562,-0.165,-0.056,-0.183
950492245,0.0347,-0.0039,-1.0693,0.079,-0.056,-0.122
950505245,0.0400,-0.0054,-1.0674,0.201,0.005,0.183
950518245,0.0396,-0.0034,-1.0576,0.018,0.250,-0.122
950531245,0.0400,-0.0005,-1.0630,0.140,0.067,-0.000
950544245,0.0415,-0.0005,-1.0586,0.018,0.067,-0.061
950557245,0.0366,-0.0034,-1.0708,0.018,0.128,0.183
950570245,0.0366,-0.0010,-1.0610,0.018,-0.178,-0.122
950583245,0.0376,-0.0005,-1.0605,0.140,0.005,-0.000
950596245,0.0391,-0.0015,-1.0635,-0.043,0.005,0.244
950609245,0.0391,-0.0034,-1.0591,0.018,0.005,-0.061
950622245,0.0361,-0.0005,-1.0640,-0.104,0.067,-0.000
950635245,0.0381,-0.0034,-1.0630,-0.043,0.189,-0.000
950648245,0.0391,-0.0024,-1.0596,-0.043,-0.117,0.244
950661245,0.0376,-0.0010,-1.0693,0.018,0.067,-0.122
950674245,0.0376,0.0000,-1.0625,-0.226,0.250,-0.000
950687245,0.0381,0.0000,-1.0723,0.018,0.005,0.122
950700245,0.0381,-0.0029,-1.0625,0.140,-0.117,0.061
950713245,0.0386,-0.0024,-1.0630,0.201,-0.117,-0.000
950726245,0.0356,-0.0020,-1.0610,0.140,0.128,-0.244
950739245,0.0376,-0.0005,-1.0659,0.018,0.005,0.061
950752245,0.0405,-0.0010,-1.0537,-0.043,0.067,-0.000
950765245,0.0381,0.0000,-1.0586,-0.165,0.128,-0.000
950778245,0.0386,-0.0005,-1.0596,0.262,0.067,-0.183
950791245,0.0391,0.0029,-1.0625,-0.104,0.189,-0.000
950804245,0.0405,0.0024,-1.0635,-0.043,-0.178,0.061
950817245,0.0361,0.0024,-1.0605,-0.165,-0.117,-0.183
950830245,0.0400,-0.0029,-1.0566,0.262,-0.056,-0.000
950843245,0.0449,-0.0020,-1.0566,-0.104,0.067,0.244
950856245,0.0356,-0.0020,-1.0605,0.140,0.128,0.244
950869245,0.0386,-0.0044,-1.0674,0.201,0.189,-0.061
950882245,0.0396,0.0044,-1.0532,0.079,-0.239,0.061
950895245,0.0410,-0.0020,-1.0649,0.018,0.128,0.244
950908245,0.0420,-0.0024,-1.0688,0.079,-0.056,-0.061
950921245,0.0361,-0.0024,-1.0630,-0.165,0.189,-0.061
950934245,0.0396,-0.0024,-1.0679,0.262,0.005,-0.000
950947245,0.0391,-0.0034,-1.0625,0.079,0.189,0.183
950960245,0.0400,0.0010,-1.0649,0.018,0.067,-0.122
950973245,0.0356,-0.0010,-1.0684,0.018,0.005,0.183
950986245,0.0376,-0.0044,-1.0571,0.079,-0.056,-0.000
950999245,0.0376,-0.0020,-1.0630,0.079,0.067,0.122
951012245,0.0376,-0.0005,-1.0620,0.140,-0.056,-0.000
951025245,0.0371,-0.0083,-1.0605,0.140,0.128,-0.122
951038245,0.0366,0.0034,-1.0620,0.140,0.005,-0.000
951051245,0.0356,-0.0015,-1.0635,0.140,0.128,-0.000
951064245,0.0435,-0.0020,-1.0649,0.201,0.005,-0.061
951077245,0.0391,-0.0020,-1.0591,0.140,0.128,0.122
951090245,0.0405,-0.0020,-1.0576,-0.104,0.311,-0.061
951103245,0.0356,-0.0020,-1.0635,-0.104,-0.117,-0.122
951116245,0.0381,0.0020,-1.0605,0.140,-0.178,0.061
951129245,0.0415,0.0005,-1.0620,-0.104,0.311,-0.000
951142245,0.0366,-0.0020,-1.0615,0.140,0.128,-0.061
951155245,0.0381,0.0005,-1.0674,0.018,0.494,0.122
951168245,0.0381,0.0000,-1.0547,0.018,0.250,0.183
951181245,0.0371,0.0010,-1.0620,0.018,0.128,0.061
951194245,0.0386,-0.0024,-1.0620,-0.104,0.128,-0.000
951207245,0.0371,0.0015,-1.0610,-0.104,0.250,-0.244
951220245,0.0376,-0.0020,-1.0703,0.079,0.189,-0.061
951233245,0.0376,0.0020,-1.0596,-0.043,0.067,0.061
951246245,0.0366,-0.0034,-1.0649,-0.104,0.128,0.061
951259245,0.0400,0.0010,-1.0596,0.140,-0.239,0.122
951272245,0.0396,-0.0020,-1.0645,-0.104,0.067,-0.000
951285245,0.0410,0.0015,-1.0615,-0.165,0.005,0.244
951298245,0.0366,-0.0020,-1.0654,-0.165,0.250,0.183
951311245,0.0361,0.0029,-1.0610,0.079,-0.178,0.061
951324245,0.0405,-0.0029,-1.0615,-0.165,0.005,-0.061
951337245,0.0381,0.0015,-1.0552,-0.043,0.005,-0.061
951350245,0.0356,-0.0034,-1.0610,-0.165,0.067,-0.000
951363245,0.0381,0.0010,-1.0669,-0.043,0.067,-0.183
951376245,0.0381,-0.0015,-1.0645,-0.104,0.005,-0.061
951389245,0.0405,-0.0005,-1.0654,0.018,0.250,0.244
951402245,0.0366,0.0010,-1.0649,0.079,0.067,-0.183
951415245,0.0400,-0.0020,-1.0688,0.201,-0.056,0.183
951428245,0.0386,-0.0005,-1.0640,-0.043,0.067,0.122
951441245,0.0361,-0.0054,-1.0562,0.140,0.067,0.122
951454245,0.0386,-0.0029,-1.0522,0.140,-0.117,-0.000
951467245,0.0371,0.0010,-1.0620,-0.043,0.005,-0.061
951480245,0.0361,-0.0015,-1.0630,0.262,0.005,0.061
951493245,0.0410,-0.0010,-1.0610,0.018,0.005,-0.000
951506245,0.0391,-0.0015,-1.0591,0.140,0.128,-0.061
951519245,0.0405,-0.0010,-1.0635,0.079,0.128,-0.000
951532245,0.0352,-0.0034,-1.0591,0.018,0.005,-0.122
951545245,0.0386,0.0010,-1.0664,0.018,0.128,0.061
951558245,0.0381,0.0034,-1.0508,0.201,0.128,-0.000
951571245,0.0337,-0.0034,-1.0679,0.079,-0.239,0.183
951584245,0.0420,0.0020,-1.0610,0.018,-0.178,-0.000
951597245,0.0391,-0.0034,-1.0630,0.079,0.005,-0.061
951610245,0.0376,-0.0010,-1.0610,-0.043,0.005,-0.061
951623245,0.0352,0.0010,-1.0620,-0.104,0.067,0.061
951636245,0.0381,0.0024,-1.0649,-0.287,0.128,0.183
951649245,0.0376,-0.0015,-1.0674,0.140,0.128,0.061
951662245,0.0400,-0.0024,-1.0674,0.079,0.189,-0.000
951675245,0.0366,-0.0034,-1.0601,-0.287,-0.056,0.244
951688245,0.0371,-0.0029,-1.0640,0.079,0.005,0.122
951701245,0.0386,0.0010,-1.0581,0.262,-0.056,0.061
951714245,0.0386,-0.0039,-1.0625,0.079,0.067,-0.183
951727245,0.0366,-0.0020,-1.0615,-0.043,0.128,-0.183
951740245,0.0386,-0.0015,-1.0649,0.018,0.189,0.061
951753245,0.0366,0.0005,-1.0610,-0.165,0.067,0.122
951766245,0.0366,-0.0010,-1.0669,-0.043,0.067,0.061
951779245,0.0366,-0.0044,-1.0630,-0.104,0.128,0.122
951792245,0.0405,-0.0015,-1.0737,-0.226,-0.117,-0.122
951805245,0.0366,0.0005,-1.0586,0.384,0.067,0.061
951818245,0.0371,0.0029,-1.0503,0.018,0.128,-0.061
951831245,0.0396,-0.0005,-1.0693,0.262,0.067,0.244
951844245,0.0361,-0.0010,-1.0552,0.018,-0.300,0.122
951857245,0.0356,-0.0020,-1.0586,-0.226,-0.117,-0.000
951870245,0.0352,-0.0034,-1.0703,0.201,-0.239,0.183
951883245,0.0396,-0.0005,-1.0635,-0.226,0.250,-0.244
951896245,0.0396,-0.0024,-1.0688,0.079,-0.056,-0.183
951909245,0.0410,0.0000,-1.0630,0.018,-0.056,-0.000
951922245,0.0396,-0.0024,-1.0625,-0.165,0.067,0.122
951935245,0.0376,0.0015,-1.0586,0.018,0.128,-0.244
951948245,0.0366,-0.0005,-1.0547,-0.043,-0.178,0.122
951961245,0.0386,-0.0024,-1.0547,-0.165,0.067,-0.000
951974245,0.0381,0.0024,-1.0664,-0.165,0.005,-0.061
951987245,0.0356,-0.0044,-1.0601,0.140,0.005,0.061
952000245,0.0352,0.0000,-1.0635,-0.043,0.005,-0.244
952013245,0.0391,-0.0020,-1.0630,0.079,-0.056,-0.000
952026245,0.0400,-0.0010,-1.0649,-0.104,0.189,-0.000
952039245,0.0386,-0.0024,-1.0571,0.018,0.005,-0.000
952052245,0.0352,0.0020,-1.0625,0.201,0.005,0.122
952065245,0.0376,-0.0020,-1.0605,-0.104,-0.056,-0.183
952078245,0.0361,-0.0029,-1.0581,-0.043,0.189,-0.000
952091245,0.0366,-0.0020,-1.0674,-0.043,0.005,0.122
952104245,0.0376,0.0000,-1.0645,-0.043,0.128,-0.000
952117245,0.0371,-0.0010,-1.0669,0.018,-0.056,-0.000
952130245,0.0381,-0.0005,-1.0576,-0.043,0.189,0.061
952143245,0.0391,-0.0020,-1.0576,-0.043,0.189,0.061
952156245,0.0352,0.0005,-1.0576,0.079,0.067,-0.000
952169245,0.0376,-0.0010,-1.0547,0.079,-0.056,0.122
952182245,0.0400,-0.0034,-1.0659,0.262,-0.117,-0.000
952195245,0.0361,0.0005,-1.0596,0.018,0.067,-0.061
952208245,0.0376,-0.0020,-1.0601,0.018,-0.056,0.061
952221245,0.0405,-0.0015,-1.0659,0.079,0.128,-0.122
952234245,0.0420,-0.0029,-1.0649,0.201,0.128,0.061
952247245,0.0405,0.0005,-1.0625,-0.104,0.067,0.061
952260245,0.0376,-0.0024,-1.0630,0.140,-0.178,0.061
952273245,0.0361,-0.0010,-1.0576,0.079,0.005,0.061
952286245,0.0356,0.0000,-1.0674,0.201,-0.056,0.061
952299245,0.0405,0.0005,-1.0596,0.079,-0.178,-0.000
952312245,0.0386,0.0005,-1.0664,-0.104,-0.056,-0.305
952325245,0.0439,0.0000,-1.0645,-0.043,0.128,-0.061
952338245,0.0376,0.0010,-1.0586,-0.043,0.067,0.061
952351245,0.0352,-0.0005,-1.0669,0.079,0.005,0.183
952364245,0.0386,-0.0020,-1.0571,-0.104,0.005,-0.000
952377245,0.0352,0.0020,-1.0771,0.079,0.250,-0.061
952390245,0.0400,-0.0029,-1.0562,0.140,-0.056,0.244
952403245,0.0396,-0.0020,-1.0630,0.079,-0.239,0.183
952416245,0.0347,-0.0034,-1.0718,0.262,-0.117,-0.000
952429245,0.0386,0.0005,-1.0615,0.018,0.128,-0.183
952442245,0.0386,-0.0059,-1.0693,-0.104,-0.056,-0.000
952455245,0.0396,0.0010,-1.0620,0.018,0.005,0.122
952468245,0.0381,0.0015,-1.0518,0.018,0.005,0.061
952481245,0.0381,-0.0029,-1.0698,-0.104,-0.178,-0.061
952494245,0.0386,-0.0020,-1.0552,0.018,0.189,-0.000
952507245,0.0376,-0.0020,-1.0698,0.018,-0.178,0.061
952520245,0.0376,-0.0024,-1.0708,0.201,-0.056,-0.122
952533245,0.0356,-0.0010,-1.0562,-0.104,0.189,0.122
952546245,0.0396,-0.0044,-1.0625,0.079,0.067,0.183
952559245,0.0400,0.0010,-1.0591,0.140,-0.117,0.122
952572245,0.0386,0.0000,-1.0630,0.018,0.189,-0.000
952585245,0.0386,-0.0034,-1.0620,-0.104,0.067,0.122
952598245,0.0361,0.0005,-1.0635,0.018,-0.300,0.366
952611245,0.0396,-0.0024,-1.0610,0.079,0.250,-0.000
952624245,0.0396,0.0015,-1.0566,0.262,-0.056,-0.061
952637245,0.0381,-0.0005,-1.0659,-0.226,0.005,0.061
952650245,0.0361,-0.0024,-1.0645,-0.349,0.005,0.122
952663245,0.0415,-0.0034,-1.0654,0.018,-0.117,0.122
952676245,0.0371,-0.0024,-1.0630,-0.165,0.067,0.305
952689245,0.0396,-0.0015,-1.0630,-0.043,-0.117,0.061
952702245,0.0381,0.0015,-1.0693,0.079,-0.178,-0.061
952715245,0.0356,-0.0005,-1.0605,0.018,0.067,0.061
952728245,0.0405,-0.0034,-1.0635,0.079,-0.178,0.244
952741245,0.0366,-0.0020,-1.0615,-0.043,0.128,0.061
952754245,0.0381,0.0010,-1.0601,-0.043,-0.117,0.183
952767245,0.0396,-0.0034,-1.0615,0.201,0.005,0.122
952780245,0.0376,0.0034,-1.0605,-0.104,0.005,-0.122
952793245,0.0405,-0.0015,-1.0605,0.018,0.005,-0.000
952806245,0.0386,-0.0034,-1.0698,0.201,0.189,-0.122
952819245,0.0391,-0.0010,-1.0645,0.079,0.128,0.305
952832245,0.0391,0.0010,-1.0620,0.323,0.189,0.183
952845245,0.0371,0.0000,-1.0620,-0.104,-0.117,0.061
952858245,0.0371,0.0015,-1.0508,-0.043,-0.056,-0.122
952871245,0.0366,-0.0005,-1.0566,0.018,0.128,0.122
952884245,0.0371,-0.0049,-1.0605,0.140,-0.056,0.061
952897245,0.0361,-0.0015,-1.0684,-0.104,0.067,0.061
952910245,0.0371,-0.0015,-1.0640,0.079,0.128,0.305
952923245,0.0391,-0.0034,-1.0635,-0.165,0.067,0.061
952936245,0.0347,-0.0034,-1.0645,0.140,-0.056,-0.061
952949245,0.0386,-0.0024,-1.0654,0.140,0.067,-0.061
952962245,0.0366,-0.0015,-1.0635,0.201,0.128,-0.122
952975245,0.0366,-0.0024,-1.0645,0.140,0.067,0.061
952988245,0.0361,0.0000,-1.0601,0.079,0.005,0.183
953001245,0.0386,-0.0044,-1.0562,-0.104,0.189,-0.000
953014245,0.0366,0.0005,-1.0635,0.018,0.005,0.061
953027245,0.0361,0.0000,-1.0645,0.079,0.311,-0.000
953040245,0.0396,-0.0024,-1.0654,0.018,-0.178,0.122
953053245,0.0391,0.0034,-1.0615,-0.043,0.250,0.061
953066245,0.0376,-0.0024,-1.0571,-0.165,-0.178,0.061
953079245,0.0386,-0.0054,-1.0776,0.201,-0.056,0.244
953092245,0.0405,0.0015,-1.0518,-0.043,0.067,-0.000
953105245,0.0410,-0.0063,-1.0679,-0.043,0.128,-0.244
953118245,0.0400,0.0010,-1.0610,0.018,-0.178,0.061
953131245,0.0376,0.0010,-1.0596,-0.043,0.067,0.061
953144245,0.0376,-0.0044,-1.0723,0.140,0.128,0.183
953157245,0.0342,-0.0005,-1.0576,-0.104,0.005,0.122
953170245,0.0371,-0.0034,-1.0625,0.140,-0.117,0.061
953183245,0.0386,-0.0015,-1.0601,0.079,0.128,-0.000
953196245,0.0356,-0.0015,-1.0640,-0.043,0.067,-0.183
953209245,0.0371,-0.0059,-1.0703,0.323,-0.056,-0.000
953222245,0.0352,-0.0010,-1.0625,0.018,-0.056,0.061
953235245,0.0381,-0.0020,-1.0620,0.079,0.067,0.183
953248245,0.0381,-0.0029,-1.0645,0.018,0.189,0.305
953261245,0.0356,0.0000,-1.0630,-0.043,-0.056,-0.061
953274245,0.0391,-0.0015,-1.0654,0.018,-0.056,-0.000
953287245,0.0400,-0.0059,-1.0601,0.018,0.128,-0.122
953300245,0.0405,0.0020,-1.0610,-0.165,-0.056,-0.000
953313245,0.0342,-0.0020,-1.0669,0.018,-0.056,-0.122
953326245,0.0381,-0.0005,-1.0664,-0.043,0.067,-0.061
953339245,0.0400,-0.0010,-1.0591,0.018,0.128,-0.122
953352245,0.0337,-0.0015,-1.0688,0.140,0.128,-0.000
953365245,0.0400,-0.0015,-1.0576,-0.043,-0.056,-0.122
953378245,0.0391,-0.0020,-1.0591,0.201,-0.117,0.183
953391245,0.0396,0.0024,-1.0576,0.079,0.067,0.061
953404245,0.0352,-0.0039,-1.0630,0.018,0.005,0.122
953417245,0.0342,-0.0005,-1.0586,0.018,0.189,-0.061
953430245,0.0381,-0.0029,-1.0596,-0.104,0.128,0.061
953443245,0.0415,-0.0015,-1.0591,0.262,0.005,-0.000
953456245,0.0366,-0.0024,-1.0581,0.018,0.128,-0.122
953469245,0.0356,0.0005,-1.0586,-0.226,0.189,-0.000
953482245,0.0391,-0.0015,-1.0625,0.079,0.005,0.061
953495245,0.0371,-0.0034,-1.0669,-0.165,0.067,0.061
953508245,0.0366,0.0020,-1.0620,0.018,0.005,0.122
953521245,0.0361,0.0015,-1.0557,0.201,0.067,0.183
953534245,0.0410,-0.0005,-1.0620,0.201,0.067,-0.183
953547245,0.0361,0.0015,-1.0552,0.262,-0.117,0.061
953560245,0.0347,-0.0020,-1.0581,0.079,0.128,-0.000
953573245,0.0400,0.0010,-1.0703,0.201,0.189,0.061
953586245,0.0366,-0.0010,-1.0562,-0.043,0.128,-0.000
953599245,0.0444,0.0010,-1.0610,0.018,0.067,-0.000
953612245,0.0386,-0.0054,-1.0669,0.079,0.372,0.061
953625245,0.0400,-0.0020,-1.0557,0.262,-0.178,0.122
953638245,0.0376,0.0010,-1.0605,0.262,-0.178,-0.061
953651245,0.0366,-0.0024,-1.0610,-0.043,0.067,0.061
953664245,0.0366,-0.0029,-1.0610,-0.104,0.067,0.061
953677245,0.0396,-0.0015,-1.0649,0.079,0.128,-0.122
953690245,0.0347,-0.0020,-1.0610,-0.043,0.250,-0.061
953703245,0.0371,-0.0034,-1.0557,-0.226,0.005,0.061
953716245,0.0410,-0.0005,-1.0669,0.140,-0.178,0.061
953729245,0.0430,-0.0010,-1.0601,0.201,0.433,-0.000
953742245,0.0391,-0.0044,-1.0640,-0.043,-0.056,0.061
953755245,0.0356,0.0015,-1.0591,0.140,0.005,0.244
953768245,0.0396,-0.0020,-1.0576,-0.165,0.128,0.183
953781245,0.0381,-0.0010,-1.0679,0.018,-0.056,0.122
953794245,0.0410,-0.0029,-1.0615,-0.104,-0.056,-0.244
953807245,0.0337,-0.0015,-1.0732,0.201,-0.056,0.122
953820245,0.0342,0.0020,-1.0449,-0.165,0.005,0.122
953833245,0.0396,-0.0015,-1.0723,0.079,0.005,0.061
953846245,0.0356,0.0010,-1.0547,0.262,0.250,0.061
953859245,0.0381,-0.0059,-1.0566,-0.043,0.067,-0.061
953872245,0.0400,-0.0015,-1.0625,0.079,0.128,-0.000
953885245,0.0356,-0.0005,-1.0605,-0.349,0.189,0.183
953898245,0.0386,-0.0024,-1.0649,-0.165,0.128,0.305
953911245,0.0400,0.0000,-1.0654,-0.043,0.128,0.183
953924245,0.0400,-0.0034,-1.0625,0.140,-0.056,0.061
953937245,0.0415,-0.0010,-1.0645,0.262,0.005,-0.061
953950245,0.0361,-0.0068,-1.0649,0.079,0.128,-0.000
953963245,0.0391,0.0000,-1.0615,0.140,0.128,0.122
953976245,0.0342,-0.0034,-1.0547,0.079,0.067,-0.122
953989245,0.0425,0.0015,-1.0566,0.140,-0.117,0.061
954002245,0.0386,-0.0044,-1.0562,0.079,-0.178,-0.000
954015245,0.0391,0.0010,-1.0547,0.018,0.067,0.183
954028245,0.0386,-0.0015,-1.0625,0.079,0.128,0.183
954041245,0.0361,-0.0039,-1.0649,0.018,0.189,-0.000
954054245,0.0425,-0.0015,-1.0576,0.140,0.372,-0.122
954067245,0.0371,0.0015,-1.0601,0.079,-0.056,-0.122
954080245,0.0386,-0.0034,-1.0586,0.018,0.067,-0.122
954093245,0.0396,0.0029,-1.0576,-0.165,-0.178,0.244
954106245,0.0308,-0.0015,-1.0605,0.079,0.128,0.122
954119245,0.0366,0.0005,-1.0610,0.262,-0.056,0.122
954132245,0.0386,-0.0029,-1.0659,-0.043,0.067,-0.000
954145245,0.0347,0.0015,-1.0488,-0.165,0.128,0.061
954158245,0.0415,-0.0015,-1.0640,-0.043,0.128,-0.000
954171245,0.0347,-0.0010,-1.0571,0.018,0.067,0.061
954184245,0.0366,-0.0044,-1.0542,-0.104,0.005,-0.061
954197245,0.0386,-0.0024,-1.0679,-0.287,0.189,-0.000
954210245,0.0376,0.0029,-1.0571,-0.104,-0.056,0.061
954223245,0.0405,-0.0024,-1.0649,0.079,0.005,0.183
954236245,0.0396,-0.0020,-1.0615,-0.104,0.005,0.061
954249245,0.0376,-0.0015,-1.0620,-0.043,-0.178,-0.000
954262245,0.0410,-0.0054,-1.0640,0.018,0.189,-0.000
954275245,0.0396,-0.0015,-1.0591,-0.104,0.067,0.061
954288245,0.0342,-0.0005,-1.0625,0.018,-0.056,-0.183
954301245,0.0425,-0.0024,-1.0625,-0.104,0.128,0.061
954314245,0.0371,-0.0015,-1.0610,-0.043,-0.239,0.061
954327245,0.0400,-0.0034,-1.0645,0.079,0.067,-0.183
954340245,0.0376,0.0020,-1.0635,-0.043,-0.117,-0.122
954353245,0.0381,-0.0015,-1.0615,0.018,0.128,-0.183
954366245,0.0396,0.0010,-1.0669,0.079,0.250,-0.061
954379245,0.0361,-0.0024,-1.0635,0.140,0.067,0.183
954392245,0.0376,0.0005,-1.0635,-0.043,0.005,-0.061
954405245,0.0405,0.0015,-1.0605,0.079,0.005,0.122
954418245,0.0386,-0.0015,-1.0542,-0.165,0.128,-0.000
954431245,0.0352,-0.0010,-1.0684,0.384,-0.178,-0.122
954444245,0.0381,0.0005,-1.0464,-0.165,0.372,-0.000
954457245,0.0381,-0.0034,-1.0815,-0.104,0.189,-0.122
954470245,0.0366,-0.0005,-1.0630,0.018,-0.056,-0.122
954483245,0.0371,-0.0010,-1.0649,-0.043,-0.056,-0.000
954496245,0.0391,-0.0029,-1.0659,0.018,0.005,0.183
954509245,0.0356,0.0020,-1.0557,-0.043,0.189,0.122
954522245,0.0361,0.0005,-1.0664,-0.226,0.005,0.183
954535245,0.0400,-0.0034,-1.0649,0.079,0.189,0.183
954548245,0.0332,0.0020,-1.0630,-0.043,0.005,-0.000
954561245,0.0391,0.0000,-1.0615,0.079,-0.056,0.183
954574245,0.0376,-0.0029,-1.0610,0.018,0.128,0.183
954587245,0.0381,0.0010,-1.0640,-0.165,0.128,0.122
954600245,0.0356,0.0010,-1.0479,0.201,0.005,-0.122
954613245,0.0361,-0.0039,-1.0596,0.018,0.128,-0.000
954626245,0.0376,-0.0039,-1.0625,-0.349,0.067,-0.061
954639245,0.0366,-0.0015,-1.0630,-0.104,-0.056,-0.061
954652245,0.0371,0.0010,-1.0605,-0.165,-0.178,0.061
954665245,0.0371,0.0000,-1.0620,0.018,0.128,-0.061
954678245,0.0352,-0.0024,-1.0581,-0.104,0.005,-0.000
954691245,0.0400,0.0020,-1.0552,-0.043,0.005,0.305
954704245,0.0381,-0.0020,-1.0625,0.018,0.005,0.061
954717245,0.0405,0.0005,-1.0591,-0.165,0.005,0.183
954730245,0.0400,-0.0054,-1.0674,0.140,0.250,0.061
954743245,0.0347,0.0010,-1.0586,-0.104,0.067,-0.000
954756245,0.0400,-0.0015,-1.0703,0.140,0.250,-0.000
954769245,0.0361,-0.0005,-1.0664,0.018,0.189,0.244
954782245,0.0444,0.0010,-1.0503,-0.165,-0.117,-0.061
954795245,0.0410,-0.0010,-1.0669,0.140,0.189,0.122
954808245,0.0356,0.0024,-1.0576,0.018,0.005,-0.061
954821245,0.0400,-0.0020,-1.0693,-0.165,0.067,0.122
954834245,0.0371,-0.0034,-1.0635,-0.043,-0.056,-0.061
954847245,0.0342,0.0015,-1.0557,-0.165,0.555,-0.183
954860245,0.0391,-0.0024,-1.0679,0.018,0.128,0.183
954873245,0.0376,0.0005,-1.0562,-0.043,-0.117,0.122
954886245,0.0386,0.0024,-1.0664,0.201,0.189,-0.000
954899245,0.0361,-0.0010,-1.0645,-0.043,0.067,-0.000
954912245,0.0405,-0.0010,-1.0576,0.323,-0.056,-0.244
954925245,0.0396,-0.0024,-1.0640,-0.043,0.128,0.061
954938245,0.0361,0.0010,-1.0625,0.201,0.005,0.183
954951245,0.0347,-0.0015,-1.0586,0.323,0.128,-0.000
954964245,0.0386,-0.0049,-1.0581,0.201,-0.117,0.122
954977245,0.0400,-0.0024,-1.0640,0.140,-0.056,0.061
954990245,0.0361,-0.0005,-1.0620,0.079,0.067,0.122
955003245,0.0405,-0.0024,-1.0625,-0.104,0.005,0.244
955016245,0.0396,-0.0010,-1.0649,-0.165,-0.117,0.061
955029245,0.0405,0.0024,-1.0674,-0.043,0.067,-0.000
955042245,0.0337,-0.0024,-1.0581,0.079,0.189,-0.061
955055245,0.0376,0.0010,-1.0615,0.018,0.067,0.061
955068245,0.0430,-0.0010,-1.0649,-0.287,0.005,-0.183
955081245,0.0366,0.0000,-1.0703,-0.226,0.128,0.122
955094245,0.0371,0.0000,-1.0615,-0.165,0.067,-0.061
955107245,0.0347,-0.0024,-1.0684,0.201,0.189,-0.244
955120245,0.0366,-0.0005,-1.0591,0.201,0.128,0.183
955133245,0.0391,0.0010,-1.0659,0.018,0.128,0.244
955146245,0.0391,0.0024,-1.0625,0.018,0.189,0.061
955159245,0.0347,-0.0029,-1.0605,0.323,0.189,0.183
955172245,0.0366,0.0020,-1.0654,0.018,-0.178,0.305
955185245,0.0371,-0.0049,-1.0635,0.018,-0.056,-0.000
955198245,0.0312,-0.0029,-1.0625,0.140,0.067,0.061
955211245,0.0361,0.0034,-1.0674,0.018,-0.056,-0.000
955224245,0.0347,0.0024,-1.0615,0.018,-0.056,-0.061
955237245,0.0366,-0.0020,-1.0615,0.079,0.067,0.061
955250245,0.0425,-0.0034,-1.0688,-0.226,0.067,0.061
955263245,0.0376,-0.0005,-1.0659,0.079,0.005,0.061
955276245,0.0396,0.0039,-1.0630,-0.043,0.311,0.061
955289245,0.0386,-0.0015,-1.0601,0.079,0.005,0.061
955302245,0.0366,-0.0020,-1.0552,0.201,0.250,-0.061
955315245,0.0381,-0.0010,-1.0630,0.140,0.128,0.061
955328245,0.0366,-0.0039,-1.0698,-0.043,0.067,0.244
955341245,0.0361,-0.0049,-1.0654,0.018,-0.178,0.244
955354245,0.0361,-0.0015,-1.0645,0.201,0.128,0.183
955367245,0.0376,-0.0024,-1.0586,0.079,-0.117,0.061
955380245,0.0386,-0.0005,-1.0576,-0.104,0.067,-0.183
955393245,0.0376,-0.0024,-1.0630,0.262,0.128,0.183
955406245,0.0405,0.0020,-1.0649,0.140,0.067,0.122
955419245,0.0371,-0.0015,-1.0620,0.140,-0.178,0.183
955432245,0.0439,-0.0005,-1.0591,0.018,-0.056,0.183
955445245,0.0376,-0.0024,-1.0615,0.018,-0.117,-0.000
955458245,0.0425,-0.0024,-1.0552,0.140,0.128,0.122
955471245,0.0361,-0.0015,-1.0635,0.079,-0.178,0.061
955484245,0.0381,0.0000,-1.0571,0.140,0.005,-0.183
955497245,0.0356,-0.0010,-1.0654,-0.043,0.189,-0.000
955510245,0.0327,-0.0044,-1.0576,0.140,0.189,0.061
955523245,0.0376,0.0015,-1.0620,0.018,-0.117,-0.000
955536245,0.0347,-0.0039,-1.0664,-0.043,0.005,0.122
955549245,0.0361,0.0020,-1.0684,0.018,0.005,-0.000
955562245,0.0371,-0.0044,-1.0571,0.018,0.128,-0.000
955575245,0.0352,-0.0010,-1.0635,-0.226,-0.178,0.122
955588245,0.0396,-0.0010,-1.0679,0.079,0.189,-0.061
955601245,0.0386,0.0015,-1.0615,0.018,-0.056,-0.183
955614245,0.0327,-0.0024,-1.0605,0.079,0.067,-0.000
955627245,0.0337,-0.0015,-1.0615,0.018,0.005,-0.122
955640245,0.0371,-0.0005,-1.0601,-0.104,0.067,0.122
955653245,0.0386,-0.0005,-1.0669,0.079,0.128,0.122
955666245,0.0337,0.0015,-1.0605,-0.043,0.067,-0.000
955679245,0.0376,-0.0029,-1.0610,0.323,-0.056,0.061
955692245,0.0361,-0.0039,-1.0664,0.262,-0.178,-0.000
955705245,0.0366,-0.0029,-1.0537,-0.104,0.005,0.122
955718245,0.0386,-0.0034,-1.0576,0.018,0.067,0.061
955731245,0.0347,-0.0088,-1.0693,-0.165,0.005,-0.000
955744245,0.0386,-0.0029,-1.0610,0.079,0.067,0.061
955757245,0.0391,-0.0024,-1.0620,-0.104,0.189,0.061
955770245,0.0400,0.0029,-1.0547,-0.104,0.067,-0.000
955783245,0.0396,-0.0015,-1.0640,-0.226,0.189,0.183
955796245,0.0371,0.0005,-1.0591,-0.043,0.067,0.122
955809245,0.0371,-0.0029,-1.0596,0.201,0.128,-0.000
955822245,0.0405,0.0010,-1.0557,0.140,-0.056,0.061
955835245,0.0342,-0.0044,-1.0645,0.262,0.128,-0.000
955848245,0.0376,0.0000,-1.0596,0.079,0.128,-0.061
955861245,0.0415,0.0005,-1.0649,0.201,0.128,-0.000
955874245,0.0415,-0.0010,-1.0684,-0.043,0.250,0.122
955887245,0.0396,0.0015,-1.0674,0.201,0.005,-0.122
955900245,0.0386,-0.0010,-1.0576,-0.043,0.311,-0.000
955913245,0.0376,-0.0020,-1.0591,0.018,-0.056,-0.000
955926245,0.0386,0.0005,-1.0679,-0.104,-0.056,0.122
955939245,0.0391,-0.0015,-1.0645,0.079,0.128,-0.122
955952245,0.0361,0.0010,-1.0615,-0.165,0.005,-0.183
955965245,0.0391,-0.0039,-1.0596,-0.165,0.005,-0.061
955978245,0.0332,-0.0024,-1.0591,-0.043,-0.056,-0.061
955991245,0.0361,-0.0010,-1.0620,-0.165,0.005,0.122
956004245,0.0415,-0.0029,-1.0640,0.018,0.067,0.244
956017245,0.0337,0.0010,-1.0713,0.018,0.005,0.061
956030245,0.0366,0.0015,-1.0635,-0.165,0.250,0.122
956043245,0.0371,-0.0015,-1.0649,0.140,0.189,-0.000
956056245,0.0405,0.0000,-1.0601,0.079,0.311,0.061
956069245,0.0371,-0.0034,-1.0581,0.018,0.005,0.061
956082245,0.0347,-0.0010,-1.0649,0.018,0.189,-0.000
956095245,0.0356,-0.0010,-1.0596,0.140,0.128,0.244
956108245,0.0361,0.0010,-1.0645,-0.043,0.311,-0.122
956121245,0.0381,0.0005,-1.0591,0.262,0.189,0.183
956134245,0.0381,-0.0005,-1.0571,0.018,0.067,-0.183
956147245,0.0356,-0.0039,-1.0679,0.201,0.005,0.061
956160245,0.0361,-0.0034,-1.0566,0.262,0.067,0.061
956173245,0.0405,-0.0024,-1.0527,0.140,-0.117,0.122
956186245,0.0430,-0.0039,-1.0674,-0.104,-0.239,0.244
956199245,0.0376,0.0000,-1.0610,0.201,0.005,0.061
956212245,0.0366,-0.0005,-1.0557,-0.165,-0.117,0.244
956225245,0.0391,-0.0024,-1.0640,0.140,0.433,-0.122
956238245,0.0361,-0.0005,-1.0625,0.079,0.128,-0.000
956251245,0.0391,0.0000,-1.0596,-0.104,-0.178,-0.122
956264245,0.0376,0.0005,-1.0635,-0.104,0.250,-0.061
956277245,0.0405,-0.0024,-1.0684,0.140,-0.117,0.061
956290245,0.0376,-0.0039,-1.0625,0.079,0.189,-0.061
956303245,0.0396,0.0005,-1.0625,0.018,-0.117,-0.183
956316245,0.0322,0.0010,-1.0645,0.140,0.005,0.122
956329245,0.0410,-0.0054,-1.0645,-0.043,0.005,0.183
956342245,0.0400,0.0005,-1.0601,0.384,0.067,-0.061
956355245,0.0381,0.0010,-1.0659,-0.104,-0.056,0.061
956368245,0.0400,-0.0005,-1.0684,0.262,-0.117,0.061
956381245,0.0366,-0.0029,-1.0591,-0.226,-0.117,0.183
956394245,0.0400,-0.0034,-1.0669,-0.104,0.189,-0.122
956407245,0.0381,-0.0024,-1.0601,-0.226,0.128,0.061
956420245,0.0347,-0.0024,-1.0537,-0.043,-0.056,-0.061
956433245,0.0396,0.0005,-1.0576,-0.226,0.067,0.183
956446245,0.0376,-0.0005,-1.0630,-0.165,0.067,0.122
956459245,0.0381,-0.0029,-1.0615,-0.165,-0.056,-0.061
956472245,0.0371,-0.0005,-1.0625,0.018,-0.178,0.122
956485245,0.0386,0.0010,-1.0615,-0.104,-0.178,0.061
956498245,0.0396,-0.0024,-1.0635,0.079,0.128,0.122
956511245,0.0391,0.0005,-1.0630,0.018,0.128,-0.061
956524245,0.0376,-0.0034,-1.0601,0.201,-0.117,0.122
956537245,0.0415,-0.0020,-1.0596,0.079,-0.056,0.122
956550245,0.0361,0.0010,-1.0591,-0.165,0.250,-0.061
956563245,0.0381,-0.0015,-1.0684,0.018,-0.117,0.183
956576245,0.0391,0.0000,-1.0669,-0.043,0.189,0.061
956589245,0.0391,0.0000,-1.0630,-0.226,0.128,0.061
956602245,0.0366,-0.0005,-1.0625,0.079,-0.056,0.122
956615245,0.0425,0.0000,-1.0688,0.079,0.005,0.183
956628245,0.0352,-0.0005,-1.0630,0.018,0.311,0.061
956641245,0.0386,-0.0015,-1.0625,-0.043,0.067,0.061
956654245,0.0342,-0.0005,-1.0542,0.079,0.005,0.183
956667245,0.0366,0.0015,-1.0645,-0.043,0.433,-0.122
956680245,0.0352,-0.0020,-1.0581,0.323,0.005,0.061
956693245,0.0366,-0.0005,-1.0571,-0.043,0.005,0.183
956706245,0.0410,-0.0039,-1.0586,-0.104,0.067,-0.000
956719245,0.0391,0.0010,-1.0610,0.323,0.005,0.244
956732245,0.0366,-0.0020,-1.0635,0.079,-0.117,0.366
956745245,0.0371,0.0005,-1.0605,-0.043,-0.117,-0.122
956758245,0.0381,-0.0005,-1.0620,0.201,-0.239,-0.183
956771245,0.0342,-0.0020,-1.0698,0.018,0.005,0.183
956784245,0.0361,-0.0024,-1.0601,0.079,0.128,0.244
956797245,0.0352,-0.0010,-1.0576,0.140,0.005,-0.122
956810245,0.0366,-0.0010,-1.0620,0.079,-0.239,-0.000
956823245,0.0376,0.0029,-1.0596,-0.226,0.128,-0.000
956836245,0.0361,-0.0015,-1.0664,0.079,0.128,0.244
956849245,0.0420,-0.0010,-1.0674,0.140,0.067,0.061
956862245,0.0405,-0.0044,-1.0630,0.079,0.067,-0.000
956875245,0.0376,0.0010,-1.0669,0.018,-0.056,-0.000
956888245,0.0425,-0.0005,-1.0654,0.140,0.067,-0.061
956901245,0.0415,-0.0010,-1.0596,-0.226,0.005,0.061
956914245,0.0391,0.0015,-1.0586,-0.043,-0.178,0.061
956927245,0.0381,-0.0059,-1.0654,0.079,0.067,-0.000
956940245,0.0371,0.0000,-1.0654,-0.043,0.067,0.244
956953245,0.0347,-0.0005,-1.0537,-0.043,0.005,0.061
956966245,0.0376,-0.0010,-1.0737,0.262,0.067,0.183
956979245,0.0381,0.0024,-1.0557,0.201,0.005,-0.183
956992245,0.0347,0.0000,-1.0586,-0.043,0.189,-0.000
957005245,0.0376,-0.0029,-1.0576,0.079,0.067,0.122
957018245,0.0371,-0.0029,-1.0586,-0.410,0.311,0.061
957031245,0.0366,-0.0015,-1.0742,0.018,0.189,-0.000
957044245,0.0371,0.0010,-1.0703,0.384,0.005,-0.061
957057245,0.0415,-0.0049,-1.0552,0.262,-0.117,0.305
957070245,0.0400,-0.0059,-1.0581,0.079,-0.117,0.061
957083245,0.0356,0.0029,-1.0522,0.262,-0.300,-0.183
957096245,0.0366,-0.0010,-1.0635,0.018,0.128,0.244
957109245,0.0361,-0.0005,-1.0645,0.018,0.128,-0.000
957122245,0.0415,0.0029,-1.0537,-0.104,0.067,-0.000
957135245,0.0371,-0.0029,-1.0654,-0.226,0.005,-0.000
957148245,0.0386,-0.0054,-1.0605,-0.104,-0.056,0.061
957161245,0.0366,0.0044,-1.0620,0.018,-0.056,-0.061
957174245,0.0376,-0.0054,-1.0654,0.079,-0.117,0.061
957187245,0.0381,-0.0020,-1.0615,0.079,0.128,-0.000
957200245,0.0405,-0.0024,-1.0669,0.018,-0.117,-0.061
957213245,0.0381,-0.0005,-1.0640,-0.043,0.067,0.183
957226245,0.0386,-0.0005,-1.0610,0.079,0.250,0.183
957239245,0.0381,-0.0005,-1.0610,0.140,-0.056,-0.000
957252245,0.0376,0.0029,-1.0581,-0.043,0.189,0.061
957265245,0.0361,-0.0005,-1.0649,0.018,0.005,0.244
957278245,0.0430,0.0376,-1.0010,-3.644,1.226,0.183
957291245,0.0093,0.0698,-0.9077,-7.368,0.616,0.183
957304245,0.0298,0.0278,-0.9800,-2.546,0.860,-0.122
957317245,0.0332,-0.0059,-1.0513,-1.264,0.494,-0.611
957330245,0.0156,-0.0527,-1.0562,-3.828,3.362,-0.183
957343245,-0.0010,-0.1050,-1.0664,-3.889,2.264,-3.113
957356245,0.0308,0.0854,-1.0557,-4.438,2.081,3.052
957369245,0.0776,0.0566,-1.0762,-1.264,-0.178,5.859
957382245,0.0376,-0.0049,-1.0596,1.666,-0.544,1.465
957395245,0.0361,-0.0068,-1.0586,-0.165,-0.361,0.976
957408245,0.0361,-0.0024,-1.0605,0.140,-0.117,1.098
957421245,0.0337,-0.0059,-1.0654,0.140,0.128,1.770
957434245,0.0273,-0.0083,-1.0571,-0.410,0.250,3.662
957447245,0.0234,-0.0371,-1.0693,-1.508,0.860,4.455
957460245,-0.0039,-0.1338,-1.0488,-2.790,0.555,0.549
957473245,0.0132,-0.0449,-1.0825,-5.536,2.569,-0.122
957486245,0.0415,0.0322,-1.0962,-5.353,1.959,3.113
957499245,0.0386,0.0830,-1.0571,-5.170,0.799,8.850
957512245,0.0840,0.0776,-1.0693,-4.743,0.433,6.164
957525245,0.0591,-0.0044,-1.0757,-5.353,0.433,1.892
957538245,0.0264,-0.0195,-1.0566,-3.828,0.433,2.319
957551245,0.0376,-0.0156,-1.0674,-3.400,0.433,1.953
957564245,0.0361,-0.0234,-1.0610,-2.241,1.104,0.366
957577245,0.0371,-0.0103,-1.0596,0.323,0.250,0.122
957590245,0.0356,-0.0112,-1.0562,0.628,0.128,0.122
957603245,0.0356,-0.0142,-1.0630,1.605,0.250,0.122
957616245,0.0337,-0.0117,-1.0596,1.055,0.067,0.122
957629245,0.0381,-0.0142,-1.0605,0.994,-0.239,-0.061
957642245,0.0366,-0.0146,-1.0630,1.055,-0.056,0.061
957655245,0.0352,-0.0107,-1.0625,0.933,-0.117,0.122
957668245,0.0322,-0.0088,-1.0659,1.238,-0.300,0.183
957681245,0.0347,-0.0132,-1.0659,1.055,0.067,0.183
957694245,0.0342,-0.0132,-1.0620,0.872,-0.056,0.244
957707245,0.0308,-0.0103,-1.0586,0.994,0.005,0.244
957720245,0.0312,-0.0103,-1.0566,0.689,0.067,0.488
957733245,0.0327,-0.0132,-1.0718,0.750,0.189,-0.000
957746245,0.0337,-0.0059,-1.0659,0.384,0.067,0.427
957759245,0.0366,-0.0093,-1.0586,0.018,-0.361,0.366
957772245,0.0317,-0.0088,-1.0669,-0.226,-0.056,0.366
957785245,0.0347,-0.0112,-1.0649,-0.043,0.128,0.305
957798245,0.0366,-0.0083,-1.0664,0.262,-0.117,0.061
957811245,0.0332,-0.0107,-1.0605,0.201,0.005,0.061
957824245,0.0327,-0.0132,-1.0566,0.201,0.005,-0.000
957837245,0.0298,-0.0088,-1.0625,0.323,-0.056,0.305
957850245,0.0352,-0.0156,-1.0615,0.079,-0.178,0.183
957863245,0.0347,-0.0127,-1.0645,0.445,0.189,0.183
957876245,0.0347,-0.0093,-1.0532,0.201,0.067,-0.000
957889245,0.0337,-0.0117,-1.0630,0.445,-0.544,0.183
957902245,0.0347,-0.0103,-1.0566,0.384,0.005,-0.000
957915245,0.0381,-0.0088,-1.0601,0.323,0.128,0.061
957928245,0.0327,-0.0112,-1.0557,0.262,-0.117,0.244
957941245,0.0317,-0.0112,-1.0615,0.445,-0.117,-0.000
957954245,0.0342,-0.0098,-1.0659,0.262,0.250,-0.061
957967245,0.0347,-0.0112,-1.0688,0.079,0.067,-0.000
957980245,0.0361,-0.0073,-1.0566,0.140,-0.239,0.122
957993245,0.0366,-0.0103,-1.0605,0.384,-0.178,-0.061
958006245,0.0327,-0.0142,-1.0664,0.018,0.189,-0.061
958019245,0.0288,-0.0122,-1.0571,-0.104,0.005,0.061
958032245,0.0322,-0.0073,-1.0630,0.201,-0.056,-0.122
958045245,0.0347,-0.0142,-1.0615,0.201,0.005,0.122
958058245,0.0337,-0.0103,-1.0659,-0.043,0.128,-0.000
958071245,0.0376,-0.0083,-1.0645,0.201,0.189,-0.122
958084245,0.0342,-0.0156,-1.0649,0.201,0.067,-0.000
958097245,0.0342,-0.0083,-1.0571,0.384,0.311,0.061
958110245,0.0361,-0.0107,-1.0605,0.201,0.067,-0.183
958123245,0.0356,-0.0112,-1.0684,0.140,0.128,-0.122
958136245,0.0327,-0.0132,-1.0625,0.079,0.250,0.183
958149245,0.0352,-0.0098,-1.0645,0.201,0.067,0.122
958162245,0.0332,-0.0122,-1.0649,0.079,-0.056,-0.061
958175245,0.0322,-0.0098,-1.0635,0.140,-0.056,0.244
958188245,0.0342,-0.0083,-1.0586,0.018,0.067,0.244
958201245,0.0342,-0.0132,-1.0635,0.079,-0.117,0.061
958214245,0.0366,-0.0093,-1.0610,-0.043,0.189,0.244
958227245,0.0356,-0.0103,-1.0625,0.201,0.005,0.061
958240245,0.0356,-0.0078,-1.0645,0.018,0.128,-0.000
958253245,0.0342,-0.0093,-1.0635,0.323,-0.239,0.244
958266245,0.0322,-0.0083,-1.0625,0.201,0.067,0.061
958279245,0.0332,-0.0107,-1.0625,0.323,0.005,0.122
958292245,0.0327,-0.0068,-1.0581,0.018,-0.056,0.061
958305245,0.0347,-0.0117,-1.0576,-0.043,-0.117,-0.000
958318245,0.0347,-0.0112,-1.0625,-0.104,-0.056,0.244
958331245,0.0366,-0.0117,-1.0620,0.140,0.005,0.244
958344245,0.0342,-0.0112,-1.0674,0.323,-0.178,-0.000
958357245,0.0366,-0.0112,-1.0645,-0.043,0.005,0.366
958370245,0.0361,-0.0112,-1.0532,0.079,-0.117,0.183
958383245,0.0322,-0.0103,-1.0601,-0.165,-0.117,0.183
958396245,0.0332,-0.0127,-1.0610,0.140,-0.056,0.183
958409245,0.0366,-0.0088,-1.0591,0.201,0.005,-0.122
958422245,0.0361,-0.0088,-1.0669,0.140,0.189,-0.000
958435245,0.0337,-0.0103,-1.0640,0.018,-0.178,-0.244
958448245,0.0308,-0.0068,-1.0640,0.018,-0.117,0.244
958461245,0.0342,-0.0073,-1.0581,0.262,0.067,0.183
958474245,0.0352,-0.0127,-1.0586,0.140,-0.056,0.122
958487245,0.0376,-0.0107,-1.0620,0.140,-0.117,0.183
958500245,0.0337,-0.0132,-1.0605,0.384,0.005,0.244
958513245,0.0386,-0.0098,-1.0581,0.018,-0.056,-0.122
958526245,0.0342,-0.0098,-1.0679,0.018,0.067,0.183
958539245,0.0356,-0.0098,-1.0669,0.323,0.067,-0.000
958552245,0.0249,-0.0107,-1.0464,-0.043,-0.056,0.244
958565245,0.0303,-0.0156,-1.0571,-0.043,0.067,0.061
958578245,0.0317,-0.0073,-1.0566,-0.104,-0.056,-0.122
958591245,0.0337,-0.0083,-1.0659,-0.104,-0.178,0.061
958604245,0.0332,-0.0088,-1.0620,-0.104,0.005,0.061
958617245,0.0312,-0.0088,-1.0625,-0.043,-0.178,0.183
958630245,0.0347,-0.0107,-1.0601,-0.165,0.128,-0.061
958643245,0.0371,-0.0171,-1.0776,0.445,0.494,-0.061
958656245,0.0327,-0.0176,-1.0620,0.201,0.189,-0.122
958669245,0.0332,-0.0142,-1.0552,0.506,-0.056,-0.122
958682245,0.0352,-0.0103,-1.0664,0.750,-0.300,0.244
958695245,0.0376,-0.0112,-1.0591,0.689,-0.239,0.244
958708245,0.0381,-0.0107,-1.0620,1.360,-0.361,0.061
958721245,0.0283,0.0078,-1.0732,1.605,-1.459,1.526
958734245,0.0400,-0.0024,-1.0547,1.544,-0.788,0.915
958747245,0.0283,-0.0112,-1.0620,2.459,-1.337,1.648
958760245,0.0073,-0.0991,-1.0669,0.628,0.616,-0.366
958773245,0.0757,0.0776,-1.0654,-2.302,0.921,-3.662
958786245,0.0571,0.0352,-1.0547,1.849,-0.971,-1.770
958799245,0.0396,0.0059,-1.0610,1.177,0.005,0.244
958812245,0.0361,-0.0005,-1.0562,-0.043,0.067,-0.000
958825245,0.0347,-0.0054,-1.0615,0.201,-0.117,0.061
958838245,0.0400,-0.0073,-1.0630,0.506,0.128,0.122
958851245,0.0347,-0.0107,-1.0654,0.994,0.005,0.122
958864245,0.0337,-0.0054,-1.0581,-0.043,0.005,0.244
958877245,0.0352,-0.0068,-1.0679,1.299,-0.056,0.305
958890245,0.0327,-0.0098,-1.0620,0.933,0.189,0.061
958903245,0.0391,-0.0063,-1.0562,1.055,0.067,0.183
958916245,0.0386,-0.0107,-1.0913,0.872,-0.178,-0.061
958929245,0.0347,-0.0034,-1.0420,0.689,-0.178,0.244
958942245,0.0376,-0.0020,-1.0645,-0.532,-0.239,0.061
958955245,0.0420,-0.0044,-1.0732,-0.837,0.067,0.244
958968245,0.0381,-0.0024,-1.0542,-1.752,0.189,-0.244
958981245,0.0386,-0.0083,-1.0732,-2.607,0.067,-0.183
958994245,0.0317,-0.0093,-1.0562,-3.095,0.555,-0.183
959007245,0.0347,0.0151,-1.0156,-7.612,2.569,-0.977
959020245,0.0366,-0.0098,-1.0679,-4.621,3.057,-0.855
959033245,0.0347,0.0117,-1.0835,-13.044,5.071,-3.113
959046245,0.0430,0.0342,-1.1470,-44.721,8.062,-5.005
959059245,0.0049,-0.0049,-1.1611,-79.511,1.959,-9.217
959072245,-0.0239,-0.2090,-1.0366,-109.113,2.142,-23.438
959085245,0.0132,-0.0522,-0.8379,-71.943,-18.671,-19.593
959098245,0.0879,0.0596,-0.9858,2.947,0.677,0.549
959111245,0.0718,-0.1235,-1.0786,32.000,1.776,-1.465
959124245,0.0352,-0.0811,-1.2031,12.164,1.043,-4.578
959137245,0.0303,-0.0571,-1.0894,-4.255,0.005,-0.122
959150245,0.0200,-0.0830,-1.0283,-0.776,-0.117,-0.183
959163245,0.0303,-0.0732,-1.0737,2.642,-0.239,-0.061
959176245,0.0332,-0.0747,-1.0688,-0.837,0.005,-0.183
959189245,0.0293,-0.0781,-1.0439,0.872,-0.178,0.122
959202245,0.0259,-0.0630,-1.0576,1.544,-0.422,0.061
959215245,0.0308,-0.0776,-1.0601,-0.165,-0.239,-0.061
959228245,0.0288,-0.0781,-1.0581,0.323,0.128,-0.061
959241245,0.0278,-0.0747,-1.0659,-0.165,0.128,0.061
959254245,0.0273,-0.0762,-1.0654,-0.287,0.005,0.122
959267245,0.0259,-0.0732,-1.0547,-0.898,-0.056,-0.000
959280245,0.0288,-0.0713,-1.0527,-0.654,0.067,0.061
959293245,0.0308,-0.0742,-1.0630,-0.776,0.372,-0.061
959306245,0.0293,-0.0723,-1.0601,-1.081,-0.239,0.061
959319245,0.0283,-0.0786,-1.0518,-0.471,-0.483,-0.305
959332245,0.0303,-0.0801,-1.0640,-0.226,-0.178,-0.183
959345245,0.0234,-0.0752,-1.0479,-1.691,0.372,-0.122
959358245,0.0303,-0.0815,-1.0625,-0.654,0.128,-0.122
959371245,0.0293,-0.0586,-1.0410,-4.072,-0.544,-0.244
959384245,0.0142,-0.0776,-1.0186,-1.630,-0.849,-0.061
959397245,0.0303,-0.0767,-1.0562,-0.104,-0.300,0.061
959410245,0.0269,-0.0801,-1.0698,-2.607,1.165,0.122
959423245,0.0327,-0.0811,-1.0547,-1.569,0.005,-0.122
959436245,0.0298,-0.0854,-1.0615,1.483,0.189,0.183
959449245,0.0352,-0.0747,-1.0757,0.140,-0.117,0.183
959462245,0.0312,-0.0820,-1.0488,-0.226,0.067,-0.244
959475245,0.0293,-0.0747,-1.0630,0.384,0.067,-0.244
959488245,0.0337,-0.0757,-1.0542,-0.410,-0.056,0.122
959501245,0.0269,-0.0791,-1.0586,0.323,0.005,-0.061
959514245,0.0303,-0.0771,-1.0610,-0.043,0.005,0.122
959527245,0.0317,-0.0781,-1.0615,0.140,-0.056,0.122
959540245,0.0283,-0.0791,-1.0649,0.262,-0.056,-0.061
959553245,0.0352,-0.0771,-1.0688,0.506,-0.483,0.122
959566245,0.0293,-0.0698,-1.0493,-0.593,-0.056,0.061
959579245,0.0337,-0.0859,-1.0742,1.055,-0.239,0.061
959592245,0.0273,-0.0747,-1.0488,-1.142,0.189,0.061
959605245,0.0342,-0.0850,-1.0562,0.689,0.311,0.183
959618245,0.0312,-0.0776,-1.0747,0.018,-0.178,0.122
959631245,0.0273,-0.0752,-1.0518,-0.593,-0.056,-0.122
959644245,0.0288,-0.0776,-1.0557,0.689,0.005,0.061
959657245,0.0308,-0.0752,-1.0620,-0.287,-0.361,-0.183
959670245,0.0312,-0.0737,-1.0547,0.140,0.128,-0.061
959683245,0.0312,-0.0757,-1.0542,-0.104,0.311,0.244
959696245,0.0298,-0.0767,-1.0591,-0.043,-0.544,-0.000
959709245,0.0312,-0.0786,-1.0537,0.140,0.005,0.061
959722245,0.0303,-0.0742,-1.0659,0.201,-0.056,0.183
959735245,0.0308,-0.0820,-1.0562,-0.104,0.128,0.061
959748245,0.0327,-0.0776,-1.0625,0.140,0.067,0.122
959761245,0.0303,-0.0801,-1.0625,0.201,-0.117,-0.000
959774245,0.0293,-0.0815,-1.0493,1.238,-0.056,0.183
959787245,-0.0166,-0.1235,-0.9966,5.511,-1.398,0.732
959800245,0.0332,-0.0640,-1.0723,1.238,-0.666,-0.061
959813245,0.0229,-0.0693,-1.0415,-2.485,0.067,0.122
959826245,0.0273,-0.0806,-1.0425,0.628,-0.117,0.122
959839245,0.0303,-0.0737,-1.0718,-0.287,-0.056,0.061
959852245,0.0293,-0.0786,-1.0566,-0.471,-0.056,0.122
959865245,0.0264,-0.0806,-1.0571,0.201,0.067,-0.244
959878245,0.0312,-0.0762,-1.0610,0.140,0.189,-0.000
959891245,0.0308,-0.0776,-1.0610,0.079,0.189,0.183
959904245,0.0312,-0.0742,-1.0557,0.079,-0.056,0.122
959917245,0.0308,-0.0732,-1.0571,-0.043,-0.117,-0.122
959930245,0.0303,-0.0776,-1.0591,0.201,-0.117,-0.000
959943245,0.0298,-0.0747,-1.0664,-0.104,-0.239,0.183
959956245,0.0317,-0.0757,-1.0615,0.079,0.250,-0.000
959969245,0.0352,-0.0688,-1.0591,-0.349,-0.239,-0.122
959982245,0.0273,-0.0796,-1.0645,0.140,0.128,-0.000
959995245,0.0327,-0.0693,-1.0552,-0.898,-0.056,-0.122
960008245,0.0283,-0.0767,-1.0420,-0.471,0.005,-0.061
960021245,0.0332,-0.0752,-1.0591,0.079,0.005,-0.000
960034245,0.0293,-0.0771,-1.0591,-0.471,0.067,-0.061
960047245,0.0298,-0.0762,-1.0562,-0.349,-0.056,-0.000
960060245,0.0293,-0.0752,-1.0566,-0.287,0.005,-0.061
960073245,0.0322,-0.0757,-1.0610,-0.104,-0.300,0.061
960086245,0.0308,-0.0757,-1.0625,0.079,-0.178,0.061
960099245,0.0269,-0.0796,-1.0601,0.079,-0.300,-0.000
960112245,0.0337,-0.0776,-1.0542,0.262,0.067,-0.122
960125245,0.0308,-0.0825,-1.0552,1.116,0.005,-0.000
960138245,0.0176,-0.1216,-1.0420,10.760,1.348,0.915
960151245,0.0439,-0.0869,-1.0933,14.117,0.494,0.793
960164245,0.0249,-0.0522,-1.0591,9.478,-0.971,0.244
960177245,0.0269,-0.0542,-1.0757,1.116,-0.239,-0.122
960190245,0.0308,-0.0654,-1.0557,-2.363,0.189,-0.122
960203245,0.0273,-0.0684,-1.0464,0.628,-0.239,-0.061
960216245,0.0327,-0.0674,-1.0615,-0.043,-0.117,-0.305
960229245,0.0303,-0.0693,-1.0635,-0.532,-0.056,-0.061
960242245,0.0298,-0.0732,-1.0581,-0.043,0.128,0.305
960255245,0.0317,-0.0728,-1.0615,0.567,-0.056,-0.305
960268245,0.0298,-0.0840,-1.0581,1.727,0.616,-0.000
960281245,0.0293,-0.0771,-1.0469,7.647,-0.544,0.427
960294245,0.0298,-0.0635,-1.0625,8.807,-0.300,0.610
960307245,0.0322,-0.0596,-1.0747,5.938,0.189,0.488
960320245,0.0312,-0.0547,-1.0762,0.445,0.005,-0.000
960333245,0.0298,-0.0620,-1.0654,-1.630,0.311,-0.244
960346245,0.0327,-0.0679,-1.0518,0.079,0.189,-0.000
960359245,0.0303,-0.0615,-1.0581,-0.043,-0.117,-0.000
960372245,0.0303,-0.0645,-1.0630,-0.165,0.250,-0.000
960385245,0.0312,-0.0630,-1.0635,0.079,0.067,-0.122
960398245,0.0356,-0.0630,-1.0688,0.079,0.005,-0.061
960411245,0.0293,-0.0625,-1.0620,-0.104,0.128,-0.000
960424245,0.0337,-0.0645,-1.0698,0.018,-0.056,-0.122
960437245,0.0327,-0.0581,-1.0630,-0.104,-0.056,-0.061
960450245,0.0303,-0.0620,-1.0596,0.018,-0.117,0.061
960463245,0.0303,-0.0625,-1.0527,0.018,-0.056,-0.000
960476245,0.0298,-0.0630,-1.0581,-0.165,0.005,0.122
960489245,0.0298,-0.0596,-1.0674,0.079,0.128,-0.000
960502245,0.0278,-0.0659,-1.0605,-0.104,0.128,-0.000
960515245,0.0352,-0.0640,-1.0669,0.079,0.005,0.061
960528245,0.0317,-0.0684,-1.0659,0.079,0.372,0.061
960541245,0.0312,-0.0654,-1.0645,-0.165,0.067,-0.000
960554245,0.0298,-0.0640,-1.0645,0.201,0.128,-0.061
960567245,0.0337,-0.0654,-1.0649,0.262,0.005,-0.122
960580245,0.0327,-0.0723,-1.0273,5.572,0.799,0.366
960593245,0.0225,-0.0615,-1.0503,9.539,-0.788,0.122
960606245,0.0322,-0.0493,-1.0757,5.511,-0.422,0.305
960619245,0.0317,-0.0498,-1.0801,-0.593,0.250,-0.183
960632245,0.0308,-0.0620,-1.0493,-0.654,-0.056,-0.061
960645245,0.0293,-0.0586,-1.0601,0.750,0.067,0.305
960658245,0.0317,-0.0601,-1.0654,-0.776,0.128,0.183
960671245,0.0288,-0.0620,-1.0566,0.384,-0.178,-0.000
960684245,0.0327,-0.0586,-1.0635,-0.104,0.067,-0.122
960697245,0.0293,-0.0625,-1.0586,-0.104,-0.117,0.061
960710245,0.0322,-0.0586,-1.0566,0.201,0.005,0.122
960723245,0.0312,-0.0596,-1.0693,-0.104,-0.056,0.183
960736245,0.0347,-0.0601,-1.0620,0.079,0.067,0.244
960749245,0.0298,-0.0635,-1.0601,0.140,0.128,0.061
960762245,0.0347,-0.0605,-1.0591,0.201,0.311,0.122
960775245,0.0273,-0.0596,-1.0605,0.140,0.067,-0.000
960788245,0.0298,-0.0586,-1.0610,-0.226,-0.239,0.061
960801245,0.0288,-0.0552,-1.0635,0.262,-0.361,-0.427
960814245,0.0288,-0.0571,-1.0688,0.018,0.128,0.122
960827245,0.0347,-0.0630,-1.0605,0.079,0.189,0.183
960840245,0.0312,-0.0576,-1.0591,-0.226,-0.056,0.122
960853245,0.0308,-0.0610,-1.0635,-0.226,-0.178,0.061
960866245,0.0298,-0.0596,-1.0605,-0.532,-0.117,-0.122
960879245,0.0312,-0.0620,-1.0586,-0.287,0.005,-0.000
960892245,0.0269,-0.0566,-1.0566,-0.471,-0.300,0.122
960905245,0.0845,-0.0659,-1.1172,9.173,3.668,1.220
960918245,0.0288,-0.0601,-1.0322,19.610,-1.215,0.915
960931245,0.0327,-0.0425,-1.0708,18.450,-1.398,0.976
960944245,0.0327,-0.0352,-1.0737,12.835,-0.849,0.549
960957245,0.0317,-0.0400,-1.0835,7.220,-0.239,0.366
960970245,0.0493,-0.0352,-1.0767,1.666,0.860,0.122
960983245,0.0283,-0.0269,-1.0518,-0.532,0.189,0.061
960996245,0.0347,-0.0640,-1.0972,3.436,-0.544,0.244
961009245,0.0366,-0.0518,-1.0586,5.938,-0.239,0.427
961022245,0.0298,-0.0381,-1.0586,5.389,-0.117,0.427
961035245,0.0303,-0.0288,-1.0854,0.994,0.372,0.183
961048245,0.0327,-0.0435,-1.0532,-2.119,0.494,0.061
961061245,0.0347,-0.0493,-1.0571,2.947,0.067,0.549
961074245,0.0308,-0.0308,-1.0757,0.750,0.067,0.122
961087245,0.0317,-0.0386,-1.0625,-2.424,0.311,0.122
961100245,0.0317,-0.0439,-1.0610,-0.410,0.005,0.183
961113245,0.0342,-0.0332,-1.0591,-2.057,0.189,0.244
961126245,0.0288,-0.0425,-1.0532,-2.241,0.128,0.305
961139245,0.0337,-0.0439,-1.0601,-1.630,0.189,0.122
961152245,0.0288,-0.0449,-1.0605,-2.485,0.128,0.122
961165245,0.0298,-0.0444,-1.0635,-2.302,-0.056,0.061
961178245,0.0352,-0.0474,-1.0688,-1.447,0.189,0.183
961191245,0.0352,-0.0503,-1.0562,0.079,0.372,0.183
961204245,0.0361,-0.0488,-1.0405,5.023,-0.422,0.488
961217245,0.0352,-0.0327,-1.0718,0.445,0.005,0.122
961230245,0.0327,-0.0459,-1.0532,-0.776,0.067,0.122
961243245,0.0288,-0.0439,-1.0508,1.422,-0.178,0.122
961256245,0.0312,-0.0410,-1.0630,1.910,-0.056,0.122
961269245,0.0322,-0.0381,-1.0620,1.422,0.067,-0.061
961282245,0.0298,-0.0454,-1.0591,2.581,-0.056,0.305
961295245,0.0327,-0.0425,-1.0571,2.947,-0.056,0.183
961308245,0.0342,-0.0396,-1.0610,2.764,-0.178,0.122
961321245,0.0352,-0.0366,-1.0674,2.886,-0.422,0.366
961334245,0.0317,-0.0386,-1.0513,3.375,-0.239,0.305
961347245,0.0337,-0.0474,-1.0601,7.037,-0.178,0.549
961360245,0.0332,-0.0381,-1.0488,10.699,-0.422,0.610
961373245,0.0342,-0.0371,-1.0654,12.042,-0.422,0.671
961386245,0.0376,-0.0317,-1.0625,12.469,-0.605,0.915
961399245,0.0405,-0.0298,-1.0767,11.920,-0.361,0.366
961412245,0.0425,-0.0308,-1.0938,13.690,-0.666,0.854
961425245,0.0322,-0.0249,-1.0591,13.995,-1.581,3.052
961438245,0.0288,-0.0210,-1.0649,14.056,-0.849,6.103
961451245,0.0234,-0.0073,-1.0698,12.347,-1.398,8.667
961464245,0.0430,0.0039,-1.0718,10.821,-1.215,9.216
961477245,0.0576,-0.0454,-1.0762,1.177,0.921,7.080
961490245,0.0400,0.0088,-1.0703,-0.287,0.311,8.606
961503245,0.0449,0.0015,-1.0718,0.018,0.311,12.268
961516245,0.0532,-0.0010,-1.0659,0.628,0.372,15.198
961529245,0.0444,0.0103,-1.0615,1.116,0.250,16.113
961542245,0.0327,-0.0254,-1.0537,0.872,0.250,9.643
961555245,0.0396,-0.0063,-1.0786,2.032,-0.361,8.484
961568245,0.0254,0.0088,-1.0552,2.520,0.005,11.291
961581245,0.0513,0.0078,-1.0557,3.314,0.494,11.352
961594245,0.0645,-0.0073,-1.0410,2.459,0.433,11.474
961607245,0.0635,0.0293,-1.0527,2.825,-0.910,13.977
961620245,0.0156,0.0322,-1.0347,1.605,-1.520,18.799
961633245,0.0151,-0.0093,-1.0933,-0.715,0.494,18.799
961646245,0.0098,-0.0439,-1.0698,0.384,0.005,14.892
961659245,0.0098,-0.0723,-1.0845,-1.386,0.555,10.498
961672245,0.0298,-0.0415,-1.0464,1.666,-0.056,3.967
961685245,0.0327,-0.0269,-1.0718,0.445,0.128,1.159
961698245,0.0303,-0.0059,-1.0591,0.140,0.005,1.159
961711245,0.0352,-0.0015,-1.0615,0.140,-0.361,0.915
961724245,0.0347,-0.0117,-1.0640,0.079,0.067,0.671
961737245,0.0361,0.0024,-1.0679,0.079,0.250,1.220
961750245,0.0493,0.0142,-1.0547,0.140,0.250,3.540
961763245,0.0347,0.0029,-1.0566,0.018,-0.117,4.089
961776245,0.0347,-0.0024,-1.0518,-0.104,-0.056,4.211
961789245,0.0371,-0.0044,-1.0645,-0.165,-0.056,4.089
961802245,0.0273,-0.0186,-1.0708,-0.104,0.250,3.357
961815245,0.0317,-0.0112,-1.0620,-0.043,0.005,2.807
961828245,0.0278,-0.0054,-1.0581,-0.165,-0.056,2.441
961841245,0.0322,-0.0059,-1.0659,0.140,0.067,1.648
961854245,0.0288,-0.0098,-1.0522,0.140,0.067,1.709
961867245,0.0366,-0.0103,-1.0679,-0.043,0.067,1.098
961880245,0.0352,-0.0029,-1.0596,0.079,0.128,1.037
961893245,0.0308,-0.0063,-1.0586,-0.104,0.005,0.671
961906245,0.0342,-0.0044,-1.0474,-0.043,0.005,0.366
961919245,0.0366,-0.0054,-1.0728,0.079,0.372,0.244
961932245,0.0332,0.0044,-1.0527,-0.287,0.189,0.244
961945245,0.0342,-0.0093,-1.0806,-0.165,-0.056,0.244
961958245,0.0356,-0.0005,-1.0532,0.506,0.005,0.305
961971245,0.0361,-0.0054,-1.0635,-0.043,-0.056,0.122
961984245,0.0352,-0.0015,-1.0664,-0.043,0.005,0.244
961997245,0.0342,-0.0059,-1.0532,0.079,0.128,0.122
962010245,0.0317,-0.0044,-1.0625,-0.104,0.067,-0.061
962023245,0.0371,-0.0024,-1.0615,0.140,-0.056,0.122
962036245,0.0337,-0.0029,-1.0542,0.140,0.005,0.366
962049245,0.0327,-0.0049,-1.0654,-0.043,-0.056,0.122
962062245,0.0332,-0.0020,-1.0576,0.201,-0.056,0.122
962075245,0.0361,-0.0024,-1.0610,-0.043,0.189,0.305
962088245,0.0317,-0.0024,-1.0615,-0.104,-0.239,0.183
962101245,0.0337,-0.0073,-1.0610,-0.349,0.067,0.366
962114245,0.0371,-0.0005,-1.0591,-0.104,-0.117,0.244
962127245,0.0371,-0.0063,-1.0596,0.079,-0.117,0.244
962140245,0.0371,-0.0020,-1.0571,0.262,0.189,0.854
962153245,0.0308,-0.0088,-1.0679,0.079,0.067,0.793
962166245,0.0366,-0.0059,-1.0693,0.079,0.250,0.366
962179245,0.0327,-0.0049,-1.0601,0.018,0.311,0.244
962192245,0.0361,-0.0039,-1.0664,-0.043,0.128,0.366
962205245,0.0352,-0.0068,-1.0591,0.079,-0.117,-0.000
962218245,0.0317,-0.0049,-1.0630,0.018,0.067,-0.000
962231245,0.0352,-0.0088,-1.0640,0.079,-0.117,0.183
962244245,0.0332,-0.0039,-1.0645,0.140,0.067,-0.061
962257245,0.0352,-0.0059,-1.0581,0.018,-0.178,0.061
962270245,0.0342,-0.0029,-1.0654,0.079,-0.056,0.122
962283245,0.0342,-0.0068,-1.0576,0.201,0.067,0.305
962296245,0.0337,-0.0020,-1.0601,-0.226,0.128,0.183
962309245,0.0347,-0.0068,-1.0615,0.079,0.005,0.183
962322245,0.0356,-0.0049,-1.0576,0.079,0.189,0.122
962335245,0.0322,-0.0039,-1.0610,-0.043,-0.056,0.183
962348245,0.0347,-0.0020,-1.0654,0.018,0.189,0.122
962361245,0.0356,-0.0054,-1.0571,-0.165,0.067,-0.061
962374245,0.0356,-0.0059,-1.0635,-0.043,0.005,0.183
962387245,0.0371,-0.0059,-1.0635,-0.043,0.128,0.061
962400245,0.0347,-0.0024,-1.0679,0.079,0.067,-0.000
962413245,0.0356,-0.0039,-1.0674,0.018,0.189,0.061
962426245,0.0376,-0.0020,-1.0591,0.262,0.189,-0.000
962439245,0.0308,-0.0024,-1.0625,0.079,0.250,-0.244
962452245,0.0352,-0.0044,-1.0610,0.018,0.005,0.183
962465245,0.0337,-0.0034,-1.0620,-0.043,-0.056,0.061
962478245,0.0312,-0.0044,-1.0586,-0.043,-0.056,0.183
962491245,0.0371,-0.0054,-1.0630,0.018,0.128,0.061
962504245,0.0337,-0.0044,-1.0615,-0.043,-0.056,0.305
962517245,0.0332,-0.0059,-1.0659,0.079,-0.056,0.122
962530245,0.0366,-0.0054,-1.0615,0.140,0.250,-0.000
962543245,0.0327,-0.0029,-1.0493,-0.165,0.189,0.183
962556245,0.0288,-0.0098,-1.0669,0.140,-0.056,0.122
962569245,0.0308,0.0010,-1.0386,0.018,0.005,-0.061
962582245,0.0317,-0.0093,-1.0723,0.079,-0.117,0.183
962595245,0.0347,-0.0010,-1.0601,-0.226,0.311,0.183
962608245,0.0376,-0.0044,-1.0757,-0.043,-0.178,-0.183
962621245,0.0317,-0.0029,-1.0562,0.018,0.067,-0.000
962634245,0.0371,-0.0020,-1.0688,0.079,0.005,-0.000
962647245,0.0327,-0.0015,-1.0669,-0.043,-0.056,0.244
962660245,0.0356,-0.0005,-1.0601,0.018,0.005,0.183
962673245,0.0342,-0.0073,-1.0669,-0.043,0.128,0.061
962686245,0.0347,-0.0078,-1.0669,-0.043,0.128,-0.000
962699245,0.0317,-0.0039,-1.0605,0.079,0.250,0.122
962712245,0.0366,-0.0054,-1.0649,-0.165,0.128,-0.000
962725245,0.0332,-0.0015,-1.0664,0.079,0.005,-0.000
962738245,0.0342,-0.0068,-1.0620,0.079,0.128,-0.122
962751245,0.0308,-0.0049,-1.0557,0.018,-0.300,0.122
962764245,0.0352,-0.0029,-1.0581,0.018,0.067,-0.061
962777245,0.0327,-0.0024,-1.0669,-0.104,-0.178,0.122
962790245,0.0361,-0.0044,-1.0596,0.079,-0.056,-0.000
962803245,0.0347,-0.0054,-1.0669,-0.226,-0.300,-0.000
962816245,0.0356,-0.0039,-1.0640,0.140,0.067,-0.122
962829245,0.0356,-0.0068,-1.0581,0.079,0.311,-0.061
962842245,0.0356,-0.0059,-1.0615,-0.043,0.005,0.061
962855245,0.0352,-0.0015,-1.0605,-0.043,-0.117,0.061
962868245,0.0376,-0.0039,-1.0576,0.262,0.067,-0.061
962881245,0.0347,-0.0024,-1.0596,-0.226,0.005,0.061
962894245,0.0356,-0.0024,-1.0605,0.079,-0.117,-0.061
962907245,0.0366,-0.0034,-1.0640,0.079,0.250,-0.122
962920245,0.0352,-0.0039,-1.0576,-0.165,-0.117,-0.061
962933245,0.0317,-0.0054,-1.0659,0.140,-0.056,0.122
962946245,0.0337,-0.0059,-1.0591,0.140,0.250,0.244
962959245,0.0356,0.0000,-1.0635,0.262,-0.117,0.122
962972245,0.0376,-0.0015,-1.0586,-0.043,0.128,-0.000
962985245,0.0371,-0.0044,-1.0615,-0.104,-0.056,0.244
962998245,0.0312,-0.0068,-1.0566,-0.165,-0.117,-0.000
963011245,0.0332,-0.0088,-1.0615,0.018,0.067,-0.000
963024245,0.0332,-0.0039,-1.0640,-0.043,0.067,-0.000
963037245,0.0337,-0.0063,-1.0654,0.079,0.067,0.183
963050245,0.0352,-0.0034,-1.0591,0.018,0.250,0.122
963063245,0.0332,-0.0020,-1.0630,0.140,-0.178,0.061
963076245,0.0396,-0.0054,-1.0557,-0.104,0.128,-0.000
963089245,0.0352,-0.0034,-1.0625,0.079,-0.056,0.061
963102245,0.0352,-0.0029,-1.0635,-0.043,0.067,0.122
963115245,0.0376,-0.0044,-1.0571,0.079,-0.117,0.061
963128245,0.0327,-0.0054,-1.0615,0.079,-0.056,-0.000
963141245,0.0322,-0.0010,-1.0620,-0.165,-0.178,0.122
963154245,0.0356,-0.0054,-1.0645,-0.043,-0.117,0.183
963167245,0.0337,-0.0044,-1.0640,0.201,-0.056,-0.122
963180245,0.0347,-0.0054,-1.0605,-0.043,0.128,-0.061
963193245,0.0366,-0.0049,-1.0620,0.140,0.372,0.061
963206245,0.0347,-0.0044,-1.0557,-0.043,0.189,-0.000
963219245,0.0347,-0.0054,-1.0576,0.018,0.005,0.061
963232245,0.0342,-0.0059,-1.0679,0.018,-0.117,-0.183
963245245,0.0386,-0.0029,-1.0640,-0.226,0.067,-0.000
963258245,0.0347,-0.0059,-1.0664,-0.043,0.067,0.061
963271245,0.0322,-0.0039,-1.0605,-0.104,0.067,0.183
963284245,0.0337,-0.0068,-1.0610,0.140,0.067,-0.000
963297245,0.0361,-0.0068,-1.0557,-0.287,-0.056,0.122
963310245,0.0352,-0.0034,-1.0684,-0.043,-0.056,-0.000
963323245,0.0337,-0.0078,-1.0615,-0.043,-0.056,0.244
963336245,0.0337,-0.0088,-1.0591,0.201,-0.056,0.183
963349245,0.0342,-0.0059,-1.0679,0.018,0.067,0.061
963362245,0.0342,-0.0039,-1.0610,0.079,0.128,-0.000
963375245,0.0317,-0.0020,-1.0581,0.018,-0.117,0.061
963388245,0.0371,0.0005,-1.0601,-0.043,-0.117,0.244
963401245,0.0347,-0.0024,-1.0601,0.079,0.128,-0.061
963414245,0.0308,-0.0078,-1.0684,0.079,0.067,0.122
963427245,0.0337,-0.0068,-1.0620,0.079,-0.178,-0.244
963440245,0.0352,-0.0059,-1.0601,-0.043,-0.178,-0.061
963453245,0.0386,-0.0054,-1.0630,0.018,0.067,0.244
963466245,0.0371,-0.0034,-1.0635,0.079,-0.056,-0.244
963479245,0.0366,-0.0049,-1.0630,0.018,0.189,-0.061
963492245,0.0371,-0.0049,-1.0591,0.140,0.128,0.061
963505245,0.0352,-0.0078,-1.0693,-0.043,0.189,-0.000
963518245,0.0332,-0.0010,-1.0698,-0.104,0.250,-0.061
963531245,0.0322,-0.0005,-1.0586,0.140,-0.300,-0.122
963544245,0.0488,-0.0015,-1.0713,0.201,0.189,-0.122
963557245,0.0337,-0.0063,-1.0649,-0.043,-0.056,-0.122
963570245,0.0371,-0.0029,-1.0688,-0.104,0.372,-0.061
963583245,0.0312,-0.0039,-1.0659,-0.226,-0.056,0.122
963596245,0.0356,-0.0020,-1.0659,-0.043,0.067,0.122
963609245,0.0352,-0.0029,-1.0664,-0.043,0.005,-0.122
963622245,0.0229,-0.0073,-1.0571,0.018,0.005,-0.122
963635245,0.0361,-0.0059,-1.0586,-0.104,0.005,-0.122
963648245,0.0264,-0.0059,-1.0562,0.140,-0.300,-0.183
963661245,0.0347,-0.0093,-1.0610,0.018,0.067,-0.000
963674245,0.0327,-0.0039,-1.0703,-0.043,0.067,0.122
963687245,0.0396,0.0039,-1.0596,-0.043,-0.117,0.061
963700245,0.0376,-0.0039,-1.0640,0.018,0.189,-0.183
963713245,0.0332,-0.0073,-1.0688,0.201,0.250,0.061
963726245,0.0347,-0.0063,-1.0596,0.140,0.250,-0.000
963739245,0.0322,-0.0063,-1.0562,-0.104,0.005,-0.061
963752245,0.0327,-0.0049,-1.0674,0.201,-0.056,0.061
963765245,0.0337,-0.0044,-1.0591,0.140,0.128,-0.000
963778245,0.0332,-0.0024,-1.0679,-0.104,-0.056,-0.183
963791245,0.0366,-0.0073,-1.0664,-0.104,0.433,0.061
963804245,0.0371,-0.0063,-1.0776,0.262,0.189,-0.183
963817245,0.0347,-0.0020,-1.0518,0.018,0.128,0.305
963830245,0.0347,-0.0049,-1.0703,0.079,0.250,-0.000
963843245,0.0322,-0.0005,-1.0625,-0.043,0.067,0.244
963856245,0.0352,-0.0044,-1.0625,-0.104,-0.056,0.061
963869245,0.0337,-0.0039,-1.0649,0.201,-0.056,0.305
963882245,0.0342,-0.0029,-1.0601,-0.226,-0.056,-0.061
963895245,0.0332,-0.0044,-1.0659,0.018,0.067,0.061
963908245,0.0366,-0.0029,-1.0640,0.018,-0.117,0.061
963921245,0.0381,-0.0073,-1.0601,-0.104,0.311,0.122
963934245,0.0347,-0.0029,-1.0601,-0.043,-0.056,-0.000
963947245,0.0327,-0.0024,-1.0640,0.018,0.128,-0.061
963960245,0.0342,-0.0024,-1.0625,0.018,0.005,-0.122
963973245,0.0342,-0.0054,-1.0659,0.140,0.372,-0.244
963986245,0.0327,-0.0015,-1.0601,0.140,0.067,-0.183
963999245,0.0337,0.0000,-1.0645,0.140,-0.056,-0.000
964012245,0.0327,-0.0063,-1.0513,0.201,0.067,0.183
964025245,0.0356,-0.0059,-1.0605,-0.104,0.189,-0.183
964038245,0.0312,-0.0044,-1.0586,0.018,0.189,0.183
964051245,0.0352,-0.0039,-1.0615,-0.165,0.005,0.061
964064245,0.0396,0.0010,-1.0498,-0.043,-0.544,0.244
964077245,0.0396,-0.0034,-1.0669,0.018,0.067,0.061
964090245,0.0391,-0.0024,-1.0640,0.384,0.005,0.122
964103245,0.0361,-0.0010,-1.0537,0.079,0.128,0.061
964116245,0.0386,-0.0024,-1.0635,-0.104,0.005,-0.061
964129245,0.0337,-0.0020,-1.0562,0.201,0.494,-0.305
964142245,0.0342,-0.0029,-1.0664,0.079,0.128,0.061
964155245,0.0317,-0.0093,-1.0630,-0.043,0.189,-0.000
964168245,0.0366,-0.0049,-1.0640,0.140,0.189,-0.122
964181245,0.0356,-0.0010,-1.0708,0.018,0.067,0.061
964194245,0.0317,-0.0044,-1.0708,-0.226,0.311,-0.000
964207245,0.0327,-0.0015,-1.0664,-0.043,0.005,0.061
964220245,0.0347,-0.0049,-1.0591,-0.104,0.189,0.122
964233245,0.0361,-0.0024,-1.0581,0.201,0.128,-0.244
964246245,0.0352,-0.0029,-1.0596,-0.165,-0.056,0.061
964259245,0.0332,-0.0049,-1.0684,-0.043,-0.056,-0.122
964272245,0.0371,-0.0059,-1.0605,-0.104,0.128,0.122
964285245,0.0376,-0.0039,-1.0669,-0.165,-0.056,-0.122
964298245,0.0371,-0.0078,-1.0630,0.018,-0.056,0.183
964311245,0.0361,0.0015,-1.0571,0.018,0.189,0.061
964324245,0.0371,-0.0020,-1.0605,0.140,0.128,0.061
964337245,0.0361,-0.0049,-1.0654,0.079,-0.056,0.061
964350245,0.0361,-0.0039,-1.0645,0.018,0.067,-0.122
964363245,0.0342,-0.0024,-1.0586,0.018,0.189,-0.061
964376245,0.0356,-0.0039,-1.0596,0.079,0.005,-0.000
964389245,0.0356,-0.0020,-1.0522,0.140,0.189,0.061
964402245,0.0332,-0.0068,-1.0635,-0.165,0.067,-0.061
964415245,0.0356,-0.0024,-1.0576,0.079,0.311,0.122
964428245,0.0366,-0.0054,-1.0610,0.018,-0.178,-0.000
964441245,0.0361,-0.0024,-1.0591,0.201,0.005,-0.000
964454245,0.0356,-0.0044,-1.0640,0.140,-0.056,-0.061
964467245,0.0322,-0.0034,-1.0635,0.018,-0.056,0.122
964480245,0.0352,-0.0039,-1.0620,-0.165,0.128,-0.061
964493245,0.0356,-0.0083,-1.0688,0.079,0.189,0.183
964506245,0.0366,-0.0044,-1.0596,-0.043,-0.056,0.061
964519245,0.0361,-0.0088,-1.0591,-0.043,0.005,-0.183
964532245,0.0352,-0.0039,-1.0669,0.079,0.189,-0.122
964545245,0.0337,-0.0078,-1.0664,0.140,0.067,-0.122
964558245,0.0327,-0.0015,-1.0547,0.079,0.250,0.122
964571245,0.0332,-0.0044,-1.0547,-0.287,0.128,-0.061
964584245,0.0342,-0.0034,-1.0698,0.018,0.128,0.122
964597245,0.0371,-0.0054,-1.0610,0.140,-0.056,0.183
964610245,0.0293,-0.0029,-1.0576,-0.104,-0.178,-0.061
964623245,0.0322,0.0000,-1.0605,-0.043,0.128,-0.000
964636245,0.0337,-0.0044,-1.0610,-0.043,0.128,-0.122
964649245,0.0347,-0.0054,-1.0688,-0.043,-0.056,0.183
964662245,0.0308,-0.0034,-1.0610,-0.043,0.005,-0.000
964675245,0.0322,-0.0020,-1.0591,0.018,-0.239,0.305
964688245,0.0366,-0.0044,-1.0596,0.018,0.067,0.244
964701245,0.0327,-0.0034,-1.0547,0.018,0.005,-0.000
964714245,0.0342,-0.0039,-1.0625,-0.226,-0.056,0.183
964727245,0.0317,-0.0020,-1.0630,0.079,0.005,-0.061
964740245,0.0361,-0.0059,-1.0620,-0.043,-0.117,0.061
964753245,0.0332,-0.0029,-1.0576,-0.165,-0.117,0.122
964766245,0.0332,-0.0059,-1.0620,-0.104,0.128,-0.122
964779245,0.0342,-0.0049,-1.0625,-0.043,0.250,0.122
964792245,0.0327,-0.0029,-1.0649,0.018,0.250,-0.183
964805245,0.0337,-0.0034,-1.0605,-0.043,0.128,0.183
964818245,0.0342,-0.0024,-1.0596,0.018,-0.117,-0.244
964831245,0.0361,-0.0122,-1.0620,-0.104,-0.117,0.244
964844245,0.0322,-0.0029,-1.0610,0.079,-0.178,-0.122
964857245,0.0391,-0.0044,-1.0728,-0.043,0.005,0.061
964870245,0.0361,-0.0059,-1.0620,0.079,-0.117,-0.122
964883245,0.0356,-0.0034,-1.0625,0.140,-0.239,0.122
964896245,0.0322,-0.0005,-1.0479,0.323,-0.300,-0.061
964909245,0.0347,-0.0063,-1.0654,0.384,0.067,0.183
964922245,0.0264,-0.0029,-1.0591,0.201,-0.239,0.061
964935245,0.0347,-0.0039,-1.0625,-0.104,0.005,0.122
964948245,0.0342,-0.0078,-1.0625,0.079,0.005,0.122
964961245,0.0337,-0.0024,-1.0625,0.140,0.189,-0.000
964974245,0.0400,-0.0054,-1.0654,0.018,0.067,0.122
964987245,0.0337,-0.0034,-1.0581,0.140,0.005,-0.000
965000245,0.0366,-0.0024,-1.0547,0.140,0.067,-0.000
965013245,0.0352,-0.0029,-1.0693,0.323,0.128,0.122
965026245,0.0352,-0.0059,-1.0635,0.079,0.128,0.061
965039245,0.0352,-0.0059,-1.0576,0.262,0.128,-0.183
965052245,0.0361,-0.0034,-1.0664,0.079,0.189,-0.122
965065245,0.0332,-0.0029,-1.0620,0.262,0.128,-0.122
965078245,0.0322,-0.0015,-1.0610,0.079,-0.300,0.122
965091245,0.0312,-0.0059,-1.0586,-0.043,-0.178,-0.000
965104245,0.0312,-0.0049,-1.0571,0.201,0.005,-0.061
965117245,0.0303,-0.0039,-1.0547,0.140,-0.239,-0.061
965130245,0.0366,-0.0054,-1.0630,0.140,0.250,0.244
965143245,0.0356,-0.0020,-1.0601,0.018,0.128,-0.000
965156245,0.0312,-0.0054,-1.0596,0.262,-0.117,0.061
965169245,0.0308,-0.0044,-1.0649,-0.104,-0.300,0.122
965182245,0.0425,-0.0059,-1.0859,0.323,0.067,0.122
965195245,0.0332,0.0005,-1.0542,0.201,-0.117,0.061
965208245,0.0352,-0.0054,-1.0708,-0.104,-0.056,0.183
965221245,0.0347,-0.0049,-1.0591,0.140,0.189,0.305
965234245,0.0322,-0.0024,-1.0679,-0.226,0.189,-0.061
965247245,0.0332,-0.0029,-1.0571,-0.226,-0.178,0.061
965260245,0.0337,-0.0049,-1.0605,0.079,0.189,-0.122
965273245,0.0308,-0.0034,-1.0688,0.018,0.128,-0.122
965286245,0.0352,-0.0029,-1.0635,-0.104,-0.056,0.244
965299245,0.0337,-0.0034,-1.0586,-0.104,0.067,-0.183
965312245,0.0352,-0.0049,-1.0615,-0.043,0.067,0.061
965325245,0.0352,-0.0049,-1.0527,-0.165,0.128,0.061
965338245,0.0327,-0.0049,-1.0576,-0.043,-0.117,0.061
965351245,0.0342,-0.0054,-1.0664,-0.104,-0.056,0.061
965364245,0.0317,-0.0039,-1.0562,0.201,0.128,-0.122
965377245,0.0376,-0.0010,-1.0615,0.201,0.005,-0.122
965390245,0.0361,-0.0073,-1.0654,-0.104,0.005,0.122
965403245,0.0337,-0.0044,-1.0645,0.018,0.189,0.061
965416245,0.0342,-0.0034,-1.0596,-0.104,0.189,-0.061
965429245,0.0356,-0.0039,-1.0562,0.079,-0.239,0.244
965442245,0.0376,-0.0029,-1.0620,-0.104,-0.117,0.183
965455245,0.0361,-0.0020,-1.0669,0.079,-0.117,-0.061
965468245,0.0308,-0.0083,-1.0596,-0.043,-0.117,0.305
965481245,0.0361,-0.0034,-1.0620,0.079,0.128,-0.122
965494245,0.0308,-0.0044,-1.0576,-0.104,0.005,0.061
965507245,0.0337,-0.0020,-1.0635,0.079,0.189,-0.000
965520245,0.0361,-0.0049,-1.0571,0.201,0.005,-0.000
965533245,0.0317,-0.0044,-1.0605,-0.104,0.189,-0.000
965546245,0.0342,-0.0044,-1.0615,0.140,-0.056,0.061
965559245,0.0337,-0.0034,-1.0654,-0.226,0.005,-0.183
965572245,0.0347,-0.0073,-1.0586,-0.226,-0.117,-0.061
965585245,0.0352,-0.0044,-1.0649,0.079,-0.178,0.061
965598245,0.0337,-0.0029,-1.0649,-0.165,-0.117,0.244
965611245,0.0342,-0.0039,-1.0562,0.079,-0.117,-0.061
965624245,0.0293,-0.0039,-1.0596,-0.043,-0.117,0.122
965637245,0.0386,-0.0039,-1.0708,0.079,0.005,0.122
965650245,0.0342,-0.0029,-1.0688,0.323,0.128,-0.000
965663245,0.0332,-0.0034,-1.0439,0.079,0.128,-0.122
965676245,0.0347,-0.0054,-1.0713,0.201,-0.117,-0.244
965689245,0.0342,-0.0024,-1.0601,0.201,0.189,-0.122
965702245,0.0361,-0.0054,-1.0620,0.018,0.372,-0.000
965715245,0.0366,-0.0015,-1.0698,0.323,-0.117,-0.061
965728245,0.0376,-0.0063,-1.0581,-0.104,0.005,0.122
965741245,0.0415,-0.0059,-1.0610,0.079,0.189,-0.122
965754245,0.0288,-0.0020,-1.0659,0.140,-0.056,0.061
965767245,0.0327,0.0024,-1.0591,0.018,-0.178,-0.000
965780245,0.0342,-0.0049,-1.0649,-0.043,0.128,0.061
965793245,0.0356,-0.0054,-1.0615,-0.043,0.067,0.061
965806245,0.0381,-0.0034,-1.0557,0.079,-0.056,0.061
965819245,0.0337,-0.0059,-1.0566,0.140,0.005,-0.000
965832245,0.0396,-0.0024,-1.0640,-0.165,0.067,0.061
965845245,0.0352,-0.0044,-1.0630,-0.165,-0.056,0.061
965858245,0.0347,-0.0044,-1.0625,0.018,0.067,-0.183
965871245,0.0366,-0.0029,-1.0601,0.079,0.128,0.061
965884245,0.0386,-0.0029,-1.0620,0.018,-0.117,0.061
965897245,0.0327,-0.0049,-1.0591,0.079,0.128,-0.000
965910245,0.0332,-0.0044,-1.0654,0.140,-0.178,0.122
965923245,0.0371,-0.0044,-1.0605,0.079,0.128,-0.000
965936245,0.0347,-0.0044,-1.0654,-0.104,0.372,-0.000
965949245,0.0342,-0.0039,-1.0645,0.262,0.128,0.183
965962245,0.0352,-0.0010,-1.0620,0.018,0.005,0.061
965975245,0.0332,-0.0024,-1.0630,-0.226,-0.239,0.061
965988245,0.0356,-0.0039,-1.0605,0.079,0.311,0.183
966001245,0.0347,-0.0029,-1.0591,0.140,-0.117,0.122
966014245,0.0322,-0.0063,-1.0610,0.140,0.005,0.122
966027245,0.0361,-0.0044,-1.0620,-0.104,0.128,-0.061
966040245,0.0337,-0.0034,-1.0674,-0.165,0.189,0.061
966053245,0.0366,-0.0054,-1.0630,0.262,-0.056,-0.061
966066245,0.0312,-0.0044,-1.0610,0.018,0.067,0.061
966079245,0.0337,-0.0093,-1.0630,-0.165,-0.056,-0.000
966092245,0.0396,-0.0034,-1.0664,0.201,0.005,0.061
966105245,0.0317,-0.0059,-1.0649,0.140,0.005,0.183
966118245,0.0308,0.0000,-1.0522,-0.104,0.189,0.122
966131245,0.0337,-0.0088,-1.0615,0.018,0.005,-0.244
966144245,0.0327,-0.0020,-1.0596,0.201,0.372,-0.000
966157245,0.0337,-0.0029,-1.0581,0.201,-0.056,-0.122
966170245,0.0347,-0.0010,-1.0679,0.262,-0.056,0.244
966183245,0.0332,-0.0034,-1.0591,0.140,0.067,0.183
966196245,0.0352,-0.0073,-1.0654,-0.104,-0.239,-0.000
966209245,0.0317,-0.0049,-1.0596,0.140,0.128,0.122
966222245,0.0332,-0.0010,-1.0640,-0.104,0.005,-0.000
966235245,0.0361,-0.0049,-1.0693,0.018,0.128,0.122
966248245,0.0327,-0.0059,-1.0620,0.018,0.005,0.061
966261245,0.0298,-0.0054,-1.0601,0.018,-0.056,-0.000
966274245,0.0356,-0.0034,-1.0610,-0.043,-0.056,0.183
966287245,0.0332,0.0000,-1.0688,-0.104,0.128,-0.000
966300245,0.0327,-0.0068,-1.0596,0.140,-0.178,0.183
966313245,0.0308,-0.0039,-1.0674,0.140,0.005,-0.061
966326245,0.0361,-0.0039,-1.0547,0.018,-0.056,0.061
966339245,0.0312,-0.0063,-1.0591,-0.226,0.005,0.061
966352245,0.0356,-0.0078,-1.0581,0.262,0.067,-0.000
966365245,0.0366,-0.0054,-1.0649,0.018,0.128,-0.061
966378245,0.0371,-0.0029,-1.0591,0.079,0.005,0.244
966391245,0.0352,-0.0049,-1.0620,-0.043,0.128,0.183
966404245,0.0352,-0.0044,-1.0635,0.018,-0.117,0.061
966417245,0.0371,-0.0039,-1.0625,-0.226,0.250,-0.061
966430245,0.0366,-0.0068,-1.0566,-0.104,-0.178,0.183
966443245,0.0317,-0.0063,-1.0576,0.201,-0.056,-0.061
966456245,0.0327,-0.0010,-1.0620,-0.104,0.067,0.244
966469245,0.0332,-0.0020,-1.0674,0.140,0.005,0.183
966482245,0.0312,-0.0024,-1.0610,-0.226,-0.056,-0.000
966495245,0.0312,-0.0049,-1.0635,0.018,-0.056,0.122
966508245,0.0356,-0.0005,-1.0552,0.079,0.189,0.122
966521245,0.0361,-0.0024,-1.0645,-0.226,0.189,0.061
966534245,0.0361,-0.0029,-1.0610,-0.165,-0.056,0.061
966547245,0.0386,-0.0044,-1.0635,-0.043,0.189,0.061
966560245,0.0322,-0.0049,-1.0601,0.140,-0.178,0.183
966573245,0.0366,-0.0093,-1.0615,0.079,-0.117,0.122
966586245,0.0347,-0.0015,-1.0625,-0.226,-0.178,0.061
966599245,0.0347,-0.0054,-1.0571,-0.043,0.250,-0.122
966612245,0.0347,-0.0039,-1.0654,-0.043,0.067,-0.305
966625245,0.0308,-0.0039,-1.0610,0.079,-0.056,0.183
966638245,0.0337,-0.0039,-1.0635,0.018,-0.117,-0.183
966651245,0.0317,-0.0010,-1.0654,-0.104,-0.056,-0.122
966664245,0.0322,-0.0039,-1.0542,-0.165,-0.117,-0.061
966677245,0.0361,-0.0044,-1.0664,0.018,0.372,-0.122
966690245,0.0347,-0.0034,-1.0562,0.079,0.005,0.061
966703245,0.0352,-0.0029,-1.0591,-0.043,0.005,0.427
966716245,0.0352,-0.0010,-1.0601,0.140,0.067,0.183
966729245,0.0386,-0.0039,-1.0610,0.140,-0.178,0.122
966742245,0.0366,-0.0068,-1.0615,0.140,-0.117,-0.122
966755245,0.0356,-0.0029,-1.0630,0.018,0.067,0.061
966768245,0.0303,-0.0073,-1.0620,0.140,0.067,0.244
966781245,0.0352,-0.0049,-1.0620,0.201,0.005,0.061
966794245,0.0376,-0.0039,-1.0625,0.018,-0.056,0.122
966807245,0.0337,-0.0044,-1.0610,0.018,0.067,-0.061
966820245,0.0352,-0.0049,-1.0591,-0.043,0.128,-0.183
966833245,0.0337,-0.0010,-1.0615,0.262,0.250,0.244
966846245,0.0352,-0.0073,-1.0640,0.018,0.067,0.061
966859245,0.0342,-0.0044,-1.0552,-0.287,0.189,0.122
966872245,0.0337,-0.0044,-1.0669,0.140,-0.239,0.061
966885245,0.0327,-0.0020,-1.0566,0.018,0.128,0.183
966898245,0.0347,-0.0039,-1.0581,-0.043,-0.056,-0.122
966911245,0.0366,-0.0059,-1.0649,0.140,0.128,-0.000
966924245,0.0317,-0.0054,-1.0498,-0.104,-0.239,0.183
966937245,0.0366,-0.0073,-1.0713,0.140,0.311,-0.122
966950245,0.0376,-0.0044,-1.0566,0.323,0.067,-0.122
966963245,0.0342,-0.0059,-1.0679,-0.165,0.128,0.244
966976245,0.0352,-0.0039,-1.0566,0.323,0.067,-0.000
966989245,0.0322,-0.0054,-1.0566,0.140,0.067,0.061
967002245,0.0356,-0.0049,-1.0684,0.262,-0.178,0.183
967015245,0.0308,-0.0059,-1.0630,-0.226,-0.056,-0.000
967028245,0.0327,-0.0010,-1.0620,-0.043,-0.117,-0.244
967041245,0.0303,-0.0059,-1.0635,0.079,0.067,0.366
967054245,0.0352,-0.0020,-1.0596,-0.043,0.067,-0.061
967067245,0.0366,-0.0044,-1.0615,0.201,-0.056,0.061
967080245,0.0356,-0.0029,-1.0601,0.079,0.128,0.122
967093245,0.0342,-0.0044,-1.0605,0.140,0.128,0.061
967106245,0.0342,-0.0073,-1.0732,0.079,0.067,-0.122
967119245,0.0381,-0.0049,-1.0645,0.140,-0.056,0.061
967132245,0.0347,-0.0044,-1.0620,0.262,0.189,0.244
967145245,0.0337,-0.0044,-1.0610,0.140,-0.300,0.183
967158245,0.0337,-0.0039,-1.0596,0.018,-0.239,-0.000
967171245,0.0400,-0.0010,-1.0649,-0.104,-0.056,0.183
967184245,0.0376,-0.0034,-1.0605,-0.043,0.005,-0.000
967197245,0.0352,-0.0059,-1.0684,0.018,-0.239,0.122
967210245,0.0356,-0.0039,-1.0601,-0.043,0.189,-0.122
967223245,0.0366,-0.0024,-1.0649,0.201,0.189,-0.061
967236245,0.0361,-0.0059,-1.0576,0.018,-0.117,0.061
967249245,0.0356,-0.0073,-1.0605,-0.104,0.067,0.122
967262245,0.0337,-0.0034,-1.0645,0.079,-0.300,0.183
967275245,0.0386,-0.0039,-1.0630,-0.104,-0.239,0.183
967288245,0.0347,-0.0083,-1.0669,-0.165,-0.117,0.122
967301245,0.0342,-0.0049,-1.0654,0.140,0.005,-0.122
967314245,0.0376,-0.0078,-1.0547,0.262,-0.056,-0.000
967327245,0.0371,0.0000,-1.0649,0.079,0.005,-0.061
967340245,0.0337,-0.0024,-1.0596,0.079,0.067,0.061
967353245,0.0327,-0.0029,-1.0615,-0.104,-0.117,-0.000
967366245,0.0371,-0.0039,-1.0615,0.018,-0.117,-0.061
967379245,0.0308,-0.0020,-1.0591,0.140,0.005,-0.000
967392245,0.0327,-0.0059,-1.0596,0.018,0.067,0.061
967405245,0.0317,-0.0044,-1.0649,0.140,-0.178,0.122
967418245,0.0332,-0.0049,-1.0645,0.018,0.005,-0.061
967431245,0.0356,-0.0034,-1.0571,-0.226,-0.178,-0.000
967444245,0.0337,-0.0024,-1.0630,0.079,0.128,0.183
967457245,0.0332,-0.0020,-1.0601,0.018,0.005,-0.122
967470245,0.0347,-0.0054,-1.0591,0.079,-0.239,-0.122
967483245,0.0342,-0.0010,-1.0571,0.018,0.005,-0.122
967496245,0.0327,-0.0049,-1.0664,0.201,0.067,-0.061
967509245,0.0366,-0.0010,-1.0605,0.079,0.067,-0.061
967522245,0.0356,-0.0010,-1.0669,0.262,-0.117,0.122
967535245,0.0337,-0.0039,-1.0630,0.079,0.005,0.122
967548245,0.0366,-0.0049,-1.0645,0.201,-0.178,0.061
967561245,0.0352,-0.0044,-1.0674,-0.043,-0.056,0.061
967574245,0.0376,-0.0044,-1.0610,-0.043,-0.056,0.183
967587245,0.0356,-0.0044,-1.0532,-0.165,0.067,-0.000
967600245,0.0327,-0.0073,-1.0669,-0.043,0.189,0.061
967613245,0.0312,-0.0039,-1.0684,0.079,-0.056,0.183
967626245,0.0391,-0.0049,-1.0601,0.079,0.189,0.061
967639245,0.0356,-0.0039,-1.0640,0.140,0.005,-0.122
967652245,0.0352,-0.0063,-1.0625,-0.226,0.005,-0.000
967665245,0.0371,-0.0054,-1.0605,0.201,0.005,0.122
967678245,0.0361,-0.0039,-1.0610,0.201,-0.056,-0.000
967691245,0.0347,-0.0054,-1.0601,0.018,0.067,0.183
967704245,0.0366,-0.0015,-1.0640,0.079,0.189,0.183
967717245,0.0356,-0.0088,-1.0625,-0.043,-0.239,0.122
967730245,0.0361,-0.0039,-1.0640,-0.165,0.067,0.305
967743245,0.0347,-0.0068,-1.0649,0.140,-0.056,-0.061
967756245,0.0381,-0.0049,-1.0625,0.018,0.250,0.061
967769245,0.0327,-0.0044,-1.0586,-0.043,0.067,0.183
967782245,0.0381,-0.0088,-1.0610,-0.043,0.005,-0.000
967795245,0.0352,-0.0063,-1.0630,0.201,0.189,0.122
967808245,0.0347,-0.0044,-1.0635,0.018,0.189,0.061
967821245,0.0371,-0.0044,-1.0601,-0.226,0.005,0.305
967834245,0.0376,-0.0044,-1.0625,0.079,0.250,0.061
967847245,0.0317,-0.0029,-1.0591,-0.043,-0.117,-0.000
967860245,0.0376,-0.0015,-1.0586,0.201,0.128,-0.122
967873245,0.0361,-0.0039,-1.0659,0.079,0.128,0.122
967886245,0.0342,-0.0044,-1.0674,0.018,0.067,0.122
967899245,0.0352,-0.0034,-1.0630,-0.043,0.189,-0.061
967912245,0.0356,-0.0024,-1.0654,0.140,-0.117,0.122
967925245,0.0342,-0.0020,-1.0645,-0.104,0.005,-0.061
967938245,0.0366,-0.0049,-1.0596,0.201,0.067,-0.122
967951245,0.0308,-0.0039,-1.0586,0.079,-0.056,-0.000
967964245,0.0322,-0.0010,-1.0640,0.018,0.189,0.244
967977245,0.0327,-0.0049,-1.0620,-0.043,-0.178,-0.061
967990245,0.0308,-0.0039,-1.0591,0.201,0.067,0.061
968003245,0.0371,-0.0063,-1.0620,-0.043,0.005,-0.061
968016245,0.0337,-0.0034,-1.0576,0.140,0.067,0.061
968029245,0.0312,-0.0024,-1.0605,-0.043,-0.056,0.183
968042245,0.0356,-0.0034,-1.0601,0.201,0.189,0.061
968055245,0.0371,-0.0063,-1.0620,0.079,0.067,-0.366
968068245,0.0352,-0.0039,-1.0625,0.018,-0.056,0.061
968081245,0.0308,-0.0044,-1.0645,0.018,0.189,-0.000
968094245,0.0381,-0.0020,-1.0649,0.079,0.250,0.122
968107245,0.0327,0.0010,-1.0601,-0.043,0.005,-0.000
968120245,0.0308,-0.0034,-1.0635,0.201,0.311,0.305
968133245,0.0356,-0.0020,-1.0571,-0.165,0.189,-0.183
968146245,0.0332,-0.0059,-1.0581,0.140,0.250,-0.000
968159245,0.0317,-0.0059,-1.0605,-0.043,0.128,0.183
968172245,0.0366,-0.0024,-1.0640,0.140,0.128,0.122
968185245,0.0327,-0.0034,-1.0625,-0.104,-0.117,0.061
968198245,0.0303,-0.0015,-1.0625,-0.043,0.189,-0.000
968211245,0.0342,-0.0044,-1.0596,0.079,0.128,0.061
968224245,0.0347,-0.0039,-1.0615,-0.043,0.067,-0.061
968237245,0.0342,-0.0044,-1.0625,-0.043,-0.056,-0.122
968250245,0.0361,-0.0049,-1.0596,-0.043,0.067,-0.244
968263245,0.0312,-0.0029,-1.0640,-0.104,0.189,-0.122
968276245,0.0381,-0.0044,-1.0630,-0.165,-0.239,-0.122
968289245,0.0327,-0.0063,-1.0615,-0.104,0.189,-0.000
968302245,0.0342,-0.0039,-1.0576,0.140,0.067,-0.061
968315245,0.0356,-0.0024,-1.0630,0.018,0.189,-0.122
968328245,0.0342,-0.0093,-1.0610,0.323,0.067,-0.000
968341245,0.0342,-0.0063,-1.0625,0.140,-0.056,-0.000
968354245,0.0361,-0.0049,-1.0620,-0.043,0.189,0.122
968367245,0.0342,-0.0034,-1.0601,-0.104,0.189,-0.305
968380245,0.0371,-0.0020,-1.0615,0.262,0.005,-0.000
968393245,0.0342,-0.0073,-1.0605,-0.104,0.128,-0.061
968406245,0.0342,-0.0039,-1.0649,-0.165,0.005,0.061
968419245,0.0342,-0.0024,-1.0610,-0.043,-0.056,0.061
968432245,0.0327,-0.0029,-1.0635,0.079,-0.117,0.183
968445245,0.0337,-0.0063,-1.0649,0.079,-0.056,0.122
968458245,0.0352,-0.0083,-1.0664,-0.104,0.311,-0.122
968471245,0.0337,-0.0068,-1.0620,-0.104,-0.178,0.061
968484245,0.0312,-0.0059,-1.0625,-0.043,0.189,-0.122
968497245,0.0356,-0.0049,-1.0635,0.140,-0.117,-0.000
968510245,0.0332,-0.0054,-1.0669,-0.104,-0.056,0.061
968523245,0.0337,-0.0073,-1.0605,0.140,-0.239,-0.183
968536245,0.0327,-0.0015,-1.0630,0.079,0.067,0.122
968549245,0.0376,-0.0039,-1.0601,0.018,-0.117,-0.305
968562245,0.0342,-0.0034,-1.0669,0.201,0.005,0.305
968575245,0.0376,-0.0059,-1.0708,-0.104,0.005,0.244
968588245,0.0366,-0.0029,-1.0674,-0.043,0.067,0.061
968601245,0.0317,-0.0015,-1.0625,-0.165,0.067,0.061
968614245,0.0317,-0.0073,-1.0649,-0.043,0.005,-0.122
968627245,0.0352,-0.0034,-1.0605,-0.043,0.189,-0.061
968640245,0.0293,-0.0044,-1.0615,0.018,0.067,0.244
968653245,0.0317,-0.0034,-1.0596,0.018,0.067,-0.000
968666245,0.0347,-0.0054,-1.0630,0.079,0.128,-0.061
968679245,0.0366,-0.0078,-1.0620,-0.226,-0.117,0.061
968692245,0.0366,-0.0034,-1.0635,0.323,0.067,0.061
968705245,0.0391,-0.0029,-1.0610,-0.043,0.067,-0.305
968718245,0.0332,-0.0020,-1.0615,0.140,-0.056,0.061
968731245,0.0308,-0.0068,-1.0601,0.018,0.067,0.122
968744245,0.0298,-0.0034,-1.0610,0.140,-0.117,0.061
968757245,0.0327,-0.0034,-1.0576,0.201,-0.056,0.244
968770245,0.0356,-0.0024,-1.0610,-0.043,0.189,0.122
968783245,0.0352,-0.0044,-1.0630,-0.226,0.005,-0.061
968796245,0.0352,-0.0029,-1.0635,0.018,-0.056,0.122
968809245,0.0337,-0.0063,-1.0649,0.140,0.128,0.183
968822245,0.0342,-0.0010,-1.0649,-0.104,0.311,0.305
968835245,0.0352,-0.0034,-1.0645,-0.104,0.005,-0.061
968848245,0.0342,-0.0034,-1.0635,0.079,0.128,-0.061
968861245,0.0356,-0.0029,-1.0610,-0.043,0.189,-0.061
968874245,0.0332,-0.0015,-1.0693,0.079,0.189,0.183
968887245,0.0337,-0.0059,-1.0576,0.140,-0.056,-0.000
968900245,0.0352,-0.0073,-1.0566,0.079,-0.117,-0.061
968913245,0.0352,-0.0044,-1.0615,0.140,-0.361,-0.000
968926245,0.0352,-0.0063,-1.0645,-0.226,-0.239,-0.122
968939245,0.0347,-0.0034,-1.0596,-0.165,0.189,0.122
968952245,0.0347,-0.0029,-1.0654,0.018,-0.178,-0.061
968965245,0.0371,-0.0054,-1.0615,0.018,0.250,0.061
968978245,0.0312,-0.0068,-1.0610,0.079,-0.239,0.122
968991245,0.0386,-0.0073,-1.0615,-0.165,0.005,-0.061
969004245,0.0342,-0.0063,-1.0591,0.018,-0.117,0.122
969017245,0.0361,-0.0078,-1.0591,0.018,-0.056,-0.000
969030245,0.0366,-0.0039,-1.0664,0.140,0.067,-0.000
969043245,0.0361,-0.0020,-1.0571,0.262,0.067,-0.122
969056245,0.0381,-0.0083,-1.0591,0.140,0.067,-0.183
969069245,0.0356,-0.0059,-1.0625,-0.104,-0.361,0.061
969082245,0.0371,-0.0020,-1.0654,0.140,0.067,0.061
969095245,0.0317,-0.0088,-1.0620,0.201,0.067,-0.122
969108245,0.0347,-0.0044,-1.0586,0.140,0.005,0.183
969121245,0.0371,-0.0039,-1.0576,-0.043,-0.056,0.061
969134245,0.0347,-0.0034,-1.0625,-0.104,-0.117,0.122
969147245,0.0337,-0.0020,-1.0601,0.079,0.005,0.122
969160245,0.0366,-0.0044,-1.0615,0.018,0.189,-0.061
969173245,0.0352,-0.0015,-1.0625,0.079,-0.178,-0.061
969186245,0.0361,-0.0034,-1.0664,0.140,0.005,0.122
969199245,0.0342,-0.0020,-1.0640,0.201,0.189,-0.061
969212245,0.0342,-0.0034,-1.0610,-0.104,-0.178,-0.061
969225245,0.0356,-0.0059,-1.0635,0.079,0.189,0.122
969238245,0.0400,-0.0068,-1.0640,0.079,0.005,-0.061
969251245,0.0342,-0.0034,-1.0586,0.018,-0.117,0.061
969264245,0.0312,-0.0083,-1.0630,0.262,0.067,0.061
969277245,0.0293,-0.0015,-1.0586,0.079,-0.056,0.183
969290245,0.0361,-0.0024,-1.0669,-0.165,-0.056,-0.000
969303245,0.0322,-0.0020,-1.0557,0.018,0.128,-0.000
969316245,0.0356,-0.0020,-1.0610,0.140,-0.056,-0.000
969329245,0.0342,-0.0029,-1.0703,0.079,0.067,-0.000
969342245,0.0298,-0.0054,-1.0562,-0.104,0.067,-0.122
969355245,0.0356,-0.0034,-1.0615,-0.349,-0.117,-0.000
969368245,0.0356,-0.0078,-1.0586,0.079,0.067,-0.000
969381245,0.0337,-0.0020,-1.0557,-0.043,-0.056,-0.122
969394245,0.0371,-0.0039,-1.0708,0.140,0.067,-0.122
969407245,0.0317,-0.0020,-1.0562,0.018,0.189,0.061
969420245,0.0308,-0.0059,-1.0610,-0.349,-0.056,0.061
969433245,0.0312,-0.0078,-1.0620,0.079,0.005,0.122
969446245,0.0342,-0.0073,-1.0596,0.140,0.005,0.122
969459245,0.0371,-0.0039,-1.0625,0.018,-0.117,-0.000
969472245,0.0327,-0.0039,-1.0703,-0.104,0.128,0.183
969485245,0.0347,-0.0034,-1.0605,0.140,-0.117,-0.122
969498245,0.0376,-0.0020,-1.0640,0.018,0.189,0.061
969511245,0.0356,-0.0044,-1.0576,0.018,-0.056,0.244
969524245,0.0342,-0.0054,-1.0562,0.201,0.067,-0.000
969537245,0.0361,-0.0024,-1.0591,0.323,0.067,-0.183
969550245,0.0347,-0.0088,-1.0532,0.262,0.250,0.244
969563245,0.0312,-0.0029,-1.0591,-0.043,0.005,-0.122
969576245,0.0322,-0.0054,-1.0605,-0.043,0.067,-0.061
969589245,0.0356,-0.0049,-1.0576,-0.226,0.128,0.122
969602245,0.0352,-0.0015,-1.0659,-0.104,0.005,-0.061
969615245,0.0303,-0.0039,-1.0635,-0.165,0.067,-0.061
969628245,0.0347,-0.0015,-1.0610,0.018,-0.056,0.061
969641245,0.0361,-0.0005,-1.0659,-0.104,-0.239,-0.000
969654245,0.0381,-0.0020,-1.0640,-0.165,-0.117,0.061
969667245,0.0332,-0.0063,-1.0527,-0.104,0.128,0.122
969680245,0.0342,-0.0059,-1.0566,-0.104,-0.117,-0.244
969693245,0.0396,-0.0039,-1.0605,0.018,-0.056,-0.000
969706245,0.0337,-0.0068,-1.0625,-0.043,-0.056,-0.122
969719245,0.0337,-0.0039,-1.0640,0.018,-0.056,0.122
969732245,0.0352,-0.0034,-1.0630,-0.165,-0.239,-0.061
969745245,0.0381,-0.0068,-1.0635,0.262,0.067,0.244
969758245,0.0337,-0.0039,-1.0601,-0.043,0.189,0.183
969771245,0.0317,-0.0044,-1.0566,0.079,0.189,0.122
969784245,0.0327,-0.0020,-1.0601,0.018,0.067,-0.244
969797245,0.0366,-0.0088,-1.0630,-0.043,-0.300,-0.122
969810245,0.0347,-0.0020,-1.0576,-0.043,0.189,0.061
969823245,0.0356,-0.0024,-1.0596,0.079,0.128,0.122
969836245,0.0366,-0.0054,-1.0645,0.079,0.067,0.122
969849245,0.0366,-0.0020,-1.0605,-0.104,0.128,-0.366
969862245,0.0366,-0.0044,-1.0605,0.079,-0.056,0.061
969875245,0.0361,-0.0024,-1.0645,0.018,0.067,-0.000
969888245,0.0376,-0.0068,-1.0586,0.079,0.005,-0.000
969901245,0.0366,-0.0044,-1.0625,-0.104,0.005,0.122
969914245,0.0371,-0.0034,-1.0635,-0.043,-0.117,-0.061
969927245,0.0356,-0.0078,-1.0605,-0.043,0.067,-0.122
969940245,0.0337,-0.0024,-1.0562,0.079,0.005,-0.122
969953245,0.0322,-0.0024,-1.0630,-0.043,-0.056,0.122
969966245,0.0347,-0.0029,-1.0649,0.201,0.128,0.061
969979245,0.0308,-0.0015,-1.0601,0.018,0.128,-0.061
969992245,0.0371,-0.0015,-1.0562,-0.104,0.128,-0.122
970005245,0.0371,-0.0029,-1.0596,0.201,0.005,-0.000
970018245,0.0308,-0.0024,-1.0605,0.018,0.128,0.061
970031245,0.0332,-0.0034,-1.0649,0.201,0.005,0.061
970044245,0.0356,-0.0059,-1.0718,-0.104,-0.178,0.061
970057245,0.0337,-0.0054,-1.0645,0.018,-0.056,0.061
970070245,0.0371,-0.0049,-1.0547,0.140,-0.117,0.061
970083245,0.0347,-0.0059,-1.0601,0.018,0.005,0.061
970096245,0.0337,-0.0010,-1.0601,0.079,0.128,0.183
970109245,0.0356,-0.0020,-1.0562,-0.043,0.128,0.183
970122245,0.0356,-0.0039,-1.0625,0.201,0.067,-0.061
970135245,0.0322,-0.0054,-1.0601,-0.043,-0.056,0.122
970148245,0.0332,-0.0044,-1.0615,0.018,0.005,-0.061
970161245,0.0322,-0.0044,-1.0615,0.079,0.189,-0.000
970174245,0.0352,-0.0083,-1.0610,0.140,-0.117,-0.061
970187245,0.0366,-0.0029,-1.0649,0.079,0.250,-0.000
970200245,0.0361,-0.0049,-1.0610,0.201,0.005,0.061
970213245,0.0308,-0.0010,-1.0596,0.018,-0.117,0.122
970226245,0.0322,-0.0049,-1.0586,0.018,-0.239,-0.000
970239245,0.0366,-0.0034,-1.0620,-0.104,0.005,0.122
970252245,0.0347,-0.0049,-1.0693,-0.043,0.311,0.061
970265245,0.0366,-0.0063,-1.0620,0.079,0.189,0.061
970278245,0.0312,-0.0020,-1.0601,0.140,-0.056,0.183
970291245,0.0366,-0.0088,-1.0605,0.079,-0.178,-0.000
970304245,0.0356,-0.0039,-1.0591,0.079,-0.056,-0.061
970317245,0.0347,-0.0054,-1.0654,0.140,-0.178,-0.061
970330245,0.0322,-0.0054,-1.0645,0.140,0.128,-0.061
970343245,0.0312,-0.0059,-1.0576,-0.043,-0.117,-0.061
970356245,0.0352,-0.0020,-1.0654,-0.043,-0.056,-0.000
970369245,0.0376,-0.0049,-1.0625,-0.287,-0.117,-0.122
970382245,0.0347,-0.0049,-1.0649,0.018,0.067,0.183
970395245,0.0361,-0.0054,-1.0620,-0.165,0.005,-0.000
970408245,0.0352,-0.0068,-1.0659,0.079,0.189,-0.000
970421245,0.0366,-0.0034,-1.0601,-0.043,-0.117,0.183
970434245,0.0366,-0.0034,-1.0557,0.079,0.128,0.061
970447245,0.0356,-0.0039,-1.0640,0.079,0.067,0.183
970460245,0.0327,-0.0024,-1.0566,0.262,-0.056,-0.244
970473245,0.0386,-0.0054,-1.0605,-0.165,0.005,0.183
970486245,0.0312,-0.0015,-1.0645,-0.043,-0.056,-0.183
970499245,0.0376,-0.0054,-1.0645,0.018,-0.056,-0.122
970512245,0.0352,-0.0020,-1.0586,0.079,0.067,0.122
970525245,0.0327,-0.0034,-1.0581,-0.104,-0.056,0.061
970538245,0.0332,-0.0049,-1.0610,-0.043,0.067,0.183
970551245,0.0352,-0.0054,-1.0645,-0.104,0.128,-0.000
970564245,0.0361,-0.0024,-1.0669,0.323,0.067,0.122
970577245,0.0332,-0.0049,-1.0601,-0.043,-0.056,-0.000
970590245,0.0337,-0.0029,-1.0620,-0.287,-0.117,-0.000
970603245,0.0376,-0.0078,-1.0659,-0.043,-0.117,-0.122
970616245,0.0327,-0.0044,-1.0630,0.079,-0.117,-0.000
970629245,0.0347,-0.0049,-1.0703,-0.104,0.005,-0.000
970642245,0.0303,-0.0034,-1.0449,0.018,-0.178,-0.000
970655245,0.0342,-0.0044,-1.0659,-0.104,0.005,-0.061
970668245,0.0337,-0.0024,-1.0664,0.079,-0.117,-0.061
970681245,0.0361,-0.0063,-1.0703,0.140,0.128,-0.061
970694245,0.0322,-0.0024,-1.0615,0.201,0.128,-0.122
970707245,0.0361,-0.0029,-1.0625,0.140,0.189,-0.000
970720245,0.0342,-0.0054,-1.0640,-0.104,-0.117,-0.061
970733245,0.0347,-0.0044,-1.0605,-0.104,-0.056,0.244
970746245,0.0317,-0.0054,-1.0610,0.018,0.067,0.305
970759245,0.0332,-0.0078,-1.0640,0.201,-0.056,0.122
970772245,0.0317,-0.0049,-1.0591,0.201,0.005,0.122
970785245,0.0322,-0.0044,-1.0645,-0.104,0.067,-0.061
970798245,0.0381,-0.0063,-1.0605,0.079,-0.056,0.061
970811245,0.0337,-0.0034,-1.0610,0.018,-0.178,0.061
970824245,0.0361,-0.0054,-1.0664,-0.165,-0.117,-0.183
970837245,0.0283,-0.0073,-1.0498,0.140,-0.117,0.061
970850245,0.0332,0.0005,-1.0547,-0.287,-0.178,-0.000
970863245,0.0342,-0.0044,-1.0654,0.140,0.005,-0.183
970876245,0.0317,-0.0063,-1.0591,-0.043,0.067,0.061
970889245,0.0337,-0.0078,-1.0630,0.079,-0.117,0.183
970902245,0.0347,-0.0039,-1.0605,0.140,0.005,-0.000
970915245,0.0361,-0.0049,-1.0571,-0.104,0.128,0.061
970928245,0.0366,-0.0044,-1.0610,0.018,-0.239,0.244
970941245,0.0332,-0.0039,-1.0645,0.018,0.128,-0.061
970954245,0.0376,-0.0088,-1.0576,-0.043,-0.117,0.061
970967245,0.0337,-0.0010,-1.0610,-0.104,-0.056,0.122
970980245,0.0312,-0.0020,-1.0635,-0.104,0.128,-0.000
970993245,0.0371,-0.0044,-1.0688,-0.104,0.128,-0.183
971006245,0.0327,-0.0010,-1.0630,-0.043,-0.178,0.244
971019245,0.0327,-0.0073,-1.0620,-0.287,0.189,-0.122
971032245,0.0347,-0.0024,-1.0620,0.079,0.067,-0.000
971045245,0.0381,-0.0039,-1.0615,0.140,0.005,0.122
971058245,0.0347,-0.0010,-1.0576,0.079,-0.117,0.183
971071245,0.0337,-0.0034,-1.0625,0.018,0.189,0.061
971084245,0.0337,-0.0054,-1.0649,0.079,-0.056,0.061
971097245,0.0322,-0.0044,-1.0552,0.079,-0.117,0.244
971110245,0.0361,-0.0044,-1.0684,-0.165,-0.117,0.061
971123245,0.0352,-0.0063,-1.0610,-0.043,0.005,-0.061
971136245,0.0342,0.0005,-1.0610,0.201,0.128,0.061
971149245,0.0342,-0.0054,-1.0688,0.201,0.128,-0.061
971162245,0.0342,-0.0068,-1.0591,-0.165,0.189,-0.000
971175245,0.0371,-0.0049,-1.0591,0.018,0.067,-0.122
971188245,0.0356,-0.0029,-1.0610,0.018,0.067,-0.122
971201245,0.0332,-0.0107,-1.0615,0.140,0.067,0.244
971214245,0.0352,-0.0010,-1.0669,-0.104,0.250,0.244
971227245,0.0352,-0.0059,-1.0576,0.079,0.067,-0.183
971240245,0.0386,-0.0054,-1.0723,0.262,0.311,0.122
971253245,0.0288,-0.0059,-1.0596,0.018,-0.178,-0.061
971266245,0.0352,-0.0054,-1.0640,-0.165,0.005,0.122
971279245,0.0376,-0.0039,-1.0654,0.018,0.250,0.122
971292245,0.0322,-0.0005,-1.0620,-0.043,-0.117,0.183
971305245,0.0342,-0.0029,-1.0537,0.018,0.128,-0.000
971318245,0.0361,-0.0039,-1.0635,-0.043,0.005,0.061
971331245,0.0317,-0.0063,-1.0615,-0.226,0.067,-0.122
971344245,0.0352,-0.0093,-1.0679,-0.043,0.005,-0.061
971357245,0.0356,-0.0039,-1.0688,-0.043,-0.056,0.061
971370245,0.0342,-0.0005,-1.0596,0.140,0.128,-0.000
971383245,0.0356,-0.0063,-1.0571,0.018,0.067,0.244
971396245,0.0371,-0.0049,-1.0664,0.140,0.067,-0.000
971409245,0.0361,-0.0029,-1.0679,0.140,0.250,-0.122
971422245,0.0308,-0.0020,-1.0645,-0.104,0.005,-0.122
971435245,0.0337,-0.0020,-1.0635,-0.043,-0.117,-0.061
971448245,0.0308,-0.0034,-1.0601,0.018,-0.056,0.061
971461245,0.0352,-0.0054,-1.0620,-0.104,-0.239,0.061
971474245,0.0381,-0.0049,-1.0620,-0.043,-0.117,0.061
971487245,0.0332,-0.0005,-1.0615,0.140,0.005,-0.122
971500245,0.0366,-0.0044,-1.0630,0.201,-0.056,0.122
971513245,0.0352,-0.0029,-1.0596,0.140,0.005,-0.061
971526245,0.0337,-0.0049,-1.0522,-0.165,0.005,0.183
971539245,0.0356,-0.0015,-1.0586,-0.165,-0.056,-0.000
971552245,0.0342,-0.0010,-1.0586,0.079,-0.178,0.244
971565245,0.0371,-0.0049,-1.0664,-0.104,0.311,-0.122
971578245,0.0342,-0.0039,-1.0566,0.079,0.128,0.183
971591245,0.0342,-0.0010,-1.0605,-0.104,0.005,-0.061
971604245,0.0371,-0.0054,-1.0615,-0.104,0.128,-0.061
971617245,0.0327,-0.0024,-1.0640,-0.043,0.067,-0.000
971630245,0.0347,-0.0068,-1.0640,0.079,-0.117,0.183
971643245,0.0303,-0.0029,-1.0698,0.201,0.005,-0.061
971656245,0.0371,0.0000,-1.0615,-0.043,0.067,-0.122
971669245,0.0361,-0.0083,-1.0552,-0.043,0.067,-0.061
971682245,0.0352,-0.0029,-1.0713,0.079,0.128,0.305
971695245,0.0342,-0.0039,-1.0596,-0.226,-0.117,-0.183
971708245,0.0356,-0.0073,-1.0688,0.079,-0.178,0.244
971721245,0.0342,-0.0049,-1.0586,0.201,0.189,0.305
971734245,0.0342,-0.0049,-1.0610,-0.043,0.128,0.061
971747245,0.0317,-0.0015,-1.0625,0.018,0.005,-0.061
971760245,0.0381,0.0000,-1.0547,0.018,0.005,-0.061
971773245,0.0352,-0.0010,-1.0601,0.140,0.067,0.122
971786245,0.0356,-0.0039,-1.0581,-0.226,0.005,0.122
971799245,0.0332,-0.0029,-1.0645,-0.043,0.067,-0.183
971812245,0.0327,0.0000,-1.0620,0.140,0.250,-0.000
971825245,0.0332,-0.0024,-1.0645,0.079,0.189,-0.061
971838245,0.0371,-0.0044,-1.0659,-0.043,-0.117,0.122
971851245,0.0347,-0.0059,-1.0610,-0.043,0.005,-0.061
971864245,0.0352,-0.0054,-1.0586,0.201,-0.056,0.061
971877245,0.0327,-0.0059,-1.0620,0.262,0.005,0.061
971890245,0.0342,-0.0015,-1.0630,-0.165,0.128,-0.000
971903245,0.0347,-0.0024,-1.0610,-0.043,0.067,0.122
971916245,0.0327,-0.0044,-1.0615,-0.043,-0.056,-0.183
971929245,0.0352,0.0029,-1.0640,0.018,-0.117,-0.000
971942245,0.0322,-0.0034,-1.0669,0.079,-0.056,-0.061
971955245,0.0386,-0.0063,-1.0596,0.140,-0.117,0.061
971968245,0.0361,-0.0049,-1.0615,0.140,0.189,-0.122
971981245,0.0371,-0.0049,-1.0664,-0.043,0.005,0.122
971994245,0.0352,-0.0020,-1.0718,-0.165,0.005,0.061
972007245,0.0322,-0.0029,-1.0645,0.201,0.128,0.122
972020245,0.0308,-0.0024,-1.0591,0.079,0.067,0.244
972033245,0.0376,-0.0107,-1.0669,0.018,0.005,0.122
972046245,0.0332,-0.0029,-1.0586,-0.104,-0.056,0.183
972059245,0.0337,-0.0068,-1.0630,0.018,0.311,0.122
972072245,0.0337,-0.0010,-1.0669,0.262,0.128,-0.000
972085245,0.0337,-0.0044,-1.0566,-0.104,0.067,0.061
972098245,0.0332,-0.0049,-1.0615,-0.043,0.128,-0.000
972111245,0.0376,-0.0024,-1.0630,-0.043,0.005,0.061
972124245,0.0342,-0.0044,-1.0576,-0.104,-0.056,-0.061
972137245,0.0356,-0.0054,-1.0596,-0.043,0.189,0.122
972150245,0.0327,-0.0044,-1.0605,0.079,-0.300,-0.061
972163245,0.0347,-0.0015,-1.0576,0.018,0.189,0.061
972176245,0.0371,-0.0054,-1.0640,0.018,-0.117,0.122
972189245,0.0376,-0.0044,-1.0625,0.323,0.250,0.122
972202245,0.0361,-0.0078,-1.0625,0.018,-0.056,-0.000
972215245,0.0361,-0.0088,-1.0640,0.018,0.189,0.122
972228245,0.0322,-0.0078,-1.0596,0.018,-0.117,-0.000
972241245,0.0347,-0.0054,-1.0669,-0.043,-0.239,-0.000
972254245,0.0376,-0.0034,-1.0625,-0.287,-0.178,-0.061
972267245,0.0356,-0.0020,-1.0571,0.079,0.128,0.061
972280245,0.0361,-0.0005,-1.0659,-0.043,0.189,0.183
972293245,0.0352,-0.0029,-1.0654,0.079,0.005,-0.000
972306245,0.0303,-0.0005,-1.0601,0.079,0.128,0.244
972319245,0.0347,-0.0083,-1.0649,-0.043,0.067,-0.000
972332245,0.0347,-0.0010,-1.0630,-0.165,0.128,-0.183
972345245,0.0361,-0.0059,-1.0698,0.018,0.005,-0.000
972358245,0.0347,-0.0044,-1.0581,0.018,0.311,0.183
972371245,0.0332,-0.0039,-1.0610,0.079,0.128,0.122
972384245,0.0352,-0.0034,-1.0610,0.018,0.005,-0.000
972397245,0.0322,-0.0034,-1.0649,0.140,0.189,0.122
972410245,0.0342,-0.0039,-1.0562,0.140,0.005,0.061
972423245,0.0356,-0.0054,-1.0654,0.079,0.067,-0.122
972436245,0.0332,-0.0054,-1.0635,-0.043,0.005,-0.000
972449245,0.0352,-0.0054,-1.0547,0.018,0.189,-0.061
972462245,0.0342,-0.0034,-1.0679,-0.104,-0.056,-0.000
972475245,0.0347,-0.0049,-1.0615,0.140,0.067,-0.244
972488245,0.0361,-0.0029,-1.0625,0.140,0.067,-0.000
972501245,0.0342,-0.0054,-1.0625,0.140,0.067,0.183
972514245,0.0352,-0.0049,-1.0645,-0.043,0.189,0.122
972527245,0.0308,-0.0005,-1.0547,0.018,-0.117,0.122
972540245,0.0352,-0.0078,-1.0581,0.018,-0.117,-0.122
972553245,0.0356,-0.0068,-1.0605,0.079,0.067,0.122
972566245,0.0361,-0.0029,-1.0596,-0.165,0.067,0.122
972579245,0.0332,-0.0020,-1.0645,0.018,0.005,-0.061
972592245,0.0366,-0.0034,-1.0654,0.140,0.311,0.122
972605245,0.0366,-0.0029,-1.0625,0.201,0.128,0.122
972618245,0.0337,-0.0039,-1.0620,0.018,0.128,0.122
972631245,0.0356,-0.0034,-1.0586,-0.104,-0.056,-0.061
972644245,0.0371,-0.0039,-1.0596,0.262,-0.056,-0.000
972657245,0.0356,-0.0039,-1.0615,0.018,0.067,-0.122
972670245,0.0356,-0.0044,-1.0659,0.262,-0.117,0.122
972683245,0.0366,-0.0049,-1.0571,-0.043,0.067,0.061
972696245,0.0342,-0.0059,-1.0635,-0.043,-0.300,-0.000
972709245,0.0352,-0.0054,-1.0684,-0.165,0.128,-0.122
972722245,0.0366,-0.0024,-1.0605,-0.043,0.067,0.244
972735245,0.0337,-0.0015,-1.0640,0.201,0.128,0.183
972748245,0.0352,-0.0024,-1.0610,-0.104,0.005,0.061
972761245,0.0342,-0.0034,-1.0620,0.201,0.128,0.183
972774245,0.0337,-0.0039,-1.0649,0.079,-0.117,-0.000
972787245,0.0366,-0.0059,-1.0562,0.018,0.005,-0.000
972800245,0.0317,-0.0044,-1.0615,-0.104,0.067,-0.061
972813245,0.0308,-0.0024,-1.0630,0.079,0.067,0.061
972826245,0.0371,-0.0034,-1.0591,-0.104,0.005,-0.000
972839245,0.0332,-0.0054,-1.0664,0.079,0.128,-0.061
972852245,0.0356,-0.0010,-1.0664,0.018,-0.178,-0.061
972865245,0.0347,-0.0088,-1.0688,-0.043,0.067,-0.061
972878245,0.0303,-0.0054,-1.0601,0.079,0.067,0.305
972891245,0.0371,-0.0015,-1.0630,0.079,0.005,0.183
972904245,0.0356,-0.0039,-1.0630,-0.165,0.250,-0.183
972917245,0.0342,-0.0034,-1.0610,0.262,0.067,0.061
972930245,0.0347,-0.0054,-1.0596,-0.165,-0.178,-0.244
972943245,0.0361,-0.0029,-1.0610,-0.165,0.250,0.122
972956245,0.0356,-0.0015,-1.0610,-0.043,0.005,-0.061
972969245,0.0347,-0.0015,-1.0679,0.018,-0.117,-0.183
972982245,0.0332,-0.0063,-1.0615,-0.287,0.128,-0.000
972995245,0.0327,-0.0044,-1.0586,0.201,0.067,0.122
973008245,0.0386,-0.0068,-1.0649,0.079,0.128,-0.061
973021245,0.0356,-0.0098,-1.0586,0.140,0.189,0.061
973034245,0.0371,-0.0034,-1.0684,-0.104,0.005,0.122
973047245,0.0298,-0.0049,-1.0620,0.201,-0.117,0.061
973060245,0.0347,-0.0059,-1.0659,0.079,0.128,0.122
973073245,0.0332,-0.0044,-1.0615,0.201,0.189,-0.122
973086245,0.0405,-0.0059,-1.0664,0.079,0.128,-0.000
973099245,0.0337,-0.0059,-1.0615,0.079,0.128,-0.000
973112245,0.0342,-0.0024,-1.0518,0.140,0.067,-0.061
973125245,0.0337,-0.0029,-1.0649,-0.043,0.005,0.061
973138245,0.0347,0.0010,-1.0635,0.079,0.067,0.122
973151245,0.0361,-0.0020,-1.0620,0.079,-0.178,0.244
973164245,0.0312,-0.0039,-1.0640,0.018,0.067,-0.000
973177245,0.0327,-0.0054,-1.0654,-0.043,0.189,0.061
973190245,0.0366,-0.0034,-1.0605,-0.043,0.067,-0.000
973203245,0.0361,-0.0029,-1.0605,-0.104,-0.056,-0.000
973216245,0.0366,-0.0024,-1.0610,-0.043,0.005,-0.000
973229245,0.0371,-0.0010,-1.0601,0.262,-0.056,-0.000
973242245,0.0391,-0.0034,-1.0693,-0.043,-0.056,-0.122
973255245,0.0337,-0.0044,-1.0615,0.079,0.128,0.122
973268245,0.0366,-0.0054,-1.0620,-0.043,0.189,0.305
973281245,0.0371,-0.0044,-1.0581,-0.104,0.067,0.061
973294245,0.0327,-0.0044,-1.0566,0.079,0.067,-0.183
973307245,0.0322,-0.0029,-1.0654,0.018,0.005,-0.000
973320245,0.0352,-0.0078,-1.0596,0.018,-0.239,0.244
973333245,0.0381,-0.0059,-1.0605,-0.043,0.128,0.244
973346245,0.0332,-0.0029,-1.0684,-0.226,0.250,0.122
973359245,0.0352,-0.0024,-1.0625,-0.104,0.067,0.305
973372245,0.0352,-0.0078,-1.0527,0.018,0.005,-0.061
973385245,0.0337,-0.0044,-1.0610,0.079,0.067,-0.000
973398245,0.0347,-0.0024,-1.0688,-0.043,0.128,-0.122
973411245,0.0376,-0.0034,-1.0620,0.384,0.005,0.122
973424245,0.0342,-0.0034,-1.0664,0.140,0.005,0.122
973437245,0.0366,-0.0044,-1.0640,0.262,0.067,-0.061
973450245,0.0327,-0.0054,-1.0654,0.140,-0.178,0.122
973463245,0.0347,-0.0059,-1.0615,0.201,0.250,0.122
973476245,0.0352,-0.0039,-1.0610,0.018,-0.178,0.183
973489245,0.0400,-0.0049,-1.0615,0.079,0.005,-0.000
973502245,0.0337,-0.0029,-1.0581,0.079,-0.178,0.183
973515245,0.0381,-0.0049,-1.0635,0.140,-0.056,-0.000
973528245,0.0317,-0.0054,-1.0645,-0.043,0.128,0.244
973541245,0.0361,-0.0039,-1.0635,-0.043,0.005,0.061
973554245,0.0337,-0.0029,-1.0601,0.140,0.189,-0.000
973567245,0.0361,-0.0005,-1.0684,0.018,-0.117,0.122
973580245,0.0352,-0.0054,-1.0601,-0.043,0.128,-0.061
973593245,0.0342,-0.0039,-1.0649,0.018,0.005,0.183
973606245,0.0342,-0.0020,-1.0591,0.079,0.067,0.305
973619245,0.0342,-0.0068,-1.0615,0.079,0.067,0.061
973632245,0.0312,-0.0024,-1.0576,-0.043,0.128,0.061
973645245,0.0371,-0.0029,-1.0566,0.018,0.189,0.183
973658245,0.0327,-0.0059,-1.0586,0.079,-0.056,0.061
973671245,0.0366,-0.0049,-1.0649,0.018,0.005,0.122
973684245,0.0366,-0.0063,-1.0605,0.079,-0.178,0.061
973697245,0.0366,-0.0039,-1.0640,-0.043,-0.056,-0.183
973710245,0.0386,-0.0054,-1.0635,0.323,0.067,-0.000
973723245,0.0356,-0.0039,-1.0562,-0.043,0.189,0.122
973736245,0.0337,-0.0059,-1.0605,0.079,0.005,0.183
973749245,0.0322,-0.0049,-1.0645,-0.043,-0.178,-0.000
973762245,0.0342,-0.0073,-1.0591,0.018,0.005,-0.183
973775245,0.0332,-0.0044,-1.0576,0.018,0.189,-0.122
973788245,0.0352,-0.0015,-1.0562,-0.043,-0.056,0.061
973801245,0.0361,-0.0010,-1.0586,0.079,0.067,0.305
973814245,0.0342,-0.0063,-1.0664,0.079,-0.056,0.122
973827245,0.0347,-0.0063,-1.0610,-0.043,0.189,0.244
973840245,0.0312,-0.0059,-1.0615,-0.043,0.067,-0.061
973853245,0.0332,-0.0024,-1.0610,0.079,0.128,0.122
973866245,0.0347,-0.0044,-1.0581,-0.165,-0.117,-0.000
973879245,0.0347,-0.0063,-1.0596,0.079,-0.178,-0.000
973892245,0.0356,-0.0049,-1.0566,0.079,0.128,0.122
973905245,0.0322,-0.0015,-1.0591,0.140,0.189,0.061
973918245,0.0391,-0.0034,-1.0596,0.140,-0.056,-0.000
973931245,0.0361,-0.0044,-1.0625,-0.104,0.005,-0.000
973944245,0.0347,-0.0034,-1.0537,-0.226,-0.056,-0.061
973957245,0.0347,-0.0034,-1.0601,0.262,0.005,-0.000
973970245,0.0332,-0.0039,-1.0557,0.323,-0.178,-0.000
973983245,0.0342,-0.0044,-1.0669,0.018,0.128,-0.061
973996245,0.0332,-0.0063,-1.0610,-0.287,0.250,-0.000
974009245,0.0337,-0.0049,-1.0586,0.079,-0.056,-0.061
974022245,0.0366,-0.0049,-1.0635,0.079,-0.178,-0.000
974035245,0.0352,-0.0044,-1.0630,-0.043,0.189,0.122
974048245,0.0337,-0.0044,-1.0586,0.018,0.067,0.183
974061245,0.0366,-0.0020,-1.0581,0.018,0.067,-0.061
974074245,0.0317,-0.0059,-1.0586,-0.043,-0.178,0.244
974087245,0.0352,-0.0063,-1.0552,0.201,0.128,0.183
974100245,0.0322,-0.0010,-1.0586,-0.104,0.005,0.122
974113245,0.0356,-0.0054,-1.0640,-0.226,-0.300,-0.061
974126245,0.0342,-0.0044,-1.0605,0.018,0.005,-0.122
974139245,0.0352,-0.0039,-1.0640,-0.104,-0.178,0.122
974152245,0.0356,-0.0068,-1.0645,0.140,0.250,-0.000
974165245,0.0293,-0.0049,-1.0645,0.018,0.067,-0.122
974178245,0.0322,-0.0039,-1.0654,-0.104,0.128,-0.000
974191245,0.0356,-0.0068,-1.0591,0.140,0.005,0.122
974204245,0.0371,-0.0034,-1.0649,0.079,0.067,-0.000
974217245,0.0337,-0.0039,-1.0625,0.384,0.067,-0.000
974230245,0.0352,-0.0054,-1.0605,0.018,0.067,-0.061
974243245,0.0386,-0.0068,-1.0640,-0.104,-0.056,0.061
974256245,0.0361,-0.0063,-1.0610,-0.165,-0.300,-0.122
974269245,0.0366,-0.0034,-1.0503,0.262,-0.056,0.122
974282245,0.0361,-0.0054,-1.0615,-0.043,0.250,-0.183
974295245,0.0371,-0.0049,-1.0669,0.140,-0.117,0.122
974308245,0.0352,-0.0024,-1.0581,0.140,-0.056,-0.000
974321245,0.0347,-0.0024,-1.0610,-0.043,0.067,0.061
974334245,0.0337,-0.0054,-1.0581,-0.104,0.005,-0.122
974347245,0.0366,-0.0059,-1.0664,0.079,-0.056,-0.183
974360245,0.0356,-0.0010,-1.0625,-0.043,-0.056,0.183
974373245,0.0327,-0.0039,-1.0581,0.079,-0.361,-0.122
974386245,0.0317,-0.0044,-1.0640,0.140,-0.178,0.061
974399245,0.0337,-0.0010,-1.0703,0.140,0.311,0.305
974412245,0.0342,-0.0034,-1.0601,0.140,-0.239,-0.000
974425245,0.0312,-0.0049,-1.0601,-0.104,0.067,0.061
974438245,0.0332,-0.0049,-1.0645,0.018,-0.056,0.122
974451245,0.0327,-0.0049,-1.0586,0.079,0.067,-0.000
974464245,0.0317,-0.0034,-1.0620,0.140,0.005,-0.000
974477245,0.0356,-0.0034,-1.0664,-0.043,0.189,-0.061
974490245,0.0381,-0.0049,-1.0654,0.018,-0.117,-0.061
974503245,0.0356,-0.0063,-1.0596,0.140,-0.056,-0.122
974516245,0.0337,-0.0039,-1.0513,0.140,0.311,0.122
974529245,0.0356,-0.0034,-1.0610,0.079,-0.178,0.122
974542245,0.0361,-0.0029,-1.0596,0.018,0.128,0.061
974555245,0.0352,-0.0044,-1.0645,0.140,0.005,-0.000
974568245,0.0342,0.0000,-1.0645,-0.104,0.067,-0.000
974581245,0.0352,-0.0015,-1.0615,0.140,0.128,0.061
974594245,0.0347,-0.0020,-1.0562,0.079,0.189,0.061
974607245,0.0356,-0.0049,-1.0610,0.140,0.005,-0.061
974620245,0.0352,-0.0029,-1.0679,0.262,0.250,-0.000
974633245,0.0312,-0.0034,-1.0576,-0.043,0.067,-0.183
974646245,0.0332,-0.0059,-1.0557,0.018,0.128,-0.244
974659245,0.0332,-0.0015,-1.0625,-0.165,-0.117,-0.000
974672245,0.0337,-0.0034,-1.0635,0.079,-0.117,-0.000
974685245,0.0352,-0.0005,-1.0669,-0.104,-0.178,0.305
974698245,0.0361,-0.0015,-1.0664,0.140,0.067,-0.061
974711245,0.0361,-0.0088,-1.0669,0.140,0.067,-0.061
974724245,0.0376,-0.0063,-1.0615,-0.165,-0.117,0.061
974737245,0.0332,-0.0029,-1.0679,0.201,0.005,-0.000
974750245,0.0366,-0.0078,-1.0635,-0.043,0.067,0.244
974763245,0.0376,-0.0054,-1.0684,0.201,0.005,0.061
974776245,0.0347,-0.0078,-1.0571,0.262,-0.117,-0.000
974789245,0.0327,-0.0088,-1.0649,0.201,0.067,-0.000
974802245,0.0356,-0.0063,-1.0620,0.323,-0.056,0.122
974815245,0.0308,-0.0024,-1.0654,-0.104,-0.056,0.122
974828245,0.0356,-0.0024,-1.0610,-0.043,0.067,-0.000
974841245,0.0332,-0.0068,-1.0625,-0.104,0.005,-0.122
974854245,0.0342,-0.0044,-1.0601,-0.104,0.067,0.122
974867245,0.0356,-0.0015,-1.0654,-0.043,0.128,-0.122
974880245,0.0337,-0.0054,-1.0723,0.140,0.005,-0.000
974893245,0.0332,-0.0063,-1.0610,0.018,-0.178,0.061
974906245,0.0327,-0.0029,-1.0562,0.018,-0.361,-0.000
974919245,0.0337,-0.0029,-1.0591,0.018,0.128,-0.000
974932245,0.0342,-0.0068,-1.0601,0.140,0.128,-0.061
974945245,0.0366,0.0005,-1.0562,0.079,-0.056,0.183
974958245,0.0327,-0.0078,-1.0645,-0.104,0.189,0.122
974971245,0.0366,-0.0039,-1.0610,0.018,-0.117,0.305
974984245,0.0381,0.0005,-1.0674,0.079,0.189,-0.061
974997245,0.0391,-0.0020,-1.0713,-0.104,0.128,-0.061
975010245,0.0322,-0.0054,-1.0562,0.018,-0.056,-0.122
975023245,0.0361,-0.0034,-1.0615,0.018,0.189,-0.000
975036245,0.0356,-0.0063,-1.0625,0.018,0.005,0.305
975049245,0.0347,-0.0044,-1.0601,0.079,0.189,0.061
975062245,0.0337,-0.0049,-1.0605,0.079,0.128,-0.122
975075245,0.0356,-0.0059,-1.0630,0.018,-0.422,-0.000
975088245,0.0356,-0.0044,-1.0635,0.018,-0.056,-0.122
975101245,0.0366,-0.0054,-1.0591,-0.104,0.128,-0.183
975114245,0.0312,-0.0083,-1.0654,0.018,-0.117,-0.061
975127245,0.0391,-0.0044,-1.0659,0.079,-0.056,-0.000
975140245,0.0322,-0.0044,-1.0640,-0.043,0.189,-0.061
975153245,0.0391,-0.0015,-1.0659,0.079,-0.056,-0.000
975166245,0.0337,-0.0059,-1.0596,-0.043,0.005,0.061
975179245,0.0347,-0.0005,-1.0605,-0.165,0.250,0.061
975192245,0.0352,-0.0024,-1.0605,-0.226,-0.117,0.122
975205245,0.0361,-0.0039,-1.0601,-0.349,-0.178,-0.061
975218245,0.0327,-0.0034,-1.0669,0.018,0.005,0.183
975231245,0.0347,-0.0039,-1.0669,0.018,0.189,-0.183
975244245,0.0347,-0.0015,-1.0728,0.079,-0.239,-0.000
975257245,0.0381,-0.0039,-1.0615,0.079,-0.239,0.061
975270245,0.0332,-0.0044,-1.0625,0.079,-0.117,-0.061
975283245,0.0381,-0.0049,-1.0547,0.140,-0.117,-0.000
975296245,0.0366,-0.0039,-1.0684,0.018,-0.056,0.061
975309245,0.0317,-0.0034,-1.0605,0.079,0.005,0.183
975322245,0.0317,-0.0020,-1.0566,-0.165,-0.056,-0.244
975335245,0.0317,-0.0054,-1.0547,0.201,0.250,0.122
975348245,0.0376,-0.0059,-1.0703,-0.043,0.067,0.244
975361245,0.0337,-0.0059,-1.0659,0.262,-0.056,-0.000
975374245,0.0317,-0.0039,-1.0596,-0.104,0.067,-0.000
975387245,0.0332,-0.0059,-1.0601,0.018,-0.117,0.305
975400245,0.0332,-0.0024,-1.0649,-0.104,-0.239,-0.122
975413245,0.0352,0.0000,-1.0537,0.079,0.067,-0.000
975426245,0.0356,-0.0005,-1.0674,0.323,-0.056,-0.061
975439245,0.0322,-0.0005,-1.0620,0.079,0.005,0.244
975452245,0.0322,-0.0005,-1.0591,0.201,0.067,-0.061
975465245,0.0337,-0.0029,-1.0596,0.201,0.005,-0.122
975478245,0.0352,-0.0054,-1.0674,0.018,0.005,0.122
975491245,0.0332,-0.0039,-1.0586,-0.104,0.128,0.061
975504245,0.0293,-0.0078,-1.0562,0.079,-0.239,0.061
975517245,0.0308,-0.0063,-1.0591,0.018,0.189,0.061
975530245,0.0376,-0.0044,-1.0615,0.140,0.067,0.061
975543245,0.0361,-0.0049,-1.0596,0.079,0.067,0.061
975556245,0.0337,-0.0054,-1.0566,0.018,0.005,-0.183
975569245,0.0308,-0.0078,-1.0649,0.018,0.067,0.122
975582245,0.0322,-0.0044,-1.0591,0.079,-0.117,-0.061
975595245,0.0312,-0.0078,-1.0552,0.018,-0.178,-0.061
975608245,0.0381,-0.0015,-1.0605,0.140,0.005,-0.122
975621245,0.0312,-0.0020,-1.0649,-0.104,0.005,-0.305
975634245,0.0337,-0.0015,-1.0630,0.018,0.189,-0.000
975647245,0.0361,-0.0020,-1.0615,0.018,-0.056,-0.183
975660245,0.0293,-0.0044,-1.0610,0.018,0.067,0.122
975673245,0.0366,-0.0015,-1.0610,0.201,0.005,0.061
975686245,0.0327,-0.0059,-1.0625,0.079,0.128,0.122
975699245,0.0356,-0.0083,-1.0620,-0.104,0.005,0.061
975712245,0.0332,-0.0034,-1.0547,0.262,-0.056,-0.000
975725245,0.0342,-0.0054,-1.0537,0.018,-0.056,-0.000
975738245,0.0361,-0.0049,-1.0674,0.018,0.005,0.122
975751245,0.0342,-0.0073,-1.0669,0.079,0.311,0.183
975764245,0.0352,-0.0020,-1.0576,0.079,-0.117,0.061
975777245,0.0327,-0.0049,-1.0605,-0.165,0.128,0.183
975790245,0.0352,-0.0054,-1.0630,-0.104,-0.056,-0.244
975803245,0.0356,-0.0039,-1.0669,0.140,-0.117,-0.122
975816245,0.0337,-0.0039,-1.0591,-0.104,-0.056,-0.061
975829245,0.0366,-0.0044,-1.0571,-0.104,0.067,-0.122
975842245,0.0356,-0.0015,-1.0659,0.201,0.128,0.122
975855245,0.0337,-0.0078,-1.0659,-0.043,0.005,0.305
975868245,0.0386,-0.0049,-1.0679,-0.104,0.128,0.061
975881245,0.0337,-0.0034,-1.0586,0.323,0.067,-0.183
975894245,0.0332,-0.0044,-1.0645,0.079,-0.056,0.244
975907245,0.0332,-0.0029,-1.0620,0.140,-0.056,0.183
975920245,0.0366,-0.0015,-1.0640,0.018,0.250,-0.061
975933245,0.0322,-0.0024,-1.0620,-0.043,-0.117,0.244
975946245,0.0352,-0.0020,-1.0566,0.140,-0.056,-0.244
975959245,0.0322,-0.0059,-1.0630,-0.165,0.250,0.305
975972245,0.0356,-0.0020,-1.0615,-0.043,0.189,0.183
975985245,0.0317,-0.0029,-1.0576,0.079,0.067,-0.122
975998245,0.0337,-0.0059,-1.0645,-0.043,0.189,-0.000
976011245,0.0342,-0.0039,-1.0674,-0.165,0.067,0.061
976024245,0.0347,-0.0024,-1.0630,-0.165,-0.422,0.183
976037245,0.0327,-0.0054,-1.0591,-0.043,-0.117,0.061
976050245,0.0381,-0.0059,-1.0610,0.201,0.189,-0.000
976063245,0.0327,-0.0034,-1.0566,0.018,0.067,0.122
976076245,0.0288,-0.0039,-1.0601,-0.104,-0.056,-0.000
976089245,0.0327,-0.0044,-1.0679,0.018,0.005,-0.122
976102245,0.0361,-0.0068,-1.0635,0.140,0.067,0.122
976115245,0.0381,-0.0034,-1.0576,0.262,-0.056,-0.000
976128245,0.0376,-0.0044,-1.0571,-0.104,0.067,0.122
976141245,0.0332,-0.0015,-1.0615,-0.043,0.128,0.305
976154245,0.0352,-0.0059,-1.0615,0.018,0.250,-0.061
976167245,0.0312,-0.0034,-1.0625,-0.104,-0.300,-0.000
976180245,0.0347,-0.0039,-1.0601,0.140,0.311,-0.061
976193245,0.0312,-0.0049,-1.0664,0.079,0.005,0.061
976206245,0.0347,-0.0034,-1.0649,-0.043,-0.117,0.061
976219245,0.0337,-0.0068,-1.0581,-0.043,0.005,-0.000
976232245,0.0361,-0.0005,-1.0586,-0.104,-0.056,0.122
976245245,0.0312,-0.0029,-1.0630,0.201,-0.239,0.122
976258245,0.0342,-0.0073,-1.0547,0.018,0.189,0.183
976271245,0.0366,-0.0039,-1.0601,0.201,-0.056,-0.183
976284245,0.0356,-0.0059,-1.0601,-0.226,0.250,-0.122
976297245,0.0376,-0.0010,-1.0693,-0.104,-0.056,0.061
976310245,0.0317,-0.0059,-1.0640,0.140,0.005,0.244
976323245,0.0332,-0.0044,-1.0674,0.201,0.128,-0.183
976336245,0.0356,0.0010,-1.0620,0.018,0.189,-0.122
976349245,0.0366,-0.0054,-1.0625,0.140,0.250,0.061
976362245,0.0352,-0.0073,-1.0605,-0.226,-0.056,0.061
976375245,0.0361,-0.0024,-1.0679,0.140,0.005,0.122
976388245,0.0386,-0.0063,-1.0625,0.079,-0.056,0.061
976401245,0.0352,-0.0034,-1.0615,-0.165,0.067,-0.000
976414245,0.0361,-0.0024,-1.0586,0.140,-0.056,0.061
976427245,0.0293,-0.0010,-1.0620,-0.043,-0.178,-0.122
976440245,0.0332,-0.0044,-1.0742,0.140,-0.117,0.183
976453245,0.0312,-0.0029,-1.0645,0.262,0.005,0.183
976466245,0.0356,-0.0049,-1.0610,0.079,0.189,0.366
976479245,0.0332,-0.0039,-1.0640,0.262,-0.178,0.244
976492245,0.0332,-0.0015,-1.0620,0.079,0.128,-0.061
976505245,0.0361,-0.0034,-1.0620,-0.104,0.128,-0.061
976518245,0.0391,-0.0044,-1.0625,0.018,-0.178,-0.122
976531245,0.0312,-0.0024,-1.0591,0.079,0.067,-0.122
976544245,0.0312,-0.0039,-1.0630,-0.043,-0.056,0.122
976557245,0.0327,-0.0039,-1.0693,0.140,0.189,0.183
976570245,0.0337,-0.0015,-1.0581,0.018,0.128,0.061
976583245,0.0337,-0.0078,-1.0610,0.079,-0.239,0.061
976596245,0.0366,-0.0054,-1.0605,0.018,0.067,-0.000
976609245,0.0322,-0.0044,-1.0640,0.079,-0.056,-0.000
976622245,0.0361,-0.0039,-1.0620,-0.104,0.189,-0.061
976635245,0.0361,-0.0005,-1.0654,-0.104,0.067,-0.061
976648245,0.0356,-0.0054,-1.0654,0.140,-0.056,0.061
976661245,0.0342,-0.0029,-1.0596,-0.104,0.005,0.244
976674245,0.0327,-0.0024,-1.0664,0.201,-0.056,0.244
976687245,0.0312,-0.0054,-1.0581,0.018,0.067,-0.122
976700245,0.0283,-0.0059,-1.0601,0.018,0.005,0.122
976713245,0.0337,-0.0039,-1.0576,0.018,0.005,0.122
976726245,0.0356,-0.0010,-1.0581,-0.104,-0.117,0.122
976739245,0.0371,-0.0063,-1.0664,-0.104,-0.178,0.061
976752245,0.0337,-0.0054,-1.0659,0.079,0.128,-0.061
976765245,0.0322,-0.0088,-1.0640,0.201,0.128,-0.061
976778245,0.0317,-0.0044,-1.0571,-0.043,-0.056,0.122
976791245,0.0322,-0.0029,-1.0654,-0.043,0.005,-0.122
976804245,0.0381,-0.0034,-1.0586,-0.043,-0.056,0.061
976817245,0.0361,-0.0039,-1.0620,0.201,-0.239,-0.061
976830245,0.0352,-0.0073,-1.0586,0.201,0.189,-0.183
976843245,0.0347,0.0000,-1.0630,0.018,-0.056,-0.000
976856245,0.0332,-0.0044,-1.0601,0.140,0.005,-0.122
976869245,0.0322,-0.0039,-1.0571,0.018,0.189,-0.000
976882245,0.0337,-0.0044,-1.0576,0.018,0.189,-0.000
976895245,0.0381,-0.0078,-1.0576,0.018,-0.239,0.122
976908245,0.0342,-0.0039,-1.0610,0.018,0.189,-0.122
976921245,0.0298,-0.0044,-1.0586,-0.043,0.128,0.061
976934245,0.0337,-0.0005,-1.0586,0.140,-0.117,0.183
976947245,0.0366,-0.0049,-1.0674,-0.104,0.067,-0.122
976960245,0.0366,-0.0049,-1.0654,0.140,0.067,0.183
976973245,0.0337,-0.0059,-1.0635,-0.104,0.128,0.122
976986245,0.0361,-0.0024,-1.0669,-0.043,0.189,-0.122
976999245,0.0366,-0.0044,-1.0620,0.018,0.005,0.305
977012245,0.0361,-0.0029,-1.0601,0.079,0.128,0.061
977025245,0.0347,-0.0073,-1.0742,0.018,-0.117,0.122
977038245,0.0356,-0.0088,-1.0708,-0.043,0.250,-0.000
977051245,0.0361,-0.0024,-1.0679,0.018,-0.178,0.122
977064245,0.0317,-0.0044,-1.0576,-0.104,0.189,0.061
977077245,0.0312,-0.0078,-1.0610,0.201,0.067,-0.122
977090245,0.0332,-0.0044,-1.0601,-0.043,0.128,0.061
977103245,0.0347,-0.0029,-1.0601,0.140,-0.117,0.244
977116245,0.0308,-0.0005,-1.0659,0.079,0.128,0.305
977129245,0.0347,-0.0039,-1.0659,0.323,-0.056,-0.061
977142245,0.0386,-0.0044,-1.0635,0.079,0.005,0.122
977155245,0.0352,-0.0020,-1.0625,-0.104,0.067,-0.061
977168245,0.0327,-0.0029,-1.0586,0.079,0.067,0.061
977181245,0.0327,-0.0054,-1.0640,-0.043,-0.056,0.366
977194245,0.0361,-0.0044,-1.0586,-0.104,0.067,0.122
977207245,0.0317,-0.0044,-1.0552,0.018,0.067,-0.061
977220245,0.0371,-0.0083,-1.0659,0.018,-0.178,0.061
977233245,0.0298,-0.0054,-1.0640,0.079,-0.117,-0.183
977246245,0.0337,-0.0063,-1.0601,-0.043,-0.056,0.061
977259245,0.0337,-0.0049,-1.0630,0.201,-0.056,-0.061
977272245,0.0352,-0.0010,-1.0615,0.140,0.005,0.366
977285245,0.0352,-0.0029,-1.0645,-0.287,-0.300,0.244
977298245,0.0298,-0.0059,-1.0786,-0.043,-0.361,0.183
977311245,0.0337,-0.0083,-1.0625,0.445,-0.117,-0.122
977324245,0.0391,-0.0054,-1.0723,0.140,0.128,0.061
977337245,0.0342,0.0020,-1.0591,0.201,-0.056,0.183
977350245,0.0376,-0.0054,-1.0601,-0.349,0.128,-0.061
977363245,0.0356,-0.0059,-1.0645,0.140,0.128,0.122
977376245,0.0293,-0.0020,-1.0571,-0.104,0.128,0.122
977389245,0.0352,-0.0073,-1.0659,0.140,0.005,0.122
977402245,0.0342,-0.0049,-1.0630,0.201,-0.056,-0.061
977415245,0.0312,-0.0039,-1.0601,-0.165,0.128,-0.183
977428245,0.0332,-0.0059,-1.0562,0.079,-0.178,-0.000
977441245,0.0352,-0.0044,-1.0547,-0.104,0.067,-0.122
977454245,0.0308,-0.0044,-1.0649,-0.043,0.067,0.122
977467245,0.0332,-0.0068,-1.0605,0.079,-0.117,0.244
977480245,0.0352,-0.0034,-1.0571,0.079,0.005,-0.061
977493245,0.0356,-0.0015,-1.0547,-0.043,-0.056,-0.122
977506245,0.0337,-0.0073,-1.0620,-0.043,-0.056,-0.000
977519245,0.0356,-0.0034,-1.0669,-0.043,0.005,0.122
977532245,0.0332,-0.0044,-1.0615,-0.043,-0.178,-0.061
977545245,0.0337,-0.0034,-1.0591,-0.165,0.067,0.366
977558245,0.0352,-0.0029,-1.0610,0.201,0.250,-0.000
977571245,0.0312,-0.0039,-1.0674,0.201,0.005,-0.000
977584245,0.0327,-0.0020,-1.0669,0.201,0.067,0.122
977597245,0.0312,-0.0020,-1.0576,0.262,0.005,-0.061
977610245,0.0342,-0.0059,-1.0684,-0.104,0.067,0.244
977623245,0.0376,-0.0029,-1.0630,-0.226,-0.056,0.061
977636245,0.0327,-0.0024,-1.0630,-0.104,-0.056,-0.183
977649245,0.0352,-0.0029,-1.0645,0.079,-0.117,-0.000
977662245,0.0371,-0.0044,-1.0596,0.323,0.189,0.183
977675245,0.0337,-0.0098,-1.0527,0.140,0.250,0.122
977688245,0.0342,-0.0049,-1.0664,0.262,0.005,0.122
977701245,0.0342,-0.0049,-1.0557,0.140,-0.056,-0.061
977714245,0.0322,-0.0078,-1.0596,-0.226,-0.056,-0.000
977727245,0.0337,-0.0024,-1.0649,0.140,0.005,-0.061
977740245,0.0332,-0.0020,-1.0610,0.079,-0.056,-0.061
977753245,0.0356,-0.0054,-1.0664,-0.104,-0.117,-0.000
977766245,0.0337,-0.0034,-1.0610,0.079,0.067,0.122
977779245,0.0361,-0.0068,-1.0659,-0.226,0.128,0.183
977792245,0.0347,-0.0029,-1.0630,0.201,0.250,0.244
977805245,0.0361,-0.0073,-1.0562,0.018,0.067,0.122
977818245,0.0332,-0.0034,-1.0566,-0.043,0.005,-0.122
977831245,0.0322,-0.0059,-1.0635,0.018,0.311,0.183
977844245,0.0347,-0.0039,-1.0605,0.018,0.189,-0.061
977857245,0.0317,-0.0024,-1.0562,-0.043,-0.117,0.122
977870245,0.0347,-0.0063,-1.0645,0.079,0.189,-0.122
977883245,0.0342,-0.0034,-1.0620,0.140,-0.056,-0.061
977896245,0.0337,-0.0010,-1.0601,0.262,0.189,0.244
977909245,0.0332,-0.0039,-1.0596,-0.043,-0.178,-0.122
977922245,0.0381,-0.0005,-1.0669,-0.043,0.189,-0.183
977935245,0.0361,-0.0020,-1.0630,0.018,0.005,0.061
977948245,0.0391,-0.0039,-1.0610,0.262,0.189,0.122
977961245,0.0332,-0.0029,-1.0601,-0.104,0.189,-0.000
977974245,0.0352,-0.0049,-1.0664,-0.043,0.128,-0.183
977987245,0.0327,-0.0054,-1.0605,0.079,-0.117,0.122
978000245,0.0308,-0.0073,-1.0596,0.018,0.067,-0.000
978013245,0.0361,-0.0054,-1.0591,-0.043,0.189,0.183
978026245,0.0337,-0.0054,-1.0679,-0.165,0.128,-0.000
978039245,0.0327,-0.0020,-1.0518,-0.104,0.189,-0.000
978052245,0.0332,-0.0010,-1.0576,-0.287,0.005,0.305
978065245,0.0352,-0.0034,-1.0791,0.079,-0.056,-0.000
978078245,0.0312,-0.0034,-1.0430,0.079,0.189,0.061
978091245,0.0386,-0.0073,-1.0610,0.079,0.128,-0.061
978104245,0.0303,-0.0020,-1.0610,0.323,-0.239,-0.061
978117245,0.0312,-0.0049,-1.0571,-0.104,0.250,0.183
978130245,0.0356,-0.0078,-1.0698,-0.043,0.189,0.061
978143245,0.0317,-0.0034,-1.0630,0.140,0.189,-0.122
978156245,0.0371,-0.0059,-1.0601,-0.226,0.128,0.122
978169245,0.0352,-0.0093,-1.0649,0.018,-0.117,0.244
978182245,0.0352,-0.0034,-1.0659,0.140,0.250,-0.122
978195245,0.0337,-0.0020,-1.0630,0.262,0.067,-0.000
978208245,0.0303,-0.0034,-1.0669,0.079,-0.056,-0.183
978221245,0.0352,-0.0049,-1.0625,0.079,-0.117,-0.061
978234245,0.0361,-0.0039,-1.0654,-0.043,0.005,-0.061
978247245,0.0337,-0.0024,-1.0659,-0.043,-0.056,0.122
978260245,0.0337,-0.0039,-1.0591,0.018,-0.178,0.305
978273245,0.0347,-0.0029,-1.0664,0.201,-0.178,-0.122
978286245,0.0312,-0.0024,-1.0605,-0.104,-0.178,-0.061
978299245,0.0347,-0.0039,-1.0532,0.018,0.128,-0.000
978312245,0.0376,-0.0024,-1.0591,-0.043,-0.056,-0.000
978325245,0.0396,0.0000,-1.0649,0.018,0.005,-0.000
978338245,0.0386,-0.0010,-1.0649,0.140,0.005,-0.061
978351245,0.0347,-0.0039,-1.0610,-0.104,0.128,0.061
978364245,0.0322,-0.0024,-1.0601,-0.104,0.067,0.122
978377245,0.0327,-0.0039,-1.0605,0.079,0.005,-0.244
978390245,0.0332,-0.0073,-1.0664,-0.104,-0.117,0.122
978403245,0.0361,-0.0059,-1.0708,-0.043,0.067,0.183
978416245,0.0361,-0.0029,-1.0615,-0.104,0.128,-0.000
978429245,0.0337,-0.0078,-1.0547,0.201,0.005,-0.183
978442245,0.0337,-0.0034,-1.0630,0.140,0.189,0.122
978455245,0.0332,-0.0054,-1.0645,0.201,0.005,-0.122
978468245,0.0352,-0.0039,-1.0586,-0.104,-0.422,0.061
978481245,0.0356,-0.0039,-1.0630,0.079,0.067,-0.000
978494245,0.0327,-0.0024,-1.0586,-0.104,0.005,-0.122
978507245,0.0356,-0.0044,-1.0625,-0.043,0.067,0.061
978520245,0.0317,-0.0039,-1.0601,0.018,0.067,0.244
978533245,0.0347,-0.0054,-1.0649,0.018,-0.178,-0.000
978546245,0.0381,-0.0034,-1.0640,-0.165,0.128,-0.000
978559245,0.0322,-0.0020,-1.0640,0.201,-0.056,0.122
978572245,0.0356,-0.0073,-1.0649,-0.104,0.128,0.122
978585245,0.0366,-0.0020,-1.0518,-0.165,-0.056,0.244
978598245,0.0332,-0.0034,-1.0732,0.140,0.128,-0.061
978611245,0.0322,-0.0068,-1.0688,0.018,0.005,-0.000
978624245,0.0356,-0.0054,-1.0522,0.140,0.128,0.061
978637245,0.0371,-0.0068,-1.0718,0.018,0.067,-0.183
978650245,0.0361,-0.0005,-1.0581,0.140,0.128,-0.000
978663245,0.0361,-0.0039,-1.0630,0.018,-0.117,0.061
978676245,0.0347,-0.0068,-1.0615,-0.104,0.311,-0.000
978689245,0.0366,-0.0039,-1.0635,0.018,0.005,-0.122
978702245,0.0347,-0.0044,-1.0605,-0.165,0.128,0.183
978715245,0.0332,-0.0029,-1.0669,0.079,0.250,0.061
978728245,0.0356,-0.0034,-1.0591,-0.104,0.128,0.244
978741245,0.0356,-0.0098,-1.0654,0.079,-0.056,-0.061
978754245,0.0337,-0.0039,-1.0649,-0.043,0.067,0.061
978767245,0.0376,-0.0054,-1.0679,0.079,0.128,-0.000
978780245,0.0352,-0.0039,-1.0527,-0.104,0.128,-0.061
978793245,0.0356,-0.0054,-1.0566,0.140,0.128,0.122
978806245,0.0317,-0.0063,-1.0596,0.018,-0.300,0.061
978819245,0.0376,-0.0039,-1.0601,-0.104,0.005,0.183
978832245,0.0347,-0.0049,-1.0596,0.018,-0.117,-0.061
978845245,0.0342,-0.0010,-1.0601,0.018,0.189,0.244
978858245,0.0361,-0.0078,-1.0591,0.018,-0.117,0.061
978871245,0.0342,-0.0088,-1.0669,0.140,0.189,0.061
978884245,0.0356,-0.0039,-1.0615,-0.104,-0.178,-0.122
978897245,0.0347,-0.0059,-1.0625,-0.104,-0.117,0.122
978910245,0.0342,-0.0029,-1.0557,0.018,0.005,0.183
978923245,0.0342,-0.0034,-1.0620,0.262,-0.056,0.122
978936245,0.0356,-0.0044,-1.0605,0.262,0.128,-0.122
978949245,0.0342,-0.0029,-1.0630,-0.165,-0.117,-0.244
978962245,0.0332,-0.0034,-1.0591,0.140,0.311,-0.183
978975245,0.0337,-0.0015,-1.0645,0.018,0.128,0.244
978988245,0.0356,-0.0049,-1.0586,-0.043,0.250,0.183
979001245,0.0332,-0.0049,-1.0615,-0.043,0.128,-0.000
979014245,0.0327,-0.0063,-1.0596,0.079,0.005,-0.000
979027245,0.0342,-0.0044,-1.0591,-0.043,-0.117,-0.122
979040245,0.0322,-0.0029,-1.0684,-0.165,0.128,0.061
979053245,0.0312,-0.0039,-1.0640,-0.043,-0.056,-0.122
979066245,0.0352,-0.0034,-1.0591,0.201,0.005,-0.061
979079245,0.0293,0.0000,-1.0625,-0.043,-0.056,0.122
979092245,0.0347,-0.0034,-1.0562,0.018,-0.117,0.183
979105245,0.0361,0.0000,-1.0537,0.018,0.128,-0.061
979118245,0.0317,-0.0015,-1.0615,0.201,-0.117,-0.122
979131245,0.0308,-0.0049,-1.0640,0.201,0.189,-0.183
979144245,0.0361,-0.0049,-1.0640,-0.043,-0.117,0.122
979157245,0.0347,-0.0063,-1.0649,-0.165,0.067,-0.000
979170245,0.0342,-0.0073,-1.0601,-0.043,0.189,0.061
979183245,0.0308,-0.0068,-1.0640,0.079,-0.178,-0.122
979196245,0.0332,-0.0049,-1.0586,0.323,-0.117,0.244
979209245,0.0298,-0.0010,-1.0649,-0.165,0.067,-0.061
979222245,0.0322,-0.0034,-1.0596,0.079,0.005,-0.122
979235245,0.0337,-0.0068,-1.0601,-0.043,0.005,0.183
979248245,0.0361,-0.0073,-1.0625,-0.043,0.005,0.061
979261245,0.0366,-0.0073,-1.0625,0.079,0.005,0.061
979274245,0.0356,-0.0020,-1.0571,0.079,-0.056,0.061
979287245,0.0327,-0.0039,-1.0537,-0.165,0.067,-0.000
979300245,0.0366,-0.0029,-1.0781,0.201,0.128,0.061
979313245,0.0371,-0.0034,-1.0508,-0.043,-0.117,-0.000
979326245,0.0356,-0.0078,-1.0664,0.018,0.067,-0.061
979339245,0.0322,-0.0034,-1.0625,-0.104,-0.117,-0.061
979352245,0.0293,-0.0049,-1.0654,0.140,0.067,-0.000
979365245,0.0352,0.0005,-1.0635,0.201,0.128,-0.122
979378245,0.0342,-0.0015,-1.0625,-0.104,-0.056,-0.000
979391245,0.0352,-0.0020,-1.0576,-0.043,0.128,-0.061
979404245,0.0308,0.0005,-1.0625,0.079,-0.056,0.183
979417245,0.0337,-0.0059,-1.0566,-0.043,-0.056,0.183
979430245,0.0361,-0.0039,-1.0649,0.079,0.005,-0.000
979443245,0.0342,-0.0088,-1.0571,0.018,0.128,-0.000
979456245,0.0317,-0.0039,-1.0654,0.079,-0.117,0.183
979469245,0.0312,0.0000,-1.0640,0.140,-0.056,-0.122
979482245,0.0342,-0.0049,-1.0654,0.079,0.067,0.305
979495245,0.0337,-0.0034,-1.0601,0.018,-0.056,0.061
979508245,0.0361,-0.0039,-1.0596,0.262,-0.056,-0.061
979521245,0.0366,-0.0039,-1.0630,0.140,0.250,0.305
979534245,0.0371,-0.0068,-1.0630,0.018,-0.117,0.244
979547245,0.0342,-0.0049,-1.0659,0.018,0.189,0.061
979560245,0.0327,-0.0049,-1.0610,0.079,-0.117,0.061
979573245,0.0327,-0.0015,-1.0562,0.079,0.005,-0.000
979586245,0.0322,-0.0059,-1.0645,-0.104,0.005,0.122
979599245,0.0332,-0.0024,-1.0640,0.140,0.005,0.122
979612245,0.0337,-0.0039,-1.0654,0.201,-0.178,0.122
979625245,0.0371,-0.0044,-1.0615,0.201,0.067,-0.000
979638245,0.0366,-0.0054,-1.0586,0.201,0.128,0.183
979651245,0.0327,-0.0029,-1.0679,0.018,0.005,0.122
979664245,0.0352,-0.0068,-1.0586,-0.104,-0.117,-0.061
979677245,0.0327,-0.0078,-1.0649,-0.165,0.128,0.061
979690245,0.0298,-0.0029,-1.0664,0.018,-0.178,0.183
979703245,0.0342,-0.0059,-1.0630,0.140,-0.056,-0.183
979716245,0.0352,-0.0068,-1.0640,-0.104,-0.117,-0.000
979729245,0.0366,-0.0054,-1.0640,0.140,0.005,0.122
979742245,0.0342,-0.0029,-1.0620,0.140,0.067,-0.000
979755245,0.0366,-0.0049,-1.0586,0.079,0.067,-0.000
979768245,0.0356,-0.0015,-1.0640,0.140,0.067,-0.061
979781245,0.0337,-0.0039,-1.0552,-0.043,-0.056,0.183
979794245,0.0303,-0.0034,-1.0654,-0.104,-0.117,0.122
979807245,0.0327,-0.0063,-1.0693,0.140,-0.239,-0.000
979820245,0.0361,-0.0015,-1.0581,0.079,0.005,0.244
979833245,0.0352,-0.0054,-1.0659,-0.043,0.067,-0.000
979846245,0.0283,-0.0039,-1.0610,0.201,0.250,-0.000
979859245,0.0347,-0.0034,-1.0601,-0.043,0.067,-0.061
979872245,0.0303,-0.0083,-1.0659,0.262,0.067,0.244
979885245,0.0327,-0.0054,-1.0581,-0.104,-0.178,-0.061
979898245,0.0361,-0.0059,-1.0596,0.079,0.189,-0.061
979911245,0.0366,-0.0010,-1.0591,0.079,0.005,-0.000
979924245,0.0352,-0.0059,-1.0605,0.079,0.128,0.244
979937245,0.0356,-0.0059,-1.0640,0.079,0.005,-0.061
979950245,0.0400,-0.0039,-1.0669,0.201,0.189,-0.061
979963245,0.0293,-0.0063,-1.0630,-0.104,0.067,-0.183
979976245,0.0342,-0.0029,-1.0615,0.018,0.005,-0.061
979989245,0.0317,-0.0059,-1.0571,0.140,0.128,0.061
980002245,0.0327,-0.0073,-1.0605,0.018,-0.117,-0.000
980015245,0.0327,-0.0044,-1.0610,-0.287,0.189,-0.244
980028245,0.0308,-0.0073,-1.0581,0.201,-0.117,0.122
980041245,0.0361,0.0015,-1.0669,0.140,0.005,-0.122
980054245,0.0376,-0.0059,-1.0625,0.018,0.067,-0.000
980067245,0.0342,-0.0029,-1.0610,-0.226,-0.178,0.122
980080245,0.0342,-0.0029,-1.0615,0.140,0.005,0.061
980093245,0.0342,-0.0015,-1.0630,0.140,0.005,-0.000
980106245,0.0376,-0.0029,-1.0630,-0.165,-0.117,0.244
980119245,0.0332,0.0000,-1.0620,-0.043,0.005,-0.061
980132245,0.0356,-0.0049,-1.0610,0.079,0.250,0.183
980145245,0.0342,-0.0029,-1.0698,-0.043,0.067,-0.183
980158245,0.0361,-0.0039,-1.0601,0.018,0.189,-0.061
980171245,0.0356,-0.0073,-1.0610,-0.226,0.128,-0.061
980184245,0.0352,-0.0063,-1.0605,0.201,0.067,0.244
980197245,0.0371,-0.0049,-1.0605,0.018,-0.117,-0.122
980210245,0.0356,-0.0039,-1.0688,-0.043,-0.178,-0.122
980223245,0.0361,-0.0054,-1.0630,0.018,-0.178,-0.000
980236245,0.0352,-0.0044,-1.0601,0.079,0.067,-0.000
980249245,0.0356,-0.0044,-1.0605,-0.165,0.005,0.061
980262245,0.0317,-0.0024,-1.0649,-0.226,0.128,-0.000
980275245,0.0391,-0.0063,-1.0625,0.079,0.128,0.061
980288245,0.0259,-0.0044,-1.0615,-0.043,0.005,0.122
980301245,0.0356,-0.0005,-1.0581,0.140,-0.178,0.061
980314245,0.0298,-0.0015,-1.0669,0.201,0.067,0.061
980327245,0.0322,-0.0034,-1.0522,0.201,-0.178,-0.122
980340245,0.0347,-0.0039,-1.0713,0.018,-0.056,0.061
980353245,0.0298,-0.0029,-1.0630,0.140,0.128,0.122
980366245,0.0371,-0.0020,-1.0586,-0.226,0.128,-0.000
980379245,0.0327,-0.0054,-1.0635,-0.104,0.067,-0.183
980392245,0.0356,-0.0039,-1.0571,0.140,0.128,0.183
980405245,0.0352,-0.0044,-1.0640,-0.043,0.067,-0.061
980418245,0.0361,-0.0029,-1.0576,0.140,0.311,-0.061
980431245,0.0332,-0.0015,-1.0679,-0.043,0.250,0.183
980444245,0.0347,-0.0020,-1.0625,-0.226,0.067,0.061
980457245,0.0347,-0.0063,-1.0601,0.018,0.005,0.122
980470245,0.0376,0.0010,-1.0610,-0.043,-0.117,-0.122
980483245,0.0342,-0.0024,-1.0610,0.079,0.128,0.183
980496245,0.0327,-0.0054,-1.0586,0.018,0.189,0.244
980509245,0.0327,-0.0005,-1.0625,-0.165,0.005,-0.000
980522245,0.0327,-0.0073,-1.0688,-0.104,0.067,0.122
980535245,0.0366,-0.0015,-1.0566,-0.043,0.128,-0.000
980548245,0.0347,-0.0039,-1.0615,-0.226,0.005,-0.000
980561245,0.0366,-0.0063,-1.0625,0.201,0.189,0.122
980574245,0.0352,-0.0005,-1.0615,0.079,-0.300,0.061
980587245,0.0342,-0.0044,-1.0610,0.079,0.067,0.122
980600245,0.0308,-0.0073,-1.0728,-0.165,0.005,-0.061
980613245,0.0337,-0.0034,-1.0610,0.079,-0.117,-0.061
980626245,0.0332,-0.0078,-1.0674,0.201,0.128,0.183
980639245,0.0337,-0.0005,-1.0635,-0.104,-0.178,-0.061
980652245,0.0322,-0.0005,-1.0620,0.018,0.005,0.183
980665245,0.0342,-0.0049,-1.0630,0.018,0.067,0.061
980678245,0.0371,-0.0029,-1.0576,0.018,0.005,0.061
980691245,0.0420,-0.0034,-1.0601,-0.104,0.067,-0.000
980704245,0.0317,-0.0020,-1.0640,-0.349,0.067,-0.061
980717245,0.0332,-0.0049,-1.0684,0.079,-0.117,0.183
980730245,0.0381,-0.0015,-1.0610,0.079,0.067,-0.122
980743245,0.0342,-0.0024,-1.0674,0.018,0.005,-0.244
980756245,0.0356,-0.0063,-1.0615,0.018,0.005,-0.000
980769245,0.0352,-0.0039,-1.0620,0.262,-0.056,0.183
980782245,0.0342,-0.0034,-1.0640,0.018,0.189,-0.122
980795245,0.0298,-0.0083,-1.0601,-0.226,-0.178,-0.122
980808245,0.0322,-0.0029,-1.0630,-0.043,-0.239,-0.000
980821245,0.0352,-0.0015,-1.0591,0.140,-0.239,0.061
980834245,0.0347,-0.0049,-1.0674,0.079,0.005,-0.122
980847245,0.0337,-0.0039,-1.0615,-0.165,0.128,0.061
980860245,0.0342,-0.0039,-1.0571,0.079,0.067,-0.122
980873245,0.0386,-0.0034,-1.0640,0.079,-0.178,-0.061
980886245,0.0361,-0.0039,-1.0640,-0.043,-0.056,0.122
980899245,0.0347,-0.0049,-1.0659,-0.043,-0.239,-0.000
980912245,0.0366,-0.0005,-1.0664,0.018,-0.239,0.244
980925245,0.0356,-0.0063,-1.0605,-0.043,-0.056,-0.122
980938245,0.0342,-0.0039,-1.0654,0.079,-0.178,0.061
980951245,0.0337,-0.0059,-1.0625,-0.043,0.128,0.244
980964245,0.0347,-0.0054,-1.0654,0.140,-0.056,0.122
980977245,0.0352,-0.0049,-1.0591,0.018,-0.178,-0.183
980990245,0.0347,-0.0010,-1.0605,0.018,-0.117,-0.000
981003245,0.0356,-0.0078,-1.0659,-0.226,0.189,-0.000
981016245,0.0342,-0.0024,-1.0610,-0.043,0.128,-0.000
981029245,0.0332,-0.0088,-1.0620,0.018,-0.117,0.061
981042245,0.0312,-0.0015,-1.0586,-0.226,0.005,0.366
981055245,0.0347,-0.0068,-1.0640,0.140,0.005,-0.000
981068245,0.0396,-0.0044,-1.0664,0.079,0.128,0.122
981081245,0.0332,-0.0078,-1.0591,0.262,-0.178,-0.244
981094245,0.0332,-0.0044,-1.0581,0.201,0.067,-0.061
981107245,0.0303,-0.0059,-1.0708,-0.043,0.067,0.122
981120245,0.0337,-0.0024,-1.0601,0.201,0.128,-0.000
981133245,0.0347,-0.0073,-1.0562,0.018,-0.239,0.061
981146245,0.0327,-0.0059,-1.0674,0.018,0.067,-0.061
981159245,0.0347,-0.0054,-1.0625,0.201,-0.056,-0.305
981172245,0.0332,-0.0049,-1.0591,0.018,0.005,0.122
981185245,0.0361,-0.0024,-1.0718,0.018,0.067,-0.122
981198245,0.0366,-0.0049,-1.0610,-0.104,0.189,0.183
981211245,0.0332,-0.0063,-1.0581,0.201,-0.056,-0.000
981224245,0.0361,-0.0059,-1.0571,0.140,-0.056,0.122
981237245,0.0342,-0.0044,-1.0576,0.018,0.067,-0.061
981250245,0.0381,-0.0044,-1.0605,0.079,0.005,-0.061
981263245,0.0312,-0.0024,-1.0605,0.079,0.250,0.244
981276245,0.0342,-0.0015,-1.0679,-0.043,0.128,0.061
981289245,0.0361,-0.0049,-1.0630,0.201,0.128,0.061
981302245,0.0352,-0.0024,-1.0576,0.079,0.005,0.122
981315245,0.0322,-0.0039,-1.0557,0.140,-0.117,0.244
981328245,0.0356,-0.0068,-1.0635,-0.104,-0.117,-0.244
981341245,0.0347,-0.0020,-1.0586,-0.104,0.128,-0.061
981354245,0.0337,-0.0020,-1.0693,0.079,0.005,-0.061
981367245,0.0356,-0.0024,-1.0679,0.140,0.067,0.061
981380245,0.0356,-0.0054,-1.0625,-0.104,0.250,0.061
981393245,0.0337,-0.0063,-1.0566,-0.043,-0.178,-0.000
981406245,0.0376,-0.0088,-1.0591,0.018,0.067,-0.061
981419245,0.0312,-0.0020,-1.0605,0.140,-0.056,0.122
981432245,0.0327,-0.0024,-1.0630,0.201,-0.056,-0.061
981445245,0.0327,-0.0088,-1.0630,0.140,-0.117,0.122
981458245,0.0332,-0.0034,-1.0679,-0.104,-0.117,-0.000
981471245,0.0317,-0.0039,-1.0674,0.140,-0.117,-0.122
981484245,0.0352,-0.0020,-1.0674,0.018,-0.056,-0.000
981497245,0.0327,-0.0024,-1.0562,-0.043,0.128,-0.000
981510245,0.0361,-0.0010,-1.0610,-0.104,-0.117,-0.183
981523245,0.0337,-0.0029,-1.0625,-0.104,-0.056,0.061
981536245,0.0312,-0.0029,-1.0649,-0.226,0.005,0.183
981549245,0.0342,-0.0063,-1.0591,-0.226,-0.117,0.183
981562245,0.0352,-0.0039,-1.0591,-0.165,0.067,-0.000
981575245,0.0342,-0.0024,-1.0537,0.140,-0.178,-0.000
981588245,0.0322,-0.0024,-1.0571,-0.043,0.067,-0.183
981601245,0.0352,-0.0020,-1.0601,0.079,-0.117,-0.122
981614245,0.0371,-0.0044,-1.0659,-0.043,0.067,0.305
981627245,0.0352,-0.0078,-1.0640,0.201,0.067,-0.061
981640245,0.0327,-0.0029,-1.0532,0.079,0.005,0.183
981653245,0.0347,-0.0049,-1.0620,-0.104,0.005,0.122
981666245,0.0337,-0.0029,-1.0615,0.018,0.005,-0.000
981679245,0.0356,-0.0029,-1.0615,-0.165,0.128,-0.122
981692245,0.0308,-0.0054,-1.0649,0.018,-0.117,-0.000
981705245,0.0288,-0.0015,-1.0576,-0.104,-0.117,0.061
981718245,0.0356,-0.0059,-1.0615,0.262,-0.056,0.061
981731245,0.0337,-0.0024,-1.0576,0.201,0.128,-0.183
981744245,0.0332,-0.0063,-1.0684,-0.165,-0.056,0.122
981757245,0.0342,-0.0054,-1.0610,0.384,0.128,0.244
981770245,0.0317,-0.0063,-1.0571,0.018,0.189,0.061
981783245,0.0371,-0.0103,-1.0630,0.262,-0.056,-0.000
981796245,0.0332,-0.0020,-1.0542,-0.043,0.067,-0.000
981809245,0.0332,-0.0078,-1.0625,0.018,0.005,-0.122
981822245,0.0337,-0.0039,-1.0586,0.079,-0.178,0.061
981835245,0.0312,-0.0044,-1.0605,-0.104,0.128,-0.061
981848245,0.0337,-0.0078,-1.0698,0.079,-0.056,0.183
981861245,0.0337,-0.0068,-1.0620,0.079,-0.117,0.183
981874245,0.0356,-0.0073,-1.0659,-0.043,0.067,-0.000
981887245,0.0322,-0.0020,-1.0576,0.079,0.189,-0.061
981900245,0.0332,-0.0063,-1.0645,0.079,-0.239,-0.061
981913245,0.0342,-0.0039,-1.0664,0.079,0.128,0.122
981926245,0.0352,-0.0049,-1.0615,0.201,-0.056,-0.122
981939245,0.0308,-0.0020,-1.0649,-0.043,-0.117,0.305
981952245,0.0317,-0.0049,-1.0635,-0.043,-0.056,0.122
981965245,0.0332,-0.0044,-1.0610,0.079,0.067,-0.183
981978245,0.0356,-0.0054,-1.0615,0.140,-0.056,0.183
981991245,0.0381,-0.0068,-1.0635,-0.104,0.128,0.122
982004245,0.0342,-0.0059,-1.0654,0.140,0.067,0.244
982017245,0.0337,-0.0029,-1.0732,0.323,-0.117,0.305
982030245,0.0347,-0.0044,-1.0605,0.140,0.067,-0.061
982043245,0.0342,-0.0073,-1.0649,0.201,0.005,-0.061
982056245,0.0298,-0.0039,-1.0576,-0.043,0.067,-0.000
982069245,0.0327,-0.0039,-1.0596,0.140,-0.056,0.122
982082245,0.0371,-0.0049,-1.0596,0.140,0.189,-0.000
982095245,0.0327,-0.0029,-1.0645,-0.043,0.067,-0.122
982108245,0.0312,-0.0020,-1.0630,0.140,0.067,-0.122
982121245,0.0371,-0.0098,-1.0698,0.140,-0.239,0.305
982134245,0.0381,-0.0044,-1.0674,0.201,0.189,-0.122
982147245,0.0361,-0.0049,-1.0591,-0.043,0.128,0.122
982160245,0.0303,-0.0024,-1.0596,0.140,-0.056,-0.122
982173245,0.0356,-0.0034,-1.0674,-0.043,0.189,-0.000
982186245,0.0327,-0.0054,-1.0703,0.018,0.128,-0.000
982199245,0.0391,-0.0029,-1.0605,0.140,0.067,0.122
982212245,0.0352,0.0010,-1.0610,0.201,-0.239,-0.000
982225245,0.0342,-0.0039,-1.0566,0.201,-0.056,-0.122
982238245,0.0361,-0.0059,-1.0601,0.140,0.128,-0.000
982251245,0.0337,-0.0044,-1.0571,0.018,0.005,-0.183
982264245,0.0361,-0.0044,-1.0615,-0.287,0.128,-0.122
982277245,0.0327,-0.0034,-1.0537,0.201,-0.056,0.061
982290245,0.0332,-0.0015,-1.0596,-0.043,-0.117,-0.000
982303245,0.0356,-0.0073,-1.0688,0.079,0.005,-0.061
982316245,0.0317,-0.0044,-1.0630,0.018,0.005,-0.000
982329245,0.0371,-0.0059,-1.0669,-0.104,0.189,0.061
982342245,0.0361,-0.0039,-1.0674,0.079,0.067,-0.061
982355245,0.0342,-0.0029,-1.0552,0.201,0.067,0.183
982368245,0.0317,0.0000,-1.0610,0.079,-0.178,-0.061
982381245,0.0312,-0.0029,-1.0596,0.018,-0.117,0.061
982394245,0.0361,-0.0039,-1.0620,0.140,-0.056,-0.000
982407245,0.0342,-0.0054,-1.0630,-0.165,0.067,-0.122
982420245,0.0347,-0.0049,-1.0654,0.201,0.189,0.244
982433245,0.0381,-0.0049,-1.0664,-0.043,-0.117,0.061
982446245,0.0317,-0.0039,-1.0508,-0.043,-0.056,0.061
982459245,0.0347,-0.0015,-1.0571,0.018,0.005,-0.000
982472245,0.0366,-0.0010,-1.0615,0.140,-0.056,0.061
982485245,0.0332,-0.0020,-1.0562,0.201,0.005,-0.061
982498245,0.0371,-0.0068,-1.0649,0.079,-0.178,-0.122
982511245,0.0376,-0.0059,-1.0586,0.140,-0.178,0.061
982524245,0.0347,-0.0049,-1.0640,0.018,0.189,0.122
982537245,0.0347,-0.0054,-1.0625,0.018,-0.300,0.183
982550245,0.0332,-0.0059,-1.0630,0.079,0.128,0.061
982563245,0.0361,-0.0073,-1.0684,0.140,-0.056,0.122
982576245,0.0342,-0.0078,-1.0605,0.079,-0.117,0.061
982589245,0.0352,-0.0005,-1.0610,-0.104,0.128,-0.122
982602245,0.0347,-0.0024,-1.0654,-0.104,-0.178,-0.183
982615245,0.0342,-0.0063,-1.0737,0.079,0.005,0.061
982628245,0.0347,-0.0059,-1.0513,-0.165,0.128,-0.000
982641245,0.0361,-0.0083,-1.0630,0.140,0.067,-0.000
982654245,0.0322,-0.0049,-1.0596,0.079,0.189,0.183
982667245,0.0352,-0.0063,-1.0591,-0.104,-0.056,-0.000
982680245,0.0366,-0.0059,-1.0684,0.079,0.311,0.122
982693245,0.0371,-0.0034,-1.0601,0.018,-0.056,-0.183
982706245,0.0347,-0.0029,-1.0674,0.079,0.189,-0.061
982719245,0.0361,-0.0034,-1.0605,0.079,0.128,-0.000
982732245,0.0327,-0.0039,-1.0605,-0.104,-0.239,0.061
982745245,0.0347,-0.0049,-1.0615,0.079,0.005,0.061
982758245,0.0356,-0.0029,-1.0635,-0.104,0.005,0.061
982771245,0.0391,-0.0034,-1.0625,0.018,0.067,0.061
982784245,0.0356,-0.0044,-1.0654,0.018,0.189,0.122
982797245,0.0312,-0.0039,-1.0586,-0.043,-0.056,-0.122
982810245,0.0366,-0.0005,-1.0654,-0.043,-0.178,0.183
982823245,0.0371,-0.0068,-1.0610,0.140,0.128,-0.061
982836245,0.0303,-0.0044,-1.0566,0.079,-0.056,0.122
982849245,0.0381,-0.0049,-1.0605,0.018,0.311,0.183
982862245,0.0337,-0.0015,-1.0635,-0.165,-0.239,0.183
982875245,0.0425,-0.0020,-1.0537,0.018,0.433,0.305
982888245,0.0342,-0.0010,-1.0688,-0.104,0.067,0.183
982901245,0.0361,-0.0034,-1.0615,0.079,0.311,-0.000
982914245,0.0322,-0.0034,-1.0620,-0.104,0.005,0.122
982927245,0.0381,-0.0024,-1.0811,0.384,0.005,0.183
982940245,0.0293,-0.0005,-1.0498,-0.226,0.067,0.122
982953245,0.0386,-0.0044,-1.0659,0.140,-0.178,0.122
982966245,0.0303,-0.0049,-1.0649,0.018,-0.056,0.061
982979245,0.0352,-0.0039,-1.0562,-0.104,0.189,-0.061
982992245,0.0322,-0.0020,-1.0674,0.140,0.189,-0.061
983005245,0.0337,-0.0020,-1.0605,0.201,0.372,-0.000
983018245,0.0356,-0.0078,-1.0659,-0.165,0.005,0.061
983031245,0.0342,-0.0034,-1.0693,-0.165,0.189,-0.000
983044245,0.0327,-0.0039,-1.0640,0.140,0.189,0.244
983057245,0.0347,-0.0044,-1.0596,-0.043,0.005,-0.061
983070245,0.0352,-0.0024,-1.0811,0.262,0.067,0.122
983083245,0.0376,-0.0034,-1.0659,0.140,-0.056,-0.061
983096245,0.0356,-0.0054,-1.0674,-0.165,0.250,0.061
983109245,0.0317,-0.0049,-1.0527,0.201,-0.056,0.122
983122245,0.0332,-0.0044,-1.0645,0.018,-0.056,0.244
983135245,0.0322,-0.0039,-1.0669,-0.043,-0.178,-0.061
983148245,0.0352,-0.0039,-1.0537,-0.043,0.067,-0.000
983161245,0.0342,-0.0059,-1.0659,-0.165,0.005,0.122
983174245,0.0308,-0.0044,-1.0664,-0.104,0.250,-0.122
983187245,0.0308,-0.0049,-1.0654,-0.165,0.005,-0.061
983200245,0.0352,-0.0039,-1.0654,0.079,0.067,0.183
983213245,0.0361,-0.0044,-1.0640,-0.043,0.128,-0.000
983226245,0.0352,-0.0088,-1.0684,0.201,0.250,-0.000
983239245,0.0356,-0.0059,-1.0654,-0.043,-0.056,0.061
983252245,0.0347,-0.0010,-1.0557,0.079,-0.117,-0.122
983265245,0.0386,-0.0024,-1.0601,0.079,-0.239,-0.122
983278245,0.0386,-0.0034,-1.0635,-0.043,0.189,0.122
983291245,0.0356,-0.0049,-1.0679,0.140,0.128,-0.000
983304245,0.0352,-0.0068,-1.0688,0.140,-0.117,0.061
983317245,0.0337,-0.0034,-1.0649,-0.165,-0.117,0.061
983330245,0.0322,-0.0054,-1.0625,0.201,-0.117,0.183
983343245,0.0371,-0.0015,-1.0620,-0.165,0.005,-0.000
983356245,0.0332,-0.0034,-1.0610,-0.104,0.067,0.061
983369245,0.0347,-0.0063,-1.0571,-0.043,-0.056,0.244
983382245,0.0337,-0.0049,-1.0645,0.018,0.005,0.061
983395245,0.0317,0.0010,-1.0601,0.140,-0.117,0.061
983408245,0.0361,-0.0039,-1.0610,0.201,-0.117,0.427
983421245,0.0317,-0.0054,-1.0562,0.201,0.005,-0.000
983434245,0.0347,-0.0078,-1.0620,-0.226,-0.117,-0.183
983447245,0.0293,-0.0068,-1.0649,0.079,-0.117,0.244
983460245,0.0356,-0.0068,-1.0649,0.018,0.311,-0.122
983473245,0.0361,-0.0073,-1.0591,0.140,-0.117,0.061
983486245,0.0342,-0.0024,-1.0552,-0.043,-0.117,-0.061
983499245,0.0317,-0.0044,-1.0596,-0.165,0.005,-0.000
983512245,0.0356,-0.0020,-1.0542,0.018,0.250,0.061
983525245,0.0317,-0.0073,-1.0605,-0.226,0.005,0.061
983538245,0.0337,-0.0024,-1.0635,-0.043,-0.056,0.183
983551245,0.0352,-0.0059,-1.0601,0.262,-0.117,0.061
983564245,0.0312,-0.0054,-1.0586,0.018,-0.117,-0.061
983577245,0.0361,-0.0034,-1.0586,-0.104,0.189,-0.061
983590245,0.0322,-0.0034,-1.0571,-0.104,0.250,-0.000
983603245,0.0386,-0.0024,-1.0605,-0.104,0.433,0.061
983616245,0.0347,-0.0068,-1.0703,-0.226,-0.056,0.183
983629245,0.0337,-0.0039,-1.0635,0.262,0.128,0.061
983642245,0.0352,-0.0034,-1.0591,-0.043,0.005,0.061
983655245,0.0376,-0.0015,-1.0659,0.140,0.067,-0.061
983668245,0.0308,-0.0005,-1.0562,0.384,-0.239,-0.244
983681245,0.0356,-0.0068,-1.0581,-0.104,0.005,-0.061
983694245,0.0361,-0.0068,-1.0557,-0.043,0.128,0.122
983707245,0.0356,-0.0063,-1.0640,-0.226,0.311,-0.183
983720245,0.0337,-0.0039,-1.0698,-0.043,0.128,-0.000
983733245,0.0347,-0.0044,-1.0762,-0.043,0.005,-0.061
983746245,0.0396,-0.0068,-1.0615,0.201,0.311,-0.000
983759245,0.0327,0.0010,-1.0522,0.201,0.128,0.061
983772245,0.0322,-0.0029,-1.0645,0.079,0.067,0.122
983785245,0.0371,-0.0020,-1.0557,0.140,-0.178,-0.061
983798245,0.0342,-0.0039,-1.0576,0.079,0.067,0.061
983811245,0.0308,-0.0010,-1.0669,-0.043,0.128,0.122
983824245,0.0381,-0.0029,-1.0615,-0.287,0.250,0.061
983837245,0.0332,-0.0059,-1.0669,-0.043,-0.178,0.122
983850245,0.0352,-0.0054,-1.0601,0.079,-0.239,-0.061
983863245,0.0347,-0.0049,-1.0581,-0.043,0.067,0.061
983876245,0.0332,-0.0015,-1.0640,0.079,0.067,-0.061
983889245,0.0337,-0.0068,-1.0640,0.140,0.250,-0.122
983902245,0.0366,-0.0024,-1.0601,0.140,0.128,0.183
983915245,0.0332,-0.0034,-1.0596,0.140,-0.117,-0.000
983928245,0.0327,-0.0024,-1.0625,-0.043,0.189,-0.122
983941245,0.0337,-0.0049,-1.0654,-0.043,0.067,-0.000
983954245,0.0356,-0.0054,-1.0659,-0.226,0.128,-0.000
983967245,0.0352,-0.0044,-1.0610,-0.104,0.128,0.183
983980245,0.0356,-0.0024,-1.0562,0.079,0.067,0.305
983993245,0.0342,-0.0054,-1.0586,0.018,-0.239,0.183
984006245,0.0376,-0.0049,-1.0669,0.140,0.067,-0.061
984019245,0.0337,-0.0059,-1.0581,0.201,-0.239,-0.061
984032245,0.0361,-0.0063,-1.0684,-0.104,0.067,0.122
984045245,0.0327,-0.0020,-1.0620,0.201,0.128,-0.244
984058245,0.0366,-0.0015,-1.0645,0.079,-0.056,-0.122
984071245,0.0332,-0.0039,-1.0610,0.079,0.128,-0.061
984084245,0.0298,-0.0015,-1.0630,0.079,0.005,0.061
984097245,0.0342,-0.0054,-1.0625,0.079,0.005,-0.000
984110245,0.0322,-0.0059,-1.0537,0.140,0.005,-0.000
984123245,0.0347,-0.0063,-1.0610,-0.043,0.005,0.122
984136245,0.0337,0.0024,-1.0571,0.018,0.005,-0.061
984149245,0.0337,-0.0039,-1.0601,0.018,-0.117,0.244
984162245,0.0337,-0.0078,-1.0625,0.079,0.067,0.122
984175245,0.0342,-0.0049,-1.0596,-0.226,-0.117,0.061
984188245,0.0361,-0.0015,-1.0620,-0.104,0.067,-0.000
984201245,0.0396,-0.0044,-1.0625,0.140,-0.056,-0.122
984214245,0.0356,-0.0093,-1.0762,0.018,0.799,-0.000
984227245,0.0342,-0.0044,-1.0601,-0.104,-0.239,0.061
984240245,0.0352,-0.0054,-1.0576,0.018,0.189,0.183
984253245,0.0356,-0.0044,-1.0601,0.140,-0.117,0.122
984266245,0.0332,-0.0068,-1.0610,0.018,0.067,0.122
984279245,0.0342,-0.0034,-1.0728,0.079,0.005,-0.061
984292245,0.0415,0.0000,-1.0557,0.018,-0.544,0.061
984305245,0.0386,-0.0039,-1.0708,-0.104,-0.117,0.183
984318245,0.0391,-0.0034,-1.0596,0.079,0.250,-0.122
984331245,0.0356,0.0005,-1.0615,-0.287,-0.056,0.122
984344245,0.0371,-0.0044,-1.0620,-0.043,-0.056,-0.183
984357245,0.0361,-0.0024,-1.0601,0.079,0.067,0.061
984370245,0.0356,-0.0020,-1.0605,0.018,0.067,-0.000
984383245,0.0352,-0.0039,-1.0620,-0.104,-0.056,-0.000
984396245,0.0317,-0.0020,-1.0645,-0.104,-0.056,-0.122
984409245,0.0337,-0.0054,-1.0659,0.140,0.067,-0.000
984422245,0.0303,-0.0039,-1.0571,-0.165,0.128,-0.061
984435245,0.0342,-0.0044,-1.0693,0.018,-0.178,0.061
984448245,0.0366,-0.0024,-1.0508,0.262,-0.239,0.244
984461245,0.0342,-0.0049,-1.0645,-0.043,0.189,0.122
984474245,0.0371,-0.0039,-1.0742,0.140,0.311,-0.000
984487245,0.0317,0.0015,-1.0508,-0.104,0.189,0.061
984500245,0.0356,-0.0059,-1.0669,-0.287,-0.056,-0.000
984513245,0.0327,-0.0034,-1.0625,0.140,0.067,-0.061
984526245,0.0352,-0.0020,-1.0552,-0.287,0.128,-0.061
984539245,0.0347,-0.0063,-1.0684,0.018,-0.117,0.061
984552245,0.0352,-0.0020,-1.0610,-0.043,-0.117,0.183
984565245,0.0347,-0.0039,-1.0610,-0.287,-0.178,0.061
984578245,0.0332,-0.0029,-1.0635,-0.104,-0.056,-0.061
984591245,0.0332,-0.0044,-1.0576,-0.104,-0.056,0.061
984604245,0.0352,-0.0029,-1.0596,0.079,-0.056,-0.000
984617245,0.0273,-0.0049,-1.0625,0.079,0.005,-0.061
984630245,0.0347,-0.0044,-1.0674,0.262,0.067,-0.000
984643245,0.0312,-0.0078,-1.0620,0.079,0.005,0.183
984656245,0.0288,-0.0034,-1.0581,0.140,-0.117,-0.183
984669245,0.0376,-0.0068,-1.0620,0.018,0.067,-0.061
984682245,0.0376,-0.0039,-1.0723,0.079,0.128,-0.061
984695245,0.0381,-0.0039,-1.0654,0.079,0.005,0.305
984708245,0.0322,-0.0039,-1.0620,0.079,0.189,0.244
984721245,0.0352,-0.0020,-1.0615,0.018,0.067,-0.183
984734245,0.0352,-0.0068,-1.0601,-0.104,0.250,0.061
984747245,0.0332,-0.0054,-1.0630,0.018,0.067,0.244
984760245,0.0347,-0.0049,-1.0693,0.018,-0.056,0.122
984773245,0.0317,-0.0044,-1.0596,0.079,-0.056,0.244
984786245,0.0454,-0.0078,-1.0640,-4.621,0.128,0.061
984799245,0.0967,-0.1396,-1.2427,-2.546,6.292,1.770
984812245,0.0435,0.0190,-1.0469,-10.602,3.546,3.540
984825245,0.0352,0.0103,-1.0659,-1.813,0.677,2.197
984838245,0.0234,-0.0137,-1.0493,-1.386,0.128,2.380
984851245,0.0210,-0.0293,-1.0840,-4.987,1.226,5.127
984864245,0.0464,0.0122,-1.0840,-10.236,1.470,4.150
984877245,0.0498,0.0088,-1.0547,-11.030,1.226,-0.244
984890245,0.0449,-0.0073,-1.0557,-6.757,0.982,0.427
984903245,0.0342,-0.0205,-1.0439,0.384,0.128,0.183
984916245,0.0327,-0.0112,-1.0649,1.666,-0.422,0.183
984929245,0.0337,-0.0093,-1.0698,-0.471,0.005,-0.000
984942245,0.0361,-0.0166,-1.0557,-0.043,-0.117,-0.183
984955245,0.0308,-0.0166,-1.0581,0.567,-0.300,0.061
984968245,0.0342,-0.0166,-1.0566,0.567,0.005,-0.183
984981245,0.0352,-0.0166,-1.0630,0.384,0.067,0.183
984994245,0.0352,-0.0083,-1.0708,0.323,-0.056,0.122
985007245,0.0347,-0.0103,-1.0620,0.018,-0.056,-0.061
985020245,0.0288,-0.0142,-1.0498,0.079,-0.056,0.061
985033245,0.0322,-0.0142,-1.0645,0.323,0.067,0.061
985046245,0.0317,-0.0166,-1.0601,0.201,0.005,0.244
985059245,0.0273,-0.0146,-1.0605,0.506,-0.239,0.061
985072245,0.0308,-0.0156,-1.0581,0.262,-0.300,0.610
985085245,0.0312,-0.0161,-1.0649,-0.837,0.005,1.159
985098245,0.0312,-0.0137,-1.0674,-3.278,0.616,2.075
985111245,0.0352,-0.0190,-1.0684,-4.682,0.677,2.563
985124245,0.0293,-0.0195,-1.0586,-2.973,0.372,1.770
985137245,0.0298,-0.0156,-1.0562,-1.264,0.005,0.976
985150245,0.0347,-0.0176,-1.0610,-1.264,0.311,0.793
985163245,0.0308,-0.0166,-1.0596,-1.081,0.128,0.610
985176245,0.0381,-0.0283,-1.0479,-0.959,-0.361,0.427
985189245,0.0332,-0.0195,-1.0640,-0.837,0.189,0.366
985202245,0.0322,-0.0166,-1.0688,-1.081,0.189,0.305
985215245,0.0361,-0.0176,-1.0659,-1.020,0.250,0.305
985228245,0.0303,-0.0166,-1.0674,-1.081,0.189,0.305
985241245,0.0312,-0.0186,-1.0601,-0.959,0.189,0.427
985254245,0.0332,-0.0190,-1.0640,-1.142,0.189,0.610
985267245,0.0239,-0.0146,-1.0547,-1.386,0.433,0.976
985280245,0.0278,-0.0195,-1.0625,-1.630,0.494,1.037
985293245,0.0322,-0.0220,-1.0503,-2.607,0.005,0.610
985306245,0.0332,-0.0259,-1.0581,-1.752,0.189,0.488
985319245,0.0322,-0.0200,-1.0610,-0.898,0.128,0.427
985332245,0.0322,-0.0215,-1.0562,-0.593,-0.056,0.305
985345245,0.0283,-0.0229,-1.0654,-0.287,0.005,0.366
985358245,0.0312,-0.0225,-1.0610,-0.410,0.128,0.183
985371245,0.0298,-0.0234,-1.0620,-0.532,-0.300,0.305
985384245,0.0298,-0.0200,-1.0635,-0.654,-0.117,0.244
985397245,0.0317,-0.0225,-1.0610,-0.959,0.067,0.610
985410245,0.0283,-0.0220,-1.0649,-0.959,0.067,0.549
985423245,0.0337,-0.0254,-1.0605,-0.349,-0.056,0.305
985436245,0.0298,-0.0225,-1.0537,-0.410,0.067,0.305
985449245,0.0293,-0.0278,-1.0625,0.628,0.005,0.122
985462245,0.0317,-0.0166,-1.0547,-0.471,-0.117,0.122
985475245,0.0303,-0.0269,-1.0581,0.018,0.250,0.244
985488245,0.0288,-0.0215,-1.0586,0.201,-0.178,0.183
985501245,0.0327,-0.0195,-1.0591,-0.226,0.250,0.366
985514245,0.0293,-0.0229,-1.0591,0.140,0.005,-0.000
985527245,0.0293,-0.0239,-1.0625,0.079,0.067,-0.061
985540245,0.0308,-0.0229,-1.0630,0.201,0.005,0.244
985553245,0.0269,-0.0210,-1.0645,0.018,-0.056,0.061
985566245,0.0283,-0.0181,-1.0542,-0.043,-0.056,0.061
985579245,0.0332,-0.0220,-1.0586,-0.043,0.005,-0.000
985592245,0.0347,-0.0244,-1.0596,0.079,0.005,-0.061
985605245,0.0308,-0.0210,-1.0586,-0.043,-0.117,-0.183
985618245,0.0332,-0.0249,-1.0601,-0.165,-0.117,0.244
985631245,0.0322,-0.0234,-1.0596,0.262,0.189,0.244
985644245,0.0322,-0.0205,-1.0620,0.079,-0.056,0.244
985657245,0.0303,-0.0225,-1.0522,0.201,-0.239,-0.000
985670245,0.0327,-0.0215,-1.0669,0.079,-0.117,0.061
985683245,0.0312,-0.0225,-1.0532,-0.104,-0.117,-0.061
985696245,0.0322,-0.0254,-1.0610,0.323,0.005,-0.122
985709245,0.0283,-0.0239,-1.0615,-0.165,0.005,0.183
985722245,0.0312,-0.0254,-1.0542,0.018,0.005,-0.000
985735245,0.0312,-0.0205,-1.0703,0.323,0.005,-0.061
985748245,0.0327,-0.0225,-1.0576,-0.471,0.311,0.061
985761245,0.0303,-0.0239,-1.0537,0.201,0.005,0.061
985774245,0.0303,-0.0220,-1.0615,-0.043,-0.056,-0.061
985787245,0.0308,-0.0229,-1.0605,-0.226,-0.117,0.122
985800245,0.0327,-0.0239,-1.0669,0.445,0.189,-0.000
985813245,0.0293,-0.0215,-1.0659,-0.104,-0.117,0.122
985826245,0.0308,-0.0244,-1.0615,-0.104,-0.056,0.061
985839245,0.0332,-0.0234,-1.0659,0.079,0.005,-0.000
985852245,0.0308,-0.0190,-1.0576,-0.043,0.189,0.183
985865245,0.0322,-0.0234,-1.0669,0.018,0.005,-0.122
985878245,0.0337,-0.0234,-1.0615,0.018,0.067,-0.061
985891245,0.0332,-0.0244,-1.0625,0.201,-0.056,0.061
985904245,0.0259,-0.0225,-1.0684,0.140,-0.178,-0.244
985917245,0.0317,-0.0205,-1.0615,-0.287,-0.056,-0.000
985930245,0.0303,-0.0220,-1.0718,0.567,-0.178,-0.000
985943245,0.0312,-0.0239,-1.0586,-0.226,0.067,-0.122
985956245,0.0317,-0.0234,-1.0635,0.689,-0.056,-0.061
985969245,0.0312,-0.0215,-1.0635,0.018,0.128,-0.061
985982245,0.0312,-0.0249,-1.0576,0.323,0.250,-0.122
985995245,0.0303,-0.0220,-1.0669,0.018,-0.056,-0.122
986008245,0.0303,-0.0264,-1.0601,-0.043,0.005,-0.000
986021245,0.0322,-0.0215,-1.0605,0.262,0.005,-0.000
986034245,0.0288,-0.0234,-1.0610,0.079,0.067,-0.061
986047245,0.0356,-0.0220,-1.0596,0.323,0.067,0.183
986060245,0.0322,-0.0205,-1.0532,0.140,-0.117,-0.000
986073245,0.0308,-0.0195,-1.0581,0.201,0.005,-0.061
986086245,0.0337,-0.0190,-1.0630,0.140,-0.117,-0.122
986099245,0.0327,-0.0205,-1.0649,0.262,-0.117,0.061
986112245,0.0327,-0.0278,-1.0542,0.018,-0.117,0.061
986125245,0.0293,-0.0229,-1.0576,0.201,0.128,-0.000
986138245,0.0308,-0.0225,-1.0640,0.140,0.128,0.061
986151245,0.0356,-0.0200,-1.0747,-0.104,-0.117,0.122
986164245,0.0312,-0.0234,-1.0625,0.018,0.005,-0.000
986177245,0.0347,-0.0210,-1.0674,0.079,-0.178,0.061
986190245,0.0327,-0.0220,-1.0669,0.079,0.067,0.244
986203245,0.0312,-0.0195,-1.0581,-0.043,-0.056,-0.122
986216245,0.0332,-0.0273,-1.0591,0.140,0.250,0.061
986229245,0.0337,-0.0259,-1.0596,0.140,0.128,-0.061
986242245,0.0322,-0.0220,-1.0610,-0.043,0.128,0.061
986255245,0.0347,-0.0264,-1.0693,0.079,0.311,0.061
986268245,0.0327,-0.0234,-1.0586,-0.104,0.067,0.061
986281245,0.0337,-0.0210,-1.0659,0.140,0.005,-0.183
986294245,0.0327,-0.0361,-1.0605,0.201,-0.300,-0.061
986307245,0.0342,-0.0264,-1.0479,-0.715,-0.117,0.061
986320245,0.0327,-0.0283,-1.0479,0.445,0.067,0.061
986333245,0.0327,-0.0220,-1.0654,-0.165,0.128,0.183
986346245,0.0322,-0.0239,-1.0596,-0.410,-0.056,0.122
986359245,0.0337,-0.0215,-1.0679,0.445,0.128,-0.061
986372245,0.0298,-0.0234,-1.0630,-0.471,0.250,0.183
986385245,0.0352,-0.0249,-1.0601,0.018,0.250,0.183
986398245,0.0352,-0.0161,-1.0684,-0.043,0.189,0.061
986411245,0.0312,-0.0288,-1.0562,-0.349,0.311,-0.000
986424245,0.0332,-0.0244,-1.0591,0.018,-0.117,0.061
986437245,0.0356,-0.0229,-1.0669,-0.165,0.189,0.183
986450245,0.0298,-0.0254,-1.0605,-0.165,0.005,0.061
986463245,0.0342,-0.0259,-1.0640,-0.104,-0.056,-0.061
986476245,0.0303,-0.0220,-1.0664,-0.104,-0.056,0.061
986489245,0.0337,-0.0234,-1.0601,0.262,0.067,-0.000
986502245,0.0293,-0.0205,-1.0601,-0.043,0.005,-0.183
986515245,0.0298,-0.0239,-1.0586,-0.043,0.189,0.122
986528245,0.0327,-0.0259,-1.0571,0.140,0.005,0.122
986541245,0.0317,-0.0161,-1.0615,0.201,0.067,-0.183
986554245,0.0269,-0.0234,-1.0635,0.506,0.005,0.183
986567245,0.0312,-0.0283,-1.0664,0.079,-0.117,-0.244
986580245,0.0269,-0.0225,-1.0630,0.262,0.372,0.061
986593245,0.0288,-0.0259,-1.0630,0.140,0.128,0.122
986606245,0.0308,-0.0220,-1.0713,0.201,0.067,-0.000
986619245,0.0312,-0.0225,-1.0601,-0.043,0.005,-0.000
986632245,0.0361,-0.0254,-1.0596,0.262,0.005,0.061
986645245,0.0322,-0.0220,-1.0669,0.262,0.005,-0.000
986658245,0.0298,-0.0239,-1.0596,-0.165,-0.117,-0.061
986671245,0.0317,-0.0215,-1.0625,0.750,-0.056,0.122
986684245,0.0317,-0.0186,-1.0635,-0.593,0.250,0.061
986697245,0.0322,-0.0239,-1.0620,0.262,0.005,0.183
986710245,0.0312,-0.0229,-1.0649,0.323,-0.178,-0.000
986723245,0.0298,-0.0234,-1.0562,-0.104,0.189,-0.061
986736245,0.0298,-0.0229,-1.0591,0.567,0.128,-0.000
986749245,0.0317,-0.0190,-1.0566,-0.226,0.128,-0.305
986762245,0.0308,-0.0195,-1.0664,0.140,-0.117,0.122
986775245,0.0322,-0.0220,-1.0688,-0.104,0.067,-0.122
986788245,0.0308,-0.0215,-1.0615,0.384,-0.056,0.122
986801245,0.0347,-0.0225,-1.0605,0.140,-0.056,0.061
986814245,0.0332,-0.0264,-1.0571,1.605,0.311,-0.061
986827245,0.0308,-0.0332,-1.0615,6.609,-0.788,0.244
986840245,0.0303,-0.0078,-1.0757,2.459,-0.544,0.061
986853245,0.0293,-0.0176,-1.0542,-1.569,0.311,-0.061
986866245,0.0332,-0.0225,-1.0610,0.567,-0.056,0.183
986879245,0.0288,-0.0200,-1.0625,-0.349,0.128,0.061
986892245,0.0298,-0.0186,-1.0640,0.323,0.128,0.244
986905245,0.0337,-0.0176,-1.0601,-0.349,-0.178,0.061
986918245,0.0298,-0.0215,-1.0586,0.079,0.128,0.183
986931245,0.0317,-0.0239,-1.0610,0.079,0.311,-0.000
986944245,0.0327,-0.0186,-1.0552,0.323,0.189,-0.000
986957245,0.0303,-0.0195,-1.0610,0.079,0.005,0.122
986970245,0.0322,-0.0225,-1.0615,0.262,0.189,0.061
986983245,0.0342,-0.0205,-1.0596,0.262,-0.178,0.183
986996245,0.0317,-0.0190,-1.0591,0.079,0.189,0.122
987009245,0.0298,-0.0210,-1.0605,-0.043,0.250,-0.000
987022245,0.0293,-0.0181,-1.0586,0.079,0.067,-0.000
987035245,0.0342,-0.0210,-1.0630,0.018,0.005,-0.061
987048245,0.0293,-0.0225,-1.0693,0.079,0.067,-0.061
987061245,0.0347,-0.0205,-1.0625,-0.165,0.005,-0.000
987074245,0.0298,-0.0166,-1.0562,0.201,0.005,0.061
987087245,0.0327,-0.0200,-1.0601,0.323,-0.178,-0.061
987100245,0.0327,-0.0186,-1.0640,0.323,0.005,0.061
987113245,0.0322,-0.0195,-1.0615,-0.165,0.128,-0.000
987126245,0.0332,-0.0210,-1.0601,0.201,0.128,-0.061
987139245,0.0327,-0.0186,-1.0625,-0.104,-0.056,-0.244
987152245,0.0288,-0.0186,-1.0669,-0.104,-0.117,-0.000
987165245,0.0337,-0.0215,-1.0635,0.018,0.005,-0.183
987178245,0.0303,-0.0229,-1.0557,-0.043,-0.178,-0.000
987191245,0.0288,-0.0190,-1.0615,0.018,-0.056,-0.183
987204245,0.0327,-0.0220,-1.0645,0.201,0.067,-0.061
987217245,0.0317,-0.0220,-1.0654,-0.043,-0.117,-0.061
987230245,0.0327,-0.0205,-1.0698,-0.165,0.005,-0.000
987243245,0.0303,-0.0215,-1.0610,-0.226,-0.117,0.061
987256245,0.0308,-0.0210,-1.0649,-0.043,0.128,0.122
987269245,0.0317,-0.0161,-1.0620,0.018,0.128,-0.122
987282245,0.0342,-0.0181,-1.0664,0.140,-0.117,-0.000
987295245,0.0332,-0.0195,-1.0664,0.079,-0.056,-0.183
987308245,0.0303,-0.0171,-1.0625,0.201,0.067,0.305
987321245,0.0312,-0.0205,-1.0625,0.323,-0.178,-0.061
987334245,0.0327,-0.0200,-1.0669,0.323,0.128,-0.000
987347245,0.0298,-0.0205,-1.0708,0.872,0.067,0.061
987360245,0.0312,-0.0181,-1.0640,0.079,-0.117,0.061
987373245,0.0352,-0.0166,-1.0688,0.384,0.005,0.061
987386245,0.0303,-0.0142,-1.0581,0.506,-0.117,0.305
987399245,0.0356,-0.0249,-1.0767,0.079,0.189,0.122
987412245,0.0352,-0.0259,-1.0566,1.360,0.250,0.366
987425245,-0.0117,-0.0503,-1.0552,7.464,-1.703,10.620
987438245,0.0234,-0.0562,-1.0708,4.534,-0.056,15.075
987451245,0.0439,-0.0234,-1.0933,-3.522,0.128,10.925
987464245,0.0601,0.0337,-1.0381,-6.208,0.067,5.432
987477245,0.0723,0.0117,-1.0547,-1.264,-0.117,1.220
987490245,0.0298,-0.0132,-1.0591,1.238,-0.178,0.366
987503245,0.0288,-0.0190,-1.0596,-0.410,0.005,-0.061
987516245,0.0293,-0.0195,-1.0596,0.079,-0.178,-0.061
987529245,0.0308,-0.0195,-1.0591,-0.226,-0.056,0.305
987542245,0.0312,-0.0210,-1.0630,-0.104,0.128,0.061
987555245,0.0312,-0.0210,-1.0605,-0.165,0.005,-0.000
987568245,0.0327,-0.0103,-1.0645,-0.043,0.311,0.061
987581245,0.0327,-0.0215,-1.0557,-0.165,0.067,0.061
987594245,0.0312,-0.0190,-1.0688,0.262,0.067,0.366
987607245,0.0342,-0.0210,-1.0645,0.018,0.067,0.061
987620245,0.0347,-0.0171,-1.0601,0.201,0.067,-0.000
987633245,0.0352,-0.0171,-1.0649,0.079,0.005,0.061
987646245,0.0283,-0.0190,-1.0591,0.201,0.067,0.305
987659245,0.0283,-0.0205,-1.0625,0.018,-0.239,0.183
987672245,0.0347,-0.0161,-1.0645,0.140,0.311,-0.061
987685245,0.0273,-0.0142,-1.0630,0.079,0.067,-0.061
987698245,0.0366,-0.0176,-1.0649,-0.104,-0.056,-0.183
987711245,0.0308,-0.0186,-1.0610,0.079,0.189,0.122
987724245,0.0347,-0.0181,-1.0610,0.079,0.005,0.122
987737245,0.0352,-0.0171,-1.0640,0.018,0.128,-0.183
987750245,0.0322,-0.0190,-1.0674,0.201,0.067,-0.061
987763245,0.0303,-0.0181,-1.0615,0.018,0.005,0.122
987776245,0.0332,-0.0190,-1.0654,0.018,0.005,-0.244
987789245,0.0303,-0.0151,-1.0615,-0.043,0.005,-0.122
987802245,0.0303,-0.0205,-1.0640,-0.287,-0.117,0.061
987815245,0.0322,-0.0176,-1.0620,-0.043,-0.178,-0.061
987828245,0.0327,-0.0161,-1.0601,0.079,0.189,-0.000
987841245,0.0303,-0.0195,-1.0630,0.201,0.128,-0.061
987854245,0.0298,-0.0220,-1.0610,-0.043,-0.056,-0.000
987867245,0.0332,-0.0190,-1.0581,-0.043,0.067,0.122
987880245,0.0322,-0.0195,-1.0645,0.140,0.005,0.122
987893245,0.0303,-0.0200,-1.0615,0.079,-0.117,0.061
987906245,0.0337,-0.0200,-1.0630,0.018,0.005,-0.061
987919245,0.0308,-0.0176,-1.0679,-0.043,0.067,0.061
987932245,0.0332,-0.0190,-1.0605,-0.104,-0.056,0.183
987945245,0.0332,-0.0176,-1.0635,0.140,-0.117,-0.061
987958245,0.0347,-0.0234,-1.0635,0.140,0.005,-0.061
987971245,0.0361,-0.0176,-1.0605,0.201,-0.178,0.122
987984245,0.0337,-0.0190,-1.0615,0.323,-0.239,0.061
987997245,0.0513,-0.0957,-1.1055,7.708,1.776,0.854
988010245,-0.0190,-0.0630,-0.9849,17.291,-3.596,12.512
988023245,-0.0039,-0.0713,-1.0962,7.159,-2.680,9.826
988036245,0.0044,-0.0527,-1.0557,-8.405,-0.300,7.324
988049245,0.0347,-0.0527,-1.0791,-7.001,0.311,6.164
988062245,0.0337,0.0093,-1.0371,-0.165,-1.581,8.423
988075245,0.0464,0.0308,-1.0620,3.130,-3.962,9.338
988088245,0.0786,0.0596,-1.1284,1.483,0.067,9.826
988101245,0.0586,0.0503,-1.0586,-2.363,-0.056,6.775
988114245,0.0747,0.0215,-1.0566,-2.424,0.433,1.098
988127245,0.0425,-0.0200,-1.0708,-0.776,0.494,0.183
988140245,0.0337,-0.0127,-1.0596,-0.043,0.005,0.244
988153245,0.0347,-0.0176,-1.0605,0.323,-0.056,0.061
988166245,0.0400,-0.0132,-1.0576,0.506,0.005,-0.000
988179245,0.0366,-0.0156,-1.0625,0.201,0.250,0.061
988192245,0.0332,-0.0122,-1.0571,0.201,0.311,0.061
988205245,0.0337,-0.0161,-1.0640,-0.043,0.005,-0.061
988218245,0.0381,-0.0132,-1.0571,0.018,0.067,0.061
988231245,0.0337,-0.0156,-1.0620,0.079,0.067,0.122
988244245,0.0342,-0.0142,-1.0615,0.079,-0.056,0.061
988257245,0.0332,-0.0088,-1.0625,-0.349,0.189,-0.122
988270245,0.0332,-0.0117,-1.0596,-0.287,-0.056,-0.000
988283245,0.0322,-0.0112,-1.0659,-0.349,0.067,-0.244
988296245,0.0298,-0.0146,-1.0591,-0.532,0.005,-0.000
988309245,0.0356,-0.0132,-1.0552,-0.287,0.372,-0.061
988322245,0.0347,-0.0181,-1.0732,-0.165,0.128,-0.427
988335245,0.0317,-0.0220,-1.0601,-3.644,0.372,-1.099
988348245,0.0366,-0.0088,-1.0615,-2.180,0.250,0.122
988361245,0.0327,-0.0112,-1.0581,0.506,-0.422,-0.061
988374245,0.0376,-0.0205,-1.0630,-0.654,0.189,0.061
988387245,0.0371,-0.0112,-1.0596,0.506,0.005,0.244
988400245,0.0366,-0.0181,-1.0610,-0.104,0.372,0.061
988413245,0.0322,-0.0190,-1.0591,0.872,-0.300,0.366
988426245,0.0337,-0.0103,-1.0728,-0.043,0.128,0.244
988439245,0.0356,-0.0181,-1.0601,0.262,-0.056,0.183
988452245,0.0352,-0.0161,-1.0640,-0.410,0.067,0.061
988465245,0.0283,-0.0151,-1.0571,0.018,-0.239,-0.000
988478245,0.0337,-0.0176,-1.0635,0.506,0.067,0.122
988491245,0.0352,-0.0142,-1.0664,0.384,-0.056,0.061
988504245,0.0342,-0.0171,-1.0635,0.384,0.250,0.061
988517245,0.0366,-0.0151,-1.0674,0.750,-0.117,-0.000
988530245,0.0361,-0.0142,-1.0664,0.750,-0.178,-0.122
988543245,0.0225,-0.0254,-1.0234,4.473,-0.727,0.183
988556245,0.0356,-0.0029,-1.0762,2.886,-0.239,0.061
988569245,0.0352,-0.0127,-1.0630,0.018,0.250,0.061
988582245,0.0371,-0.0132,-1.0654,1.360,-0.361,-0.061
988595245,0.0327,-0.0112,-1.0615,0.140,0.189,-0.122
988608245,0.0347,-0.0137,-1.0645,0.933,0.189,-0.183
988621245,0.0391,-0.0312,-1.0703,0.018,0.128,-1.099
988634245,0.0366,0.0469,-1.1670,-16.584,0.372,-0.855
988647245,0.0288,-0.0215,-1.0493,-23.542,2.935,-1.404
988660245,0.0293,-0.0513,-1.0151,-6.879,0.189,-0.550
988673245,0.0337,-0.0308,-1.0322,6.732,-0.788,0.366
988686245,0.0342,-0.0088,-1.0732,2.398,-0.361,-0.061
988699245,0.0283,-0.0234,-1.0508,0.872,-0.056,-0.000
988712245,0.0225,0.0107,-1.0537,-4.804,-0.910,-0.427
988725245,0.0293,-0.0391,-1.0698,-9.870,1.531,-3.235
988738245,0.0220,-0.0459,-1.0000,2.093,-0.422,0.244
988751245,0.0347,-0.0161,-1.0806,4.229,-0.422,0.061
988764245,0.0342,-0.0225,-1.0674,-0.471,0.005,0.122
988777245,0.0337,-0.0269,-1.0562,1.544,-0.239,-0.000
988790245,0.0352,-0.0225,-1.0591,0.872,-0.056,0.061
988803245,0.0317,-0.0269,-1.0601,1.422,0.067,0.244
988816245,0.0312,-0.0225,-1.0615,1.544,-0.178,-0.122
988829245,0.0366,-0.0254,-1.0674,1.483,-0.117,0.183
988842245,0.0342,-0.0215,-1.0552,1.177,0.067,-0.000
88855245,0.0312,-0.0171,-1.0566,1.238,-0.239,-0.061
988868245,0.0332,-0.0195,-1.0576,1.238,-0.178,0.183
988881245,0.0283,0.0039,-1.0952,-9.199,-0.544,-0.550
988894245,0.0142,-0.0537,-0.9648,-0.410,0.005,-0.427
988907245,0.0439,-0.0186,-1.1045,3.436,-0.422,-0.427
988920245,0.0312,-0.0156,-1.0493,-0.959,0.128,0.122
988933245,0.0371,-0.0264,-1.0669,1.116,0.005,-0.122
988946245,0.0361,-0.0225,-1.0508,-0.532,0.311,0.244
988959245,0.0332,-0.0273,-1.0762,-0.287,0.616,-0.122
988972245,0.0342,-0.0176,-1.0610,-0.776,-0.239,0.061
988985245,0.0420,-0.0244,-1.0723,-0.349,0.494,-0.000
988998245,0.0308,-0.0234,-1.0527,-0.776,-0.483,0.305
989011245,0.0317,-0.0205,-1.0605,-0.715,0.128,-0.000
989024245,0.0352,-0.0254,-1.0625,-0.776,0.005,-0.000
989037245,0.0347,-0.0264,-1.0591,-0.898,0.067,0.061
989050245,0.0352,-0.0278,-1.0688,-0.837,0.005,0.061
989063245,0.0337,-0.0229,-1.0625,-0.776,0.128,-0.061
989076245,0.0317,-0.0259,-1.0557,-0.654,0.433,0.183
989089245,0.0327,-0.0254,-1.0640,-0.593,0.005,-0.122
989102245,0.0337,-0.0254,-1.0649,-0.654,0.189,0.061
989115245,0.0356,-0.0249,-1.0654,-0.532,0.372,-0.183
989128245,0.0356,-0.0225,-1.0586,-0.410,0.128,-0.061
989141245,0.0337,-0.0254,-1.0630,-0.043,0.128,-0.061
989154245,0.0352,-0.0210,-1.0659,-0.226,0.189,0.061
989167245,0.0327,-0.0254,-1.0645,-0.104,0.128,0.183
989180245,0.0322,-0.0229,-1.0649,-0.043,-0.056,-0.061
989193245,0.0312,-0.0215,-1.0610,0.445,0.189,-0.000
989206245,0.0356,-0.0195,-1.0693,0.262,0.128,-0.000
989219245,0.0303,-0.0259,-1.0586,0.079,-0.056,0.366
989232245,0.0352,-0.0234,-1.0659,0.201,0.128,0.061
989245245,0.0312,-0.0225,-1.0649,0.323,-0.117,-0.061
989258245,0.0327,-0.0278,-1.0610,0.201,0.005,0.061
989271245,0.0332,-0.0244,-1.0640,0.201,0.005,0.244
989284245,0.0361,-0.0249,-1.0581,0.445,0.005,-0.000
989297245,0.0352,-0.0229,-1.0605,0.384,-0.117,-0.061
989310245,0.0361,-0.0195,-1.0630,0.445,0.005,0.061
989323245,0.0332,-0.0229,-1.0674,0.018,0.067,0.183
989336245,0.0347,-0.0225,-1.0635,0.201,-0.056,-0.122
989349245,0.0342,-0.0205,-1.0630,0.018,0.189,-0.061
989362245,0.0327,-0.0239,-1.0630,-0.104,0.005,0.122
989375245,0.0332,-0.0176,-1.0620,-0.410,0.067,-0.122
989388245,0.0332,-0.0220,-1.0654,-0.226,-0.178,0.061
989401245,0.0356,-0.0249,-1.0581,-0.532,0.189,0.183
989414245,0.0376,-0.0220,-1.0659,-0.837,0.005,-0.061
989427245,0.0347,-0.0215,-1.0620,-0.593,-0.178,0.061
989440245,0.0312,-0.0269,-1.0664,-0.959,0.005,0.122
989453245,0.0337,-0.0239,-1.0610,-1.142,0.128,-0.061
989466245,0.0303,-0.0215,-1.0605,-1.203,0.128,-0.000
989479245,0.0332,-0.0210,-1.0601,-1.935,0.067,0.122
989492245,0.0254,-0.0249,-1.0542,-2.973,0.128,-0.244
989505245,0.0312,-0.0244,-1.0596,-2.424,0.005,-0.183
989518245,0.0366,-0.0303,-1.0630,-2.729,0.189,0.122
989531245,0.0347,-0.0283,-1.0732,-2.729,0.189,-0.000
989544245,0.0327,-0.0293,-1.0547,-3.217,-0.117,-0.244
989557245,0.0332,-0.0200,-1.0420,-3.217,0.189,-0.183
989570245,0.0298,-0.0352,-1.0513,-3.156,0.250,-0.305
989583245,0.0400,-0.0386,-1.0723,-1.508,-0.300,-0.183
989596245,0.0337,-0.0283,-1.0591,-2.302,0.128,-0.183
989609245,0.0405,-0.0322,-1.0679,-2.057,0.250,-0.122
989622245,0.0356,-0.0356,-1.0649,-1.386,0.311,0.061
989635245,0.0356,-0.0366,-1.0615,-1.691,0.189,-0.122
989648245,0.0342,-0.0312,-1.0605,-1.325,0.250,0.122
989661245,0.0356,-0.0366,-1.0713,-1.081,0.250,0.244
989674245,0.0317,-0.0332,-1.0571,-0.654,0.250,-0.244
989687245,0.0332,-0.0356,-1.0640,-0.226,0.067,-0.000
989700245,0.0312,-0.0312,-1.0552,-0.593,-0.117,-0.000
989713245,0.0244,-0.0317,-1.0562,0.140,-0.605,0.061
989726245,0.0317,-0.0352,-1.0596,-0.349,-0.117,0.061
989739245,0.0327,-0.0308,-1.0615,-0.226,0.250,0.427
989752245,0.0317,-0.0337,-1.0591,0.079,0.005,0.122
989765245,0.0356,-0.0332,-1.0586,-0.104,0.067,0.061
989778245,0.0386,-0.0361,-1.0615,0.262,-0.178,-0.000
989791245,0.0347,-0.0327,-1.0586,0.140,0.067,-0.061
989804245,0.0303,-0.0361,-1.0640,0.140,-0.239,0.122
989817245,0.0303,-0.0337,-1.0654,0.018,-0.178,0.183
989830245,0.0322,-0.0327,-1.0591,-0.104,0.189,-0.000
989843245,0.0337,-0.0396,-1.0576,-0.043,0.005,-0.183
989856245,0.0312,-0.0308,-1.0669,-0.104,0.128,-0.000
989869245,0.0293,-0.0234,-1.0532,-1.142,0.005,-0.061
989882245,0.0332,-0.0317,-1.0557,-0.776,0.005,0.122
989895245,0.0327,-0.0308,-1.0649,-0.715,0.067,-0.000
989908245,0.0322,-0.0347,-1.0542,-0.532,0.128,-0.061
989921245,0.0327,-0.0303,-1.0625,-0.593,0.005,0.183
989934245,0.0312,-0.0352,-1.0518,-1.264,0.128,-0.183
989947245,0.0327,-0.0371,-1.0581,-0.654,0.128,-0.000
989960245,0.0322,-0.0347,-1.0586,-0.715,0.067,0.061
989973245,0.0303,-0.0259,-1.0605,-0.654,-0.056,0.244
989986245,0.0342,-0.0347,-1.0674,-0.593,-0.239,0.183
989999245,0.0332,-0.0337,-1.0601,-1.020,0.189,-0.061
990012245,0.0366,-0.0356,-1.0591,-0.654,-0.239,-0.000
990025245,0.0337,-0.0376,-1.0610,-0.043,0.005,-0.122
990038245,0.0342,-0.0361,-1.0557,-0.837,0.005,0.122
990051245,0.0332,-0.0308,-1.0562,-0.165,0.189,-0.061
990064245,0.0347,-0.0347,-1.0571,-0.165,-0.056,-0.000
990077245,0.0317,-0.0347,-1.0601,-0.104,0.005,0.122
990090245,0.0356,-0.0327,-1.0649,0.018,-0.239,0.122
990103245,0.0327,-0.0371,-1.0684,-0.410,-0.056,-0.000
990116245,0.0308,-0.0400,-1.0698,-0.165,-0.056,0.122
990129245,0.0347,-0.0366,-1.0659,0.079,-0.117,-0.000
990142245,0.0347,-0.0342,-1.0649,-0.226,0.128,-0.000
990155245,0.0366,-0.0356,-1.0625,-0.287,0.067,0.183
990168245,0.0312,-0.0410,-1.0601,0.018,0.250,-0.000
990181245,0.0352,-0.0391,-1.0684,-0.165,0.250,-0.061
990194245,0.0342,-0.0356,-1.0581,-0.104,0.067,0.122
990207245,0.0317,-0.0347,-1.0615,0.079,0.067,0.183
990220245,0.0356,-0.0400,-1.0605,0.384,0.005,0.122
990233245,0.0366,-0.0352,-1.0640,0.079,0.128,-0.183
990246245,0.0312,-0.0371,-1.0635,0.201,0.128,0.061
990259245,0.0391,-0.0342,-1.0693,0.323,0.311,0.122
990272245,0.0356,-0.0352,-1.0684,0.384,-0.056,-0.000
990285245,0.0342,-0.0376,-1.0596,0.140,-0.056,-0.000
990298245,0.0332,-0.0386,-1.0601,0.506,0.067,0.122
990311245,0.0322,-0.0386,-1.0605,0.567,0.067,-0.000
990324245,0.0308,-0.0317,-1.0576,-0.165,-0.117,-0.122
990337245,0.0391,-0.0361,-1.0645,0.384,0.189,-0.183
990350245,0.0288,-0.0366,-1.0576,0.506,-0.300,-0.061
990363245,0.0337,-0.0342,-1.0630,-0.287,-0.117,0.061
990376245,0.0352,-0.0332,-1.0557,0.262,0.250,-0.061
990389245,0.0366,-0.0361,-1.0703,-0.287,0.250,-0.122
990402245,0.0352,-0.0376,-1.0605,-0.287,0.005,0.061
990415245,0.0283,-0.0312,-1.0601,-0.226,-0.239,0.183
990428245,0.0337,-0.0347,-1.0620,-0.349,0.128,-0.061
990441245,0.0303,-0.0371,-1.0596,-0.349,0.189,0.183
990454245,0.0361,-0.0342,-1.0581,-0.226,-0.056,-0.183
990467245,0.0322,-0.0400,-1.0586,-0.226,-0.178,-0.122
990480245,0.0381,-0.0381,-1.0581,-0.043,-0.056,-0.061
990493245,0.0361,-0.0405,-1.0640,0.079,0.005,0.061
990506245,0.0327,-0.0356,-1.0557,0.018,0.189,-0.000
990519245,0.0332,-0.0391,-1.0596,0.079,0.189,-0.000
990532245,0.0317,-0.0342,-1.0615,0.079,-0.056,-0.122
990545245,0.0283,-0.0337,-1.0581,-0.104,0.128,0.061
990558245,0.0356,-0.0352,-1.0557,0.384,-0.056,0.122
990571245,0.0332,-0.0376,-1.0596,0.201,-0.056,-0.000
990584245,0.0332,-0.0347,-1.0586,0.079,0.128,-0.122
990597245,0.0317,-0.0317,-1.0591,0.079,0.067,0.244
990610245,0.0317,-0.0396,-1.0659,0.079,0.128,0.183
990623245,0.0356,-0.0400,-1.0591,0.201,-0.056,-0.000
990636245,0.0317,-0.0342,-1.0527,0.079,0.067,-0.122
990649245,0.0322,-0.0361,-1.0630,0.140,-0.117,0.061
990662245,0.0332,-0.0342,-1.0620,0.384,0.189,-0.244
990675245,0.0332,-0.0381,-1.0591,0.323,0.128,0.183
990688245,0.0332,-0.0327,-1.0649,0.262,0.067,0.061
990701245,0.0342,-0.0405,-1.0562,0.201,0.128,0.061
990714245,0.0332,-0.0391,-1.0630,0.506,0.372,0.244
990727245,0.0054,-0.0620,-0.9634,11.920,-2.802,0.183
990740245,0.0171,-0.0273,-1.0229,20.281,-1.887,0.732
990753245,0.0312,-0.0078,-1.0771,12.652,-0.788,0.610
990766245,0.0410,-0.0005,-1.1069,-4.072,0.677,-0.061
990779245,0.0303,-0.0391,-1.0332,-1.081,0.005,0.183
990792245,0.0352,-0.0225,-1.0669,1.422,-0.422,-0.061
990805245,0.0356,-0.0239,-1.0610,-1.630,0.250,0.183
990818245,0.0298,-0.0312,-1.0591,0.872,0.067,-0.122
990831245,0.0347,-0.0229,-1.0640,-0.165,0.128,-0.061
990844245,0.0347,-0.0259,-1.0576,-0.043,0.189,0.244
990857245,0.0337,-0.0273,-1.0649,0.140,0.067,0.061
990870245,0.0332,-0.0283,-1.0640,-0.349,0.311,0.061
990883245,0.0356,-0.0298,-1.0625,0.323,0.189,0.061
990896245,0.0327,-0.0273,-1.0635,0.018,0.067,-0.183
990909245,0.0371,-0.0264,-1.0620,-0.349,0.005,-0.061
990922245,0.0356,-0.0264,-1.0596,-0.104,-0.239,0.061
990935245,0.0322,-0.0254,-1.0625,-0.165,-0.056,0.122
990948245,0.0337,-0.0273,-1.0591,-0.287,0.128,-0.000
990961245,0.0342,-0.0259,-1.0566,-0.287,0.005,-0.122
990974245,0.0298,-0.0254,-1.0605,0.018,0.250,0.244
990987245,0.0332,-0.0322,-1.0591,0.079,0.005,0.061
991000245,0.0376,-0.0229,-1.0786,-0.043,0.005,0.061
991013245,0.0303,-0.0278,-1.0513,-0.226,-0.544,0.183
991026245,0.0337,-0.0264,-1.0688,0.445,-0.056,-0.000
991039245,0.0347,-0.0288,-1.0625,-0.287,0.005,0.061
991052245,0.0273,-0.0269,-1.0698,0.140,0.005,0.244
991065245,0.0356,-0.0298,-1.0601,-0.104,0.250,0.061
991078245,0.0332,-0.0283,-1.0566,0.201,0.128,-0.061
991091245,0.0342,-0.0229,-1.0635,-0.226,0.128,0.122
991104245,0.0322,-0.0288,-1.0635,-0.043,0.005,0.122
991117245,0.0273,-0.0254,-1.0562,-0.104,-0.178,0.183
991130245,0.0312,-0.0273,-1.0601,-0.043,-0.178,0.122
991143245,0.0332,-0.0303,-1.0605,0.079,-0.239,0.244
991156245,0.0317,-0.0298,-1.0708,-0.165,0.067,0.183
991169245,0.0293,-0.0327,-1.0566,0.079,-0.178,-0.000
991182245,0.0308,-0.0259,-1.0542,-0.043,-0.178,-0.122
991195245,0.0327,-0.0298,-1.0698,0.201,-0.178,-0.244
991208245,0.0312,-0.0225,-1.0601,0.140,-0.117,-0.122
991221245,0.0342,-0.0278,-1.0532,-0.165,0.311,-0.061
991234245,0.0366,-0.0303,-1.0767,0.201,0.067,0.061
991247245,0.0322,-0.0249,-1.0562,-0.410,0.311,-0.000
991260245,0.0337,-0.0288,-1.0664,0.262,-0.117,-0.000
991273245,0.0337,-0.0264,-1.0586,-0.043,0.005,-0.000
991286245,0.0327,-0.0312,-1.0630,0.323,0.128,0.305
991299245,0.0332,-0.0259,-1.0688,0.384,0.067,0.183
991312245,0.0317,-0.0259,-1.0625,-0.226,-0.117,0.122
991325245,0.0347,-0.0293,-1.0581,0.323,0.005,0.061
991338245,0.0322,-0.0259,-1.0684,0.018,0.128,-0.000
991351245,0.0342,-0.0278,-1.0591,0.262,0.005,-0.000
991364245,0.0317,-0.0303,-1.0635,0.384,-0.178,0.061
991377245,0.0327,-0.0249,-1.0586,-0.349,0.067,0.122
991390245,0.0356,-0.0327,-1.0630,0.201,-0.056,0.061
991403245,0.0342,-0.0283,-1.0581,0.262,0.311,0.183
991416245,0.0366,-0.0249,-1.0620,-0.165,0.250,0.061
991429245,0.0361,-0.0269,-1.0698,0.262,0.128,0.122
991442245,0.0337,-0.0239,-1.0605,-0.226,0.128,0.122
991455245,0.0347,-0.0317,-1.0601,0.201,0.005,0.183
991468245,0.0347,-0.0254,-1.0728,0.079,-0.178,0.122
991481245,0.0308,-0.0269,-1.0498,-0.471,0.250,-0.122
991494245,0.0352,-0.0269,-1.0591,0.384,0.067,0.183
991507245,0.0366,-0.0249,-1.0688,-0.471,0.311,0.061
991520245,0.0342,-0.0259,-1.0522,0.201,-0.178,0.122
991533245,0.0342,-0.0269,-1.0610,-0.165,0.250,0.183
991546245,0.0342,-0.0288,-1.0557,-0.349,0.189,0.061
991559245,0.0376,-0.0273,-1.0630,0.201,0.189,-0.000
991572245,0.0322,-0.0259,-1.0659,0.018,-0.056,0.061
991585245,0.0337,-0.0244,-1.0557,0.140,-0.056,0.244
991598245,0.0327,-0.0254,-1.0610,0.140,0.250,0.061
991611245,0.0376,-0.0264,-1.0610,-0.165,-0.056,0.122
991624245,0.0322,-0.0308,-1.0649,0.384,0.189,0.122
991637245,0.0327,-0.0273,-1.0615,-0.104,-0.117,-0.000
991650245,0.0347,-0.0273,-1.0542,0.201,-0.117,0.061
991663245,0.0342,-0.0288,-1.0630,-0.043,0.128,-0.183
991676245,0.0332,-0.0273,-1.0615,0.018,0.189,-0.122
991689245,0.0342,-0.0278,-1.0591,-0.226,0.128,0.183
991702245,0.0356,-0.0283,-1.0581,0.079,-0.056,-0.000
991715245,0.0347,-0.0244,-1.0630,-0.104,-0.056,-0.122
991728245,0.0352,-0.0283,-1.0591,0.018,-0.056,0.122
991741245,0.0322,-0.0254,-1.0645,-0.349,-0.239,-0.183
991754245,0.0298,-0.0293,-1.0591,0.201,-0.117,-0.000
991767245,0.0347,-0.0278,-1.0654,-0.043,-0.056,0.244
991780245,0.0327,-0.0312,-1.0601,-0.287,-0.239,0.122
991793245,0.0337,-0.0337,-1.0752,0.323,-0.117,-0.061
991806245,0.0371,-0.0244,-1.0576,-0.104,-0.056,0.061
991819245,0.0361,-0.0254,-1.0615,0.201,0.005,-0.183
991832245,0.0288,-0.0288,-1.0630,-0.104,-0.056,0.061
991845245,0.0317,-0.0278,-1.0601,-0.165,-0.056,0.244
991858245,0.0308,-0.0249,-1.0518,-0.165,0.128,-0.122
991871245,0.0327,-0.0303,-1.0562,-0.104,0.005,-0.000
991884245,0.0347,-0.0283,-1.0654,-0.104,0.005,-0.000
991897245,0.0366,-0.0269,-1.0630,-0.287,-0.178,-0.061
991910245,0.0332,-0.0298,-1.0586,0.262,0.128,-0.061
991923245,0.0376,-0.0288,-1.0659,0.079,-0.117,-0.000
991936245,0.0332,-0.0269,-1.0615,0.018,0.189,0.061
991949245,0.0327,-0.0332,-1.0557,0.323,-0.117,0.122
991962245,0.0327,-0.0298,-1.0566,-0.349,0.128,-0.061
991975245,0.0352,-0.0298,-1.0571,0.628,0.067,-0.000
991988245,0.0366,-0.0264,-1.0659,-0.287,0.128,-0.305
992001245,0.0366,-0.0337,-1.0620,0.262,0.005,0.305
992014245,0.0366,-0.0234,-1.0591,-0.165,0.005,0.061
992027245,0.0356,-0.0327,-1.0576,0.201,0.189,0.122
992040245,0.0347,-0.0254,-1.0620,0.201,0.005,0.244
992053245,0.0332,-0.0308,-1.0576,-0.104,0.189,0.061
992066245,0.0356,-0.0234,-1.0571,0.262,-0.056,-0.061
992079245,0.0327,-0.0239,-1.0635,-0.226,0.128,0.122
992092245,0.0327,-0.0293,-1.0586,0.018,0.005,0.183
992105245,0.0347,-0.0249,-1.0596,-0.287,0.189,0.183
992118245,0.0376,-0.0278,-1.0620,-0.165,0.189,-0.000
992131245,0.0312,-0.0312,-1.0596,-0.043,0.005,-0.183
992144245,0.0356,-0.0283,-1.0542,-0.410,-0.056,0.122
992157245,0.0317,-0.0308,-1.0610,-0.410,-0.056,0.061
992170245,0.0308,-0.0264,-1.0664,-0.226,0.067,-0.000
992183245,0.0366,-0.0239,-1.0581,0.018,0.128,-0.000
992196245,0.0288,-0.0298,-1.0640,0.018,-0.056,-0.061
992209245,0.0308,-0.0273,-1.0552,-0.349,0.067,0.183
992222245,0.0293,-0.0288,-1.0542,0.384,-0.239,-0.061
992235245,0.0371,-0.0244,-1.0713,-0.287,0.005,-0.000
992248245,0.0337,-0.0327,-1.0703,-0.165,-0.117,-0.000
992261245,0.0342,-0.0249,-1.0615,0.201,0.128,-0.122
992274245,0.0337,-0.0278,-1.0645,-0.165,-0.117,-0.061
992287245,0.0317,-0.0269,-1.0630,0.201,0.067,0.305
992300245,0.0347,-0.0288,-1.0625,0.628,-0.178,0.061
992313245,0.0347,-0.0249,-1.0581,-0.043,-0.117,-0.000
992326245,0.0327,-0.0259,-1.0542,0.140,0.005,-0.122
992339245,0.0381,-0.0278,-1.0640,0.567,0.005,0.122
992352245,0.0342,-0.0283,-1.0645,-0.043,-0.056,-0.183
992365245,0.0366,-0.0312,-1.0674,0.567,-0.117,0.244
992378245,0.0312,-0.0229,-1.0581,-0.165,0.067,-0.061
992391245,0.0322,-0.0317,-1.0576,0.567,-0.178,0.183
992404245,0.0312,-0.0288,-1.0674,0.018,-0.239,0.122
992417245,0.0332,-0.0273,-1.0605,-0.043,-0.178,0.061
992430245,0.0327,-0.0278,-1.0552,0.323,-0.178,-0.000
992443245,0.0376,-0.0278,-1.0596,-0.104,0.067,0.244
992456245,0.0371,-0.0303,-1.0654,0.140,0.067,0.122
992469245,0.0342,-0.0293,-1.0640,0.201,0.250,0.061
992482245,0.0317,-0.0229,-1.0620,-0.287,0.250,0.061
992495245,0.0327,-0.0317,-1.0571,0.323,-0.117,0.061
992508245,0.0356,-0.0215,-1.0557,0.201,0.067,0.061
992521245,0.0322,-0.0293,-1.0591,-0.043,-0.056,-0.244
992534245,0.0366,-0.0298,-1.0557,0.323,0.005,0.122
992547245,0.0361,-0.0239,-1.0615,0.384,0.005,-0.000
992560245,0.0352,-0.0273,-1.0664,-0.104,-0.117,0.122
992573245,0.0347,-0.0322,-1.0684,0.384,-0.178,0.061
992586245,0.0322,-0.0293,-1.0620,-0.349,0.067,-0.122
992599245,0.0347,-0.0317,-1.0586,-0.043,-0.239,-0.000
992612245,0.0332,-0.0239,-1.0581,-0.104,0.067,0.061
992625245,0.0352,-0.0278,-1.0649,0.384,0.189,0.122
992638245,0.0361,-0.0225,-1.0664,-0.226,-0.117,0.183
992651245,0.0312,-0.0308,-1.0625,0.201,0.067,-0.061
992664245,0.0317,-0.0254,-1.0581,-0.043,-0.117,-0.061
992677245,0.0312,-0.0283,-1.0527,0.079,0.189,0.061
992690245,0.0376,-0.0273,-1.0708,0.384,0.005,-0.122
992703245,0.0352,-0.0288,-1.0625,-0.165,0.067,-0.000
992716245,0.0352,-0.0278,-1.0547,-0.165,0.067,0.061
992729245,0.0342,-0.0249,-1.0664,-0.043,0.128,-0.183
992742245,0.0303,-0.0283,-1.0649,-0.226,0.250,0.061
992755245,0.0366,-0.0269,-1.0532,0.262,0.128,-0.000
992768245,0.0347,-0.0298,-1.0591,0.323,-0.056,-0.061
992781245,0.0352,-0.0234,-1.0571,0.140,-0.117,-0.061
992794245,0.0337,-0.0288,-1.0615,0.140,0.067,0.061
992807245,0.0303,-0.0249,-1.0601,-0.043,0.189,0.183
992820245,0.0342,-0.0298,-1.0649,0.384,-0.056,0.122
992833245,0.0386,-0.0244,-1.0615,-0.410,0.128,0.061
992846245,0.0327,-0.0283,-1.0596,-0.532,0.128,-0.000
992859245,0.0347,-0.0273,-1.0684,-0.043,-0.056,0.061
992872245,0.0347,-0.0293,-1.0649,-0.776,0.311,0.061
992885245,0.0308,-0.0371,-1.0576,-0.226,0.005,0.122
992898245,0.0361,-0.0259,-1.0562,-1.081,0.067,-0.000
992911245,0.0322,-0.0308,-1.0552,-0.837,0.005,-0.061
992924245,0.0322,-0.0278,-1.0610,-0.226,-0.056,-0.061
992937245,0.0352,-0.0288,-1.0640,-0.959,0.189,-0.000
992950245,0.0342,-0.0288,-1.0591,-0.532,0.067,-0.061
992963245,0.0386,-0.0283,-1.0659,-0.532,0.067,-0.122
992976245,0.0312,-0.0312,-1.0605,-0.226,0.128,-0.000
992989245,0.0327,-0.0288,-1.0605,0.140,0.250,-0.061
993002245,0.0342,-0.0308,-1.0576,0.506,0.128,0.122
993015245,0.0303,-0.0249,-1.0591,-0.043,0.005,0.122
993028245,0.0303,-0.0259,-1.0557,0.384,0.189,-0.244
993041245,0.0361,-0.0229,-1.0571,0.384,0.067,0.122
993054245,0.0332,-0.0273,-1.0615,0.201,0.005,-0.000
993067245,0.0356,-0.0259,-1.0674,0.445,0.005,0.183
993080245,0.0322,-0.0283,-1.0620,0.140,0.128,-0.061
993093245,0.0303,-0.0244,-1.0630,0.079,-0.178,-0.000
993106245,0.0337,-0.0273,-1.0640,-0.104,0.128,0.183
993119245,0.0337,-0.0303,-1.0669,0.079,-0.056,0.122
993132245,0.0376,-0.0273,-1.0635,-0.287,-0.056,-0.061
993145245,0.0356,-0.0269,-1.0698,-0.104,-0.056,0.122
993158245,0.0337,-0.0264,-1.0581,-0.226,0.128,0.183
993171245,0.0332,-0.0288,-1.0610,-0.104,-0.117,-0.183
993184245,0.0386,-0.0288,-1.0596,-0.104,-0.178,0.122
993197245,0.0347,-0.0283,-1.0591,-0.043,-0.117,-0.061
993210245,0.0347,-0.0273,-1.0669,0.018,-0.056,-0.000
993223245,0.0332,-0.0332,-1.0562,-0.043,-0.056,0.122
993236245,0.0288,-0.0283,-1.0640,0.018,-0.300,0.122
993249245,0.0312,-0.0249,-1.0586,0.018,-0.117,0.122
993262245,0.0308,-0.0303,-1.0591,0.079,0.005,-0.000
993275245,0.0386,-0.0249,-1.0630,0.201,0.128,0.061
993288245,0.0356,-0.0322,-1.0630,0.262,0.250,0.061
993301245,0.0352,-0.0288,-1.0640,-0.043,0.005,0.305
993314245,0.0312,-0.0259,-1.0615,-0.043,-0.239,0.061
993327245,0.0342,-0.0288,-1.0640,0.079,-0.178,-0.000
993340245,0.0332,-0.0303,-1.0649,0.018,-0.117,-0.183
993353245,0.0332,-0.0259,-1.0591,-0.226,0.005,-0.000
993366245,0.0352,-0.0312,-1.0649,-0.287,0.005,-0.000
993379245,0.0312,-0.0298,-1.0601,-0.593,0.005,0.183
993392245,0.0347,-0.0269,-1.0615,-0.226,-0.178,-0.244
993405245,0.0347,-0.0317,-1.0630,-0.532,-0.056,-0.000
993418245,0.0337,-0.0308,-1.0581,-0.471,0.067,0.244
993431245,0.0308,-0.0273,-1.0527,-0.532,0.067,0.244
993444245,0.0322,-0.0298,-1.0605,-0.349,-0.239,-0.183
993457245,0.0347,-0.0293,-1.0679,0.201,0.128,-0.183
993470245,0.0303,-0.0273,-1.0552,-0.532,-0.117,-0.000
993483245,0.0347,-0.0361,-1.0605,0.567,-0.056,-0.061
993496245,0.0308,-0.0288,-1.0679,-0.043,0.005,-0.183
993509245,0.0327,-0.0312,-1.0557,0.079,0.067,-0.122
993522245,0.0298,-0.0293,-1.0674,0.201,0.311,0.122
