t,ax,ay,az,gx,gy,gz
23528244.0,-0.02,0.0044,-1.063,0.034,-0.09,0.588
23541244.0,-0.0161,-0.002,-1.0601,0.034,0.032,0.649
23554244.0,-0.0176,0.0068,-1.0601,0.156,0.032,0.588
23567244.0,-0.021,0.0054,-1.0625,0.095,-0.151,1.015
23580244.0,-0.0186,0.0024,-1.063,0.034,0.154,0.649
23593244.0,-0.0186,0.0015,-1.0571,0.034,-0.029,0.466
23606244.0,-0.02,0.0024,-1.062,-0.027,0.032,0.649
23619244.0,-0.021,0.0063,-1.0552,-0.149,-0.273,0.588
23632244.0,-0.0229,0.0029,-1.0669,0.095,0.093,0.771
23645244.0,-0.0205,0.0034,-1.0625,0.095,0.154,0.649
23658244.0,-0.019,0.0034,-1.0605,-0.21,-0.029,0.588
23671244.0,-0.0176,0.0044,-1.0659,0.218,-0.151,0.954
23684244.0,-0.022,0.002,-1.0586,-0.149,-0.09,0.832
23697244.0,-0.0171,0.0005,-1.0654,-0.027,-0.029,0.649
23710244.0,-0.021,0.0054,-1.0601,-0.027,-0.029,0.71
23723244.0,-0.02,0.0093,-1.0571,0.095,0.093,0.527
23736244.0,-0.0225,0.001,-1.062,0.156,0.093,0.527
23749244.0,-0.0229,0.0034,-1.0669,0.034,0.032,0.832
23762244.0,-0.0181,0.0044,-1.0679,0.095,0.093,0.649
23775244.0,-0.0181,0.0039,-1.0581,-0.21,-0.212,0.71
23788244.0,-0.0161,0.0034,-1.0615,0.218,0.276,0.405
23801244.0,-0.0176,0.0044,-1.0625,-0.149,0.032,0.649
23814244.0,-0.0151,0.0015,-1.0635,-0.271,-0.212,0.71
23827244.0,-0.0181,0.0083,-1.0605,0.034,-0.029,0.771
23840244.0,-0.0186,0.0034,-1.0674,-0.149,0.093,0.71
23853244.0,-0.0171,0.0059,-1.0552,-0.027,-0.09,0.466
23866244.0,-0.019,0.0034,-1.0645,-0.088,0.032,0.71
23879244.0,-0.0161,0.0034,-1.064,0.156,-0.273,0.466
23892244.0,-0.02,0.0034,-1.063,-0.027,-0.09,0.771
23905244.0,-0.019,0.002,-1.0566,0.218,-0.029,0.771
23918244.0,-0.0195,0.0034,-1.0674,0.095,0.276,0.649
23931244.0,-0.0229,0.0034,-1.0557,-0.027,-0.273,0.71
23944244.0,-0.0181,0.0,-1.0688,-0.027,-0.212,0.466
23957244.0,-0.019,0.0063,-1.0625,-0.21,-0.029,0.71
23970244.0,-0.02,0.0054,-1.0635,0.095,0.093,0.649
23983244.0,-0.0225,0.0078,-1.064,-0.027,0.032,0.893
23996244.0,-0.0205,0.002,-1.0581,0.095,0.032,0.771
24009244.0,-0.019,0.0024,-1.0674,0.279,-0.151,0.771
24022244.0,-0.0234,0.0039,-1.0615,-0.149,-0.09,0.527
24035244.0,-0.0171,0.0,-1.0601,-0.027,-0.151,0.771
24048244.0,-0.0186,0.0034,-1.0615,0.034,-0.151,0.649
24061244.0,-0.0176,0.0039,-1.0625,-0.088,-0.151,0.71
24074244.0,-0.019,0.0049,-1.0586,0.034,0.032,0.832
24087244.0,-0.0195,0.0024,-1.0649,-0.149,0.032,0.954
24100244.0,-0.0166,0.0029,-1.0601,-0.088,-0.334,0.466
24113244.0,-0.0205,0.0029,-1.0688,0.034,0.032,0.71
24126244.0,-0.0176,0.0024,-1.063,-0.027,-0.334,0.405
24139244.0,-0.0215,0.0024,-1.061,0.034,-0.029,0.588
24152244.0,-0.019,0.001,-1.0605,0.034,0.215,0.649
24165244.0,-0.022,0.0068,-1.0625,-0.088,-0.151,0.649
24178244.0,-0.019,0.0039,-1.063,0.034,-0.212,0.71
24191244.0,-0.0156,0.001,-1.062,-0.027,-0.029,0.466
24204244.0,-0.0195,0.0044,-1.063,0.156,-0.151,0.649
24217244.0,-0.0195,-0.001,-1.0635,-0.027,-0.212,0.832
24230244.0,-0.02,0.0063,-1.0649,-0.088,0.215,0.893
24243244.0,-0.0229,0.001,-1.064,0.034,0.154,0.344
24256244.0,-0.0205,0.002,-1.0586,0.034,0.154,0.893
24269244.0,-0.019,0.0039,-1.0591,-0.271,-0.151,0.71
24282244.0,-0.0205,0.0039,-1.0635,-0.149,-0.09,0.771
24295244.0,-0.02,0.0024,-1.0659,0.156,0.093,0.71
24308244.0,-0.0195,0.0039,-1.0708,0.095,-0.273,0.71
24321244.0,-0.0205,0.0059,-1.0664,-0.271,-0.029,0.466
24334244.0,-0.0186,0.0073,-1.0645,0.095,0.093,0.71
24347244.0,-0.022,0.0059,-1.0586,-0.21,-0.09,0.771
24360244.0,-0.0132,0.0063,-1.0659,-0.271,0.093,0.649
24373244.0,-0.0195,-0.0005,-1.062,0.034,-0.029,0.649
24386244.0,-0.0215,0.0049,-1.0649,-0.027,-0.212,0.588
24399244.0,-0.0171,0.001,-1.0684,0.095,-0.151,0.588
24412244.0,-0.0176,0.0044,-1.0664,-0.027,0.154,0.527
24425244.0,-0.0186,0.0039,-1.0605,0.034,-0.09,0.588
24438244.0,-0.02,-0.0005,-1.0645,0.156,0.032,0.71
24451244.0,-0.0234,0.0049,-1.0576,-0.088,-0.212,0.588
24464244.0,-0.0186,0.0063,-1.064,-0.149,-0.212,0.466
24477244.0,-0.0146,0.0039,-1.0635,-0.271,-0.029,0.649
24490244.0,-0.022,0.0005,-1.0659,-0.21,0.337,0.588
24503244.0,-0.0234,0.0005,-1.0688,0.095,-0.151,0.588
24516244.0,-0.021,0.0068,-1.063,-0.027,-0.151,0.649
24529244.0,-0.0171,0.0024,-1.061,-0.149,0.215,0.71
24542244.0,-0.0205,0.0029,-1.064,0.095,-0.151,0.588
24555244.0,-0.02,0.0054,-1.0625,0.034,-0.151,0.588
24568244.0,-0.0205,0.0044,-1.0635,-0.088,-0.09,0.832
24581244.0,-0.0229,0.001,-1.062,0.156,-0.09,0.649
24594244.0,-0.0239,-0.0015,-1.0635,-0.149,-0.029,0.649
24607244.0,-0.0171,0.0068,-1.0601,0.034,0.032,0.527
24620244.0,-0.0186,0.0024,-1.063,-0.149,0.093,0.649
24633244.0,-0.021,0.0034,-1.0571,-0.149,-0.029,0.771
24646244.0,-0.0195,0.0029,-1.062,-0.027,-0.212,0.71
24659244.0,-0.0195,0.0034,-1.0654,0.034,0.215,0.649
24672244.0,-0.019,0.0034,-1.0645,0.034,0.093,0.771
24685244.0,-0.0205,0.002,-1.0625,-0.088,-0.151,0.649
24698244.0,-0.0181,0.0049,-1.0654,-0.149,-0.029,0.71
24711244.0,-0.02,0.001,-1.0674,-0.027,0.093,0.649
24724244.0,-0.0181,0.0044,-1.064,-0.027,-0.151,0.527
24737244.0,-0.021,0.0024,-1.0645,0.218,-0.151,0.588
24750244.0,-0.02,0.0034,-1.062,-0.027,-0.029,0.893
24763244.0,-0.02,0.0005,-1.0635,-0.027,-0.273,0.71
24776244.0,-0.0186,0.0063,-1.0635,-0.271,0.032,0.649
24789244.0,-0.0205,0.0054,-1.0615,0.034,0.093,0.588
24802244.0,-0.0239,0.0078,-1.0615,-0.027,-0.09,0.71
24815244.0,-0.0171,-0.0015,-1.0625,-0.149,0.154,0.649
24828244.0,-0.0264,0.002,-1.0674,0.584,0.154,0.527
24841244.0,-0.0225,0.0059,-1.0581,-0.332,-0.395,0.588
24854244.0,-0.019,0.0029,-1.0571,0.095,0.032,0.832
24867244.0,-0.0205,0.002,-1.0625,0.218,-0.09,0.771
24880244.0,-0.0166,-0.002,-1.0679,0.095,0.215,0.649
24893244.0,-0.0229,0.0024,-1.0684,-0.088,-0.151,0.649
24906244.0,-0.0195,0.0034,-1.0596,-0.149,-0.151,0.71
24919244.0,-0.019,0.0039,-1.0713,0.034,-0.395,0.771
24932244.0,-0.022,-0.001,-1.0654,-0.027,-0.517,0.771
24945244.0,-0.021,0.0054,-1.0664,-0.149,0.032,0.588
24958244.0,-0.0229,0.0059,-1.0596,-0.393,0.032,0.832
24971244.0,-0.0146,0.0054,-1.0664,-0.027,0.032,0.832
24984244.0,-0.0186,0.0039,-1.0596,0.218,-0.212,0.527
24997244.0,-0.0151,0.0063,-1.0679,-0.088,0.032,0.71
25010244.0,-0.02,0.0034,-1.0562,-0.027,-0.029,0.527
25023244.0,-0.022,0.0024,-1.0625,-0.088,0.154,0.954
25036244.0,-0.0215,0.0029,-1.0615,-0.149,0.093,0.771
25049244.0,-0.021,0.0,-1.0576,0.156,-0.029,0.649
25062244.0,-0.0151,0.0039,-1.062,-0.088,0.032,0.527
25075244.0,-0.0146,0.0024,-1.0703,0.034,0.337,0.71
25088244.0,-0.0205,0.0039,-1.0562,0.034,0.032,0.588
25101244.0,-0.0186,0.0093,-1.0693,-0.698,0.032,0.71
25114244.0,-0.0234,0.0063,-1.0474,-0.149,-0.456,0.71
25127244.0,-0.0171,0.0044,-1.0693,-0.027,-0.151,0.649
25140244.0,-0.0186,0.0029,-1.0684,-0.088,-0.09,0.771
25153244.0,-0.0229,0.002,-1.062,-0.088,-0.09,0.466
25166244.0,-0.021,0.0039,-1.0664,-0.21,-0.212,0.832
25179244.0,-0.0229,0.0049,-1.0625,-0.271,0.032,0.71
25192244.0,-0.022,0.0024,-1.063,-0.088,-0.029,0.527
25205244.0,-0.0181,0.0029,-1.0625,-0.149,0.032,0.71
25218244.0,-0.0215,0.002,-1.0654,-0.21,-0.09,0.832
25231244.0,-0.019,0.0049,-1.0649,-0.21,-0.151,0.832
25244244.0,-0.0186,0.0034,-1.0615,0.156,-0.273,0.527
25257244.0,-0.0229,0.002,-1.0586,-0.21,-0.09,0.649
25270244.0,-0.0215,0.0049,-1.0586,0.095,-0.029,0.649
25283244.0,-0.0161,0.002,-1.0635,-0.088,0.032,0.832
25296244.0,-0.0166,0.0059,-1.0596,0.034,-0.029,0.771
25309244.0,-0.0215,0.0024,-1.063,0.095,-0.029,0.649
25322244.0,-0.0195,0.0049,-1.063,-0.149,0.032,0.649
25335244.0,-0.0176,0.0005,-1.062,0.034,0.032,0.527
25348244.0,-0.0195,0.0044,-1.0596,-0.027,-0.029,0.771
25361244.0,-0.02,0.0044,-1.0684,0.095,0.032,0.527
25374244.0,-0.02,0.001,-1.0659,-0.027,0.032,0.466
25387244.0,-0.019,0.0024,-1.062,-0.332,0.032,0.344
25400244.0,-0.0195,0.002,-1.0659,0.218,-0.09,0.527
25413244.0,-0.0195,0.0024,-1.0635,0.034,0.032,0.71
25426244.0,-0.019,0.002,-1.0664,-0.271,-0.273,0.588
25439244.0,-0.021,0.0029,-1.0688,-0.027,0.093,0.649
25452244.0,-0.02,0.0049,-1.064,-0.149,-0.09,0.771
25465244.0,-0.019,0.0024,-1.061,0.034,0.032,0.893
25478244.0,-0.019,0.0039,-1.063,-0.21,-0.151,0.527
25491244.0,-0.019,0.0039,-1.0654,0.034,-0.09,0.71
25504244.0,-0.022,0.0054,-1.061,0.095,-0.09,0.832
25517244.0,-0.0195,0.0015,-1.0659,0.095,-0.029,0.71
25530244.0,-0.0195,0.0015,-1.0635,-0.271,0.032,0.588
25543244.0,-0.0195,0.0088,-1.0649,0.034,-0.273,0.649
25556244.0,-0.0156,0.0034,-1.0557,0.095,0.276,0.771
25569244.0,-0.02,0.002,-1.062,-0.027,0.276,0.405
25582244.0,-0.0176,0.0034,-1.0664,-0.027,0.032,0.771
25595244.0,-0.0127,0.0024,-1.0654,-0.088,-0.273,0.71
25608244.0,-0.0176,0.0054,-1.0601,-0.149,0.093,0.71
25621244.0,-0.0225,0.0044,-1.0605,-0.027,-0.029,0.588
25634244.0,-0.0166,0.0054,-1.0688,-0.21,0.154,0.954
25647244.0,-0.0171,0.001,-1.0684,-0.027,-0.029,0.527
25660244.0,-0.019,0.001,-1.061,0.095,0.093,0.588
25673244.0,-0.0146,0.0044,-1.0649,-0.027,-0.029,0.344
25686244.0,-0.0176,0.0,-1.0649,0.218,-0.09,0.527
25699244.0,-0.0205,0.0029,-1.064,0.034,-0.151,0.771
25712244.0,-0.0215,0.0049,-1.0645,-0.027,-0.395,0.71
25725244.0,-0.0215,0.0059,-1.0591,0.218,-0.09,0.893
25738244.0,-0.0215,-0.0005,-1.0674,-0.027,-0.09,0.588
25751244.0,-0.0205,0.001,-1.063,-0.088,-0.212,0.771
25764244.0,-0.0176,0.0024,-1.0615,-0.027,-0.09,0.649
25777244.0,-0.0205,0.001,-1.062,-0.149,0.215,0.771
25790244.0,-0.0195,0.0024,-1.0649,-0.088,0.032,0.771
25803244.0,-0.0176,0.0005,-1.0615,-0.088,-0.029,0.71
25816244.0,-0.0195,0.0044,-1.0635,0.034,-0.151,0.649
25829244.0,-0.0225,0.0034,-1.062,0.095,-0.151,0.527
25842244.0,-0.0166,0.0029,-1.0635,0.156,0.032,0.344
25855244.0,-0.0176,0.0005,-1.0674,-0.027,-0.212,0.771
25868244.0,-0.0186,-0.001,-1.0654,-0.088,-0.151,0.649
25881244.0,-0.0166,0.0024,-1.0571,-0.149,0.093,0.649
25894244.0,-0.02,0.0049,-1.0635,-0.271,-0.029,0.527
25907244.0,-0.0181,0.0044,-1.0596,-0.21,-0.273,0.466
25920244.0,-0.021,0.0034,-1.063,-0.027,0.093,0.527
25933244.0,-0.0181,0.0044,-1.0698,-0.149,0.032,0.588
25946244.0,-0.0239,0.0034,-1.0635,0.156,-0.09,0.649
25959244.0,-0.0166,0.0068,-1.0635,0.034,0.032,0.649
25972244.0,-0.0244,0.0044,-1.0669,-0.21,-0.151,0.832
25985244.0,-0.02,0.0024,-1.0615,0.279,0.032,0.588
25998244.0,-0.0186,0.0029,-1.0576,0.34,0.154,0.71
26011244.0,-0.0547,0.0083,-1.0063,-5.825,-4.851,0.71
26024244.0,-0.0356,0.0059,-1.0249,1.194,-0.395,0.588
26037244.0,-0.0249,0.001,-1.0522,-1.064,-0.761,0.832
26050244.0,-0.0229,0.0063,-1.0522,0.767,0.032,0.71
26063244.0,-0.0181,-0.0005,-1.0659,-0.271,0.581,0.527
26076244.0,-0.0176,-0.0024,-1.0693,0.095,0.52,0.588
26089244.0,-0.0156,0.0005,-1.0815,1.743,1.375,0.588
26102244.0,-0.0181,0.0015,-1.063,-0.271,0.093,0.588
26115244.0,-0.0205,-0.0029,-1.0698,0.645,0.154,0.588
26128244.0,-0.0156,0.0088,-1.0508,0.279,0.215,0.71
26141244.0,-0.0166,0.0098,-1.0601,-2.041,-0.151,0.405
26154244.0,-0.0508,0.041,-0.9917,-2.041,-0.639,0.527
26167244.0,-0.0176,0.0015,-1.0596,0.767,0.276,0.527
26180244.0,-0.0273,-0.001,-1.062,0.401,-0.334,0.71
26193244.0,-0.0176,-0.001,-1.0757,0.34,-0.09,0.466
26206244.0,-0.0176,-0.001,-1.0771,0.095,0.093,0.588
26219244.0,-0.0229,0.0068,-1.0581,-0.088,0.032,0.405
26232244.0,-0.0205,0.0015,-1.0557,-0.21,-0.09,0.588
26245244.0,-0.0176,0.0049,-1.0625,-0.271,-0.151,0.71
26258244.0,-0.0195,0.002,-1.0645,0.034,0.032,0.588
26271244.0,-0.0146,0.002,-1.0532,0.218,0.093,0.71
26284244.0,-0.02,0.002,-1.0669,-0.027,-0.029,0.527
26297244.0,-0.0195,0.0049,-1.064,-0.027,0.154,0.771
26310244.0,-0.0186,-0.0005,-1.0605,-0.149,0.093,0.527
26323244.0,-0.0229,0.0044,-1.0586,-0.088,-0.151,0.771
26336244.0,-0.0205,0.0063,-1.0669,-0.027,-0.212,0.588
26349244.0,-0.0186,0.0059,-1.0708,0.034,0.276,0.649
26362244.0,-0.0205,0.0039,-1.0601,-0.149,-0.09,0.71
26375244.0,-0.0161,0.0034,-1.062,-0.21,-0.029,0.466
26388244.0,-0.0239,0.0054,-1.0645,-0.149,0.093,0.588
26401244.0,-0.0225,0.0029,-1.0605,0.034,0.093,0.588
26414244.0,-0.022,0.0024,-1.0688,-0.027,0.032,0.466
26427244.0,-0.0195,0.0015,-1.0635,-0.088,0.215,0.71
26440244.0,-0.0205,0.0039,-1.061,-0.088,-0.151,0.649
26453244.0,-0.0205,0.0024,-1.0605,0.218,-0.029,0.832
26466244.0,-0.019,0.0029,-1.062,0.034,-0.029,0.588
26479244.0,-0.02,0.0029,-1.0586,0.095,0.032,0.893
26492244.0,-0.02,0.0039,-1.0596,0.218,-0.151,0.771
26505244.0,-0.0215,0.0054,-1.0698,-0.149,-0.09,0.588
26518244.0,-0.0181,0.0029,-1.0693,-0.088,0.032,0.832
26531244.0,-0.019,0.0049,-1.0571,-0.027,-0.029,0.71
26544244.0,-0.02,0.0029,-1.0669,-0.027,-0.212,0.588
26557244.0,-0.02,0.0,-1.063,-0.271,0.032,0.649
26570244.0,-0.0195,0.0,-1.0601,-0.21,-0.151,0.649
26583244.0,-0.0229,0.0039,-1.0713,0.034,0.032,0.832
26596244.0,-0.019,0.001,-1.0581,0.034,-0.212,0.71
26609244.0,-0.0205,0.0039,-1.063,-0.21,-0.212,0.832
26622244.0,-0.0215,0.0029,-1.0688,0.034,0.154,0.588
26635244.0,-0.021,0.0059,-1.0601,0.156,-0.09,0.588
26648244.0,-0.0205,0.0029,-1.0654,-0.088,0.032,0.466
26661244.0,-0.021,0.0054,-1.0571,-0.088,-0.029,0.527
26674244.0,-0.0176,0.0039,-1.0659,-0.088,0.093,0.832
26687244.0,-0.0234,0.0088,-1.0674,-0.027,0.032,0.71
26700244.0,-0.0176,0.0068,-1.062,0.095,-0.212,0.527
26713244.0,-0.021,0.0015,-1.0659,-0.149,0.093,0.71
26726244.0,-0.021,0.0034,-1.0596,-0.027,-0.212,0.527
26739244.0,-0.022,0.0034,-1.0615,0.095,0.032,0.649
26752244.0,-0.021,0.0024,-1.063,0.034,-0.151,0.649
26765244.0,-0.0215,0.0054,-1.064,-0.027,0.032,0.71
26778244.0,-0.0186,0.0024,-1.0664,0.095,0.215,0.588
26791244.0,-0.0249,0.0015,-1.0605,0.034,0.093,0.466
26804244.0,-0.0195,0.0015,-1.0654,-0.21,-0.09,0.771
26817244.0,-0.0259,0.0015,-1.0605,-0.027,-0.029,0.649
26830244.0,-0.0186,0.0049,-1.063,0.095,0.032,0.832
26843244.0,-0.0195,0.0059,-1.0669,0.156,0.093,0.771
26856244.0,-0.0176,0.0039,-1.0635,0.156,-0.029,0.588
26869244.0,-0.0195,0.0034,-1.0635,0.034,0.093,0.588
26882244.0,-0.0181,0.0005,-1.0635,-0.088,0.032,0.71
26895244.0,-0.0205,0.0024,-1.0601,-0.027,-0.029,0.466
26908244.0,-0.0225,0.0015,-1.064,0.156,-0.09,0.771
26921244.0,-0.0176,0.0059,-1.064,-0.088,0.093,0.527
26934244.0,-0.021,0.0024,-1.0596,0.156,0.032,0.71
26947244.0,-0.0205,0.0044,-1.0635,0.034,0.032,0.893
26960244.0,-0.02,0.0049,-1.0703,-0.027,0.215,0.71
26973244.0,-0.02,0.0049,-1.061,-0.393,-0.212,0.893
26986244.0,-0.021,0.0039,-1.0728,0.034,-0.151,0.588
26999244.0,-0.0195,0.0059,-1.064,-0.027,-0.09,0.71
27012244.0,-0.0195,0.0039,-1.0615,-0.21,-0.029,0.405
27025244.0,-0.0186,0.0029,-1.0576,0.034,0.032,0.588
27038244.0,-0.0166,0.0015,-1.0635,0.034,-0.029,0.588
27051244.0,-0.0205,0.0034,-1.062,-0.088,0.093,0.771
27064244.0,-0.0205,0.0034,-1.0659,-0.149,0.215,0.588
27077244.0,-0.021,0.0049,-1.0605,-0.027,-0.029,0.954
27090244.0,-0.0176,0.002,-1.063,-0.088,-0.09,0.893
27103244.0,-0.0166,0.0049,-1.0679,-0.027,-0.09,0.71
27116244.0,-0.02,0.0024,-1.0522,-0.027,0.032,0.71
27129244.0,-0.0186,0.0015,-1.0605,-0.149,-0.09,0.771
27142244.0,-0.0205,0.0024,-1.0615,-0.027,0.093,0.832
27155244.0,-0.02,0.0024,-1.0659,0.156,-0.029,0.527
27168244.0,-0.0225,0.0049,-1.0645,0.156,0.032,0.771
27181244.0,-0.0229,0.0068,-1.0576,-0.21,-0.029,0.71
27194244.0,-0.0142,0.0034,-1.0684,-0.027,-0.09,0.71
27207244.0,-0.0186,0.0,-1.064,-0.21,0.032,0.893
27220244.0,-0.0156,0.0044,-1.0625,-0.088,0.154,0.588
27233244.0,-0.0166,0.0029,-1.0601,-0.027,-0.029,0.588
27246244.0,-0.0181,0.0059,-1.0605,-0.149,-0.09,0.954
27259244.0,-0.02,0.0034,-1.063,-0.271,-0.151,0.649
27272244.0,-0.0195,0.0024,-1.064,-0.088,0.032,0.527
27285244.0,-0.021,0.0039,-1.0713,-0.027,-0.09,0.588
27298244.0,-0.019,0.0078,-1.0625,-0.088,-0.151,0.71
27311244.0,-0.021,0.0029,-1.0659,0.034,-0.09,0.649
27324244.0,-0.021,0.0068,-1.0654,0.095,-0.029,0.893
27337244.0,-0.0215,0.0039,-1.0688,0.034,0.154,0.832
27350244.0,-0.0181,0.0039,-1.0669,-0.027,0.215,0.649
27363244.0,-0.0186,0.0039,-1.0625,-0.027,0.093,0.771
27376244.0,-0.0195,0.0039,-1.0674,-0.027,0.093,0.588
27389244.0,-0.0146,0.0054,-1.0615,-0.21,-0.151,0.71
27402244.0,-0.019,0.0034,-1.063,0.156,-0.029,0.71
27415244.0,-0.02,-0.001,-1.0635,-0.149,-0.212,0.649
27428244.0,-0.02,0.0068,-1.0659,-0.027,-0.09,0.832
27441244.0,-0.0195,0.0054,-1.062,-0.027,0.032,0.466
27454244.0,-0.0215,0.0034,-1.0635,-0.027,0.093,0.466
27467244.0,-0.022,0.0054,-1.062,-0.027,-0.334,0.771
27480244.0,-0.021,0.0044,-1.0601,-0.027,-0.334,0.771
27493244.0,-0.019,0.0044,-1.0527,-0.149,-0.029,0.588
27506244.0,-0.0234,0.0,-1.0693,-0.027,-0.029,0.649
27519244.0,-0.022,0.0029,-1.0659,0.156,0.215,0.588
27532244.0,-0.02,0.0054,-1.063,-0.21,-0.09,0.588
27545244.0,-0.022,0.002,-1.064,-0.21,0.093,0.527
27558244.0,-0.0186,0.0015,-1.064,-0.027,0.093,0.832
27571244.0,-0.021,0.0029,-1.0615,-0.149,-0.212,0.71
27584244.0,-0.0239,0.0044,-1.0615,0.034,0.154,0.893
27597244.0,-0.0176,0.0049,-1.063,-0.027,-0.09,0.71
27610244.0,-0.0186,0.0015,-1.0664,-0.088,0.093,0.588
27623244.0,-0.0215,0.0024,-1.0615,0.095,-0.151,0.71
27636244.0,-0.0239,0.0068,-1.062,0.095,-0.029,0.71
27649244.0,-0.0186,0.002,-1.0635,0.095,0.093,0.893
27662244.0,-0.021,0.0059,-1.0645,-0.027,0.032,0.71
27675244.0,-0.0176,0.001,-1.0684,0.095,-0.151,0.649
27688244.0,-0.019,0.0039,-1.064,0.218,-0.09,0.649
27701244.0,-0.0186,0.002,-1.0635,-0.027,-0.212,0.649
27714244.0,-0.0166,0.0,-1.0581,-0.149,0.154,0.649
27727244.0,-0.021,0.0044,-1.0674,-0.149,0.032,0.588
27740244.0,-0.0244,0.002,-1.0664,0.218,0.093,0.71
27753244.0,-0.0215,0.0034,-1.0688,0.156,-0.09,0.771
27766244.0,-0.019,0.0063,-1.0615,-0.21,-0.334,0.832
27779244.0,-0.022,0.0044,-1.0557,0.218,-0.09,0.71
27792244.0,-0.021,0.0039,-1.0723,0.095,0.093,0.466
27805244.0,-0.0156,0.0015,-1.0591,-0.027,0.032,0.405
27818244.0,-0.0161,0.0054,-1.0566,-0.088,0.276,0.527
27831244.0,-0.0186,0.0049,-1.0596,-0.149,0.215,0.771
27844244.0,-0.0176,0.0034,-1.0586,0.218,-0.09,0.527
27857244.0,-0.0195,0.001,-1.0601,0.034,0.093,0.649
27870244.0,-0.0166,-0.001,-1.063,0.095,-0.151,0.588
27883244.0,-0.0176,0.0059,-1.0654,-0.088,-0.09,0.771
27896244.0,-0.0205,0.0039,-1.0684,-0.21,-0.029,0.527
27909244.0,-0.0161,0.0049,-1.0605,-0.21,0.032,0.649
27922244.0,-0.022,0.0029,-1.0664,-0.271,-0.029,0.771
27935244.0,-0.0205,0.0049,-1.0605,-0.393,-0.212,0.71
27948244.0,-0.0259,0.0088,-1.0581,-0.027,-0.09,0.832
27961244.0,-0.02,0.0034,-1.0625,-0.027,-0.029,0.893
27974244.0,-0.02,0.002,-1.0649,-0.332,-0.151,0.771
27987244.0,-0.0225,0.0059,-1.0688,-0.027,0.215,0.832
28000244.0,-0.0195,0.0039,-1.0669,-0.088,0.093,0.71
28013244.0,-0.02,0.0039,-1.0625,-0.027,-0.151,0.71
28026244.0,-0.0195,0.002,-1.0635,0.034,0.032,0.71
28039244.0,-0.0181,0.0039,-1.0664,-0.149,-0.09,0.71
28052244.0,-0.0195,0.0068,-1.0615,0.095,-0.029,0.649
28065244.0,-0.0249,0.001,-1.0679,0.034,-0.029,0.527
28078244.0,-0.02,0.0063,-1.0605,0.034,-0.029,0.588
28091244.0,-0.0161,0.0039,-1.0625,-0.271,0.032,0.71
28104244.0,-0.0176,0.0034,-1.0649,-0.149,-0.212,0.649
28117244.0,-0.0181,0.0015,-1.0645,-0.149,0.032,0.527
28130244.0,-0.0186,0.001,-1.0615,0.156,-0.212,0.771
28143244.0,-0.02,0.0059,-1.0625,-0.027,0.032,0.649
28156244.0,-0.019,0.0029,-1.063,-0.149,0.215,0.527
28169244.0,-0.0215,0.0024,-1.0571,0.034,0.032,0.466
28182244.0,-0.021,0.0039,-1.062,0.034,-0.09,0.588
28195244.0,-0.0205,0.0034,-1.0708,-0.027,0.154,0.527
28208244.0,-0.019,0.0039,-1.061,0.034,0.154,0.588
28221244.0,-0.0205,0.0068,-1.0635,-0.332,-0.09,0.588
28234244.0,-0.0171,0.0044,-1.0635,0.156,0.032,0.893
28247244.0,-0.0215,0.0039,-1.0596,-0.149,-0.273,0.527
28260244.0,-0.0166,-0.0005,-1.062,-0.027,-0.151,0.771
28273244.0,-0.0186,0.0034,-1.0591,-0.271,0.032,0.649
28286244.0,-0.0225,0.0024,-1.0708,0.156,-0.029,0.771
28299244.0,-0.0176,0.0044,-1.0625,-0.149,-0.09,0.71
28312244.0,-0.0244,0.0,-1.062,0.095,0.215,0.588
28325244.0,-0.022,0.0039,-1.0645,-0.027,0.032,0.832
28338244.0,-0.0225,0.0015,-1.0601,-0.21,0.032,0.649
28351244.0,-0.0215,0.0044,-1.0654,0.095,-0.212,0.954
28364244.0,-0.021,0.0024,-1.0615,-0.149,-0.09,0.71
28377244.0,-0.0205,0.0044,-1.0674,-0.21,-0.151,0.71
28390244.0,-0.0205,0.0063,-1.0708,0.156,-0.09,0.71
28403244.0,-0.0239,0.0049,-1.0645,0.218,-0.09,0.893
28416244.0,-0.0215,0.002,-1.0635,0.034,-0.334,0.466
28429244.0,-0.022,0.0073,-1.0693,0.156,0.093,0.588
28442244.0,-0.021,0.0029,-1.0605,0.034,-0.029,0.71
28455244.0,-0.02,0.0015,-1.0596,-0.027,-0.151,0.649
28468244.0,-0.0171,0.0034,-1.061,0.218,-0.029,0.649
28481244.0,-0.0205,0.0054,-1.062,-0.027,-0.151,0.649
28494244.0,-0.0176,0.0039,-1.0649,0.034,-0.151,0.649
28507244.0,-0.021,0.0015,-1.0649,-0.088,0.093,0.71
28520244.0,-0.02,0.002,-1.0615,0.095,0.093,0.527
28533244.0,-0.0244,0.002,-1.0601,0.095,0.093,0.771
28546244.0,-0.0186,0.0024,-1.0659,0.095,0.032,0.71
28559244.0,-0.0244,0.0024,-1.0596,0.034,0.032,0.71
28572244.0,-0.0205,0.0098,-1.062,0.095,-0.029,0.649
28585244.0,-0.019,0.0,-1.0679,0.095,-0.09,0.71
28598244.0,-0.022,0.0024,-1.0615,0.034,-0.09,0.649
28611244.0,-0.0142,0.0039,-1.0635,-0.088,-0.09,0.649
28624244.0,-0.0127,0.0034,-1.0615,0.156,-0.029,0.466
28637244.0,-0.0225,0.0049,-1.064,-0.149,-0.029,0.954
28650244.0,-0.0225,0.0044,-1.0659,-0.149,0.154,0.71
28663244.0,-0.02,0.0015,-1.0601,0.095,-0.029,0.71
28676244.0,-0.0225,-0.001,-1.0605,0.095,0.154,0.649
28689244.0,-0.019,0.002,-1.0625,0.095,0.215,0.466
28702244.0,-0.019,0.002,-1.0605,-0.149,-0.029,0.771
28715244.0,-0.0186,0.0015,-1.0645,-0.027,-0.151,0.588
28728244.0,-0.0205,0.0024,-1.0596,-0.149,-0.273,0.71
28741244.0,-0.0161,0.0029,-1.0615,0.095,0.032,0.588
28754244.0,-0.0186,0.0059,-1.0615,-0.088,-0.151,0.71
28767244.0,-0.0205,0.0034,-1.0649,0.034,-0.151,0.649
28780244.0,-0.0234,0.0068,-1.0674,-0.027,-0.029,0.71
28793244.0,-0.0225,0.001,-1.0693,-0.088,0.093,0.893
28806244.0,-0.022,0.0034,-1.0571,-0.088,-0.151,0.771
28819244.0,-0.0215,0.0054,-1.064,0.156,-0.09,0.527
28832244.0,-0.019,0.0049,-1.0581,0.095,-0.029,0.771
28845244.0,-0.0234,0.002,-1.0601,-0.149,0.093,0.649
28858244.0,-0.019,0.0015,-1.063,0.095,-0.212,0.771
28871244.0,-0.0161,0.0039,-1.0645,-0.149,-0.029,0.466
28884244.0,-0.0215,0.0,-1.0688,0.034,0.215,0.71
28897244.0,-0.0166,0.0029,-1.0635,-0.149,0.093,0.527
28910244.0,-0.0234,0.001,-1.0649,-0.027,-0.212,0.832
28923244.0,-0.0205,0.0039,-1.0615,-0.027,-0.09,0.466
28936244.0,-0.02,0.0054,-1.062,-0.088,0.032,0.71
28949244.0,-0.0215,0.0039,-1.0674,-0.027,-0.151,0.649
28962244.0,-0.0225,0.002,-1.0566,-0.088,-0.212,0.588
28975244.0,-0.0171,0.002,-1.0669,0.095,-0.029,0.771
28988244.0,-0.022,0.002,-1.0615,-0.027,-0.09,0.527
29001244.0,-0.0195,0.0059,-1.0654,-0.027,-0.029,0.832
29014244.0,-0.0225,0.0039,-1.0601,-0.027,-0.029,0.588
29027244.0,-0.0239,0.0015,-1.0615,-0.271,0.032,0.527
29040244.0,-0.021,0.0049,-1.062,-0.149,-0.212,0.649
29053244.0,-0.019,0.0044,-1.0625,-0.088,-0.029,0.527
29066244.0,-0.0244,0.0,-1.0679,0.156,0.093,0.527
29079244.0,-0.0239,0.001,-1.0615,-0.088,-0.212,0.832
29092244.0,-0.0161,0.0015,-1.0664,0.034,0.093,1.015
29105244.0,-0.0166,0.0039,-1.0713,0.156,-0.029,0.771
29118244.0,-0.0239,0.0015,-1.064,0.156,-0.151,0.588
29131244.0,-0.0215,0.0034,-1.0625,-0.271,-0.09,0.588
29144244.0,-0.022,0.0044,-1.0659,0.034,0.215,0.588
29157244.0,-0.0205,0.0015,-1.0664,-0.027,0.093,0.649
29170244.0,-0.0156,0.0029,-1.0635,-0.088,-0.212,0.649
29183244.0,-0.022,0.002,-1.062,-0.088,0.154,0.832
29196244.0,-0.0229,0.0034,-1.0586,-0.027,0.093,0.649
29209244.0,-0.0215,0.0015,-1.0581,0.095,0.337,0.832
29222244.0,-0.0239,0.0034,-1.063,0.095,0.032,0.71
29235244.0,-0.0186,0.0049,-1.061,-0.149,0.032,0.588
29248244.0,-0.0205,0.0078,-1.063,0.034,0.032,0.71
29261244.0,-0.0205,0.0059,-1.0654,-0.21,-0.029,0.588
29274244.0,-0.022,0.0024,-1.0581,-0.088,-0.09,0.649
29287244.0,-0.0205,0.0044,-1.0659,-0.149,0.032,0.527
29300244.0,-0.0195,0.0029,-1.0635,0.034,-0.029,0.832
29313244.0,-0.02,0.0054,-1.0688,-0.088,0.032,0.649
29326244.0,-0.019,0.0054,-1.0688,0.034,-0.151,0.588
29339244.0,-0.021,0.0024,-1.0649,0.034,-0.029,0.832
29352244.0,-0.0229,0.0005,-1.0596,-0.088,-0.09,0.832
29365244.0,-0.0225,0.0024,-1.0645,0.034,0.032,0.71
29378244.0,-0.02,0.0015,-1.0615,-0.088,-0.029,0.771
29391244.0,-0.02,0.0049,-1.0635,-0.149,-0.212,0.649
29404244.0,-0.0156,0.0039,-1.061,0.034,0.154,0.771
29417244.0,-0.0161,0.0054,-1.064,0.034,-0.09,0.588
29430244.0,-0.0215,0.0034,-1.061,-0.21,-0.151,0.527
29443244.0,-0.0225,0.0039,-1.0635,-0.027,0.154,0.71
29456244.0,-0.0244,0.0029,-1.0679,0.034,-0.212,0.649
29469244.0,-0.019,0.0063,-1.0581,-0.149,0.093,0.649
29482244.0,-0.0195,0.001,-1.0698,-0.332,-0.212,0.649
29495244.0,-0.02,0.0029,-1.0698,0.034,-0.09,0.71
29508244.0,-0.022,0.0034,-1.0659,-0.088,-0.09,0.588
29521244.0,-0.0215,0.0049,-1.0659,-0.149,-0.151,0.588
29534244.0,-0.0205,0.0029,-1.0649,0.034,-0.09,0.588
29547244.0,-0.0229,-0.0005,-1.0645,-0.149,-0.029,0.466
29560244.0,-0.0205,0.0024,-1.0591,-0.21,0.154,0.954
29573244.0,-0.0239,0.0024,-1.0635,-0.21,-0.029,0.832
29586244.0,-0.0229,0.0015,-1.0649,-0.149,-0.212,0.71
29599244.0,-0.0225,0.0015,-1.0625,0.034,-0.212,0.527
29612244.0,-0.019,0.0029,-1.0625,-0.088,0.154,0.588
29625244.0,-0.0225,0.0044,-1.0645,0.034,0.032,0.588
29638244.0,-0.0215,0.0044,-1.0547,0.156,-0.09,0.588
29651244.0,-0.0244,0.0063,-1.0649,-0.149,-0.151,0.527
29664244.0,-0.0161,0.0034,-1.063,0.034,0.215,0.588
29677244.0,-0.0195,0.0059,-1.0669,-0.149,0.032,0.71
29690244.0,-0.0186,0.0044,-1.0596,-0.088,0.093,0.71
29703244.0,-0.021,0.0034,-1.0654,-0.088,-0.029,0.649
29716244.0,-0.0229,0.0029,-1.0635,-0.088,-0.029,0.71
29729244.0,-0.02,0.0024,-1.0581,-0.027,-0.151,0.588
29742244.0,-0.02,0.0044,-1.0625,-0.271,-0.273,0.771
29755244.0,-0.0205,0.0029,-1.061,0.218,-0.029,0.588
29768244.0,-0.021,0.0024,-1.0649,0.034,0.032,0.527
29781244.0,-0.0181,0.0063,-1.0605,-0.149,0.154,0.588
29794244.0,-0.0239,0.0005,-1.0635,0.156,0.032,0.832
29807244.0,-0.021,-0.0005,-1.0537,-0.088,-0.029,0.649
29820244.0,-0.0195,0.0015,-1.0679,-0.149,-0.151,0.71
29833244.0,-0.0195,0.001,-1.0649,-0.149,-0.029,0.588
29846244.0,-0.0225,-0.0015,-1.0664,-0.149,-0.151,0.71
29859244.0,-0.019,0.0024,-1.0615,-0.088,-0.151,0.588
29872244.0,-0.0161,-0.0034,-1.0605,-0.088,0.032,0.588
29885244.0,-0.021,0.0049,-1.0615,0.095,-0.029,0.649
29898244.0,-0.0195,0.0034,-1.0669,0.034,-0.09,0.466
29911244.0,-0.0181,0.002,-1.062,-0.21,0.093,0.649
29924244.0,-0.0205,0.0039,-1.0581,-0.027,0.093,0.527
29937244.0,-0.0186,0.0029,-1.062,0.218,0.032,0.71
29950244.0,-0.022,0.0063,-1.0625,-0.027,0.093,0.649
29963244.0,-0.0215,0.0063,-1.0615,0.034,-0.151,0.771
29976244.0,-0.0171,0.0034,-1.064,-0.149,-0.151,0.771
29989244.0,-0.019,0.002,-1.061,-0.027,0.032,0.344
30002244.0,-0.022,-0.0005,-1.0635,0.034,0.032,0.649
30015244.0,-0.0181,0.0044,-1.0596,-0.027,0.093,0.649
30028244.0,-0.021,0.001,-1.0664,0.034,-0.09,0.71
30041244.0,-0.0171,0.0005,-1.0591,-0.027,-0.029,0.588
30054244.0,-0.0166,0.0029,-1.0615,0.095,0.154,0.771
30067244.0,-0.0205,0.002,-1.0576,0.218,-0.029,0.649
30080244.0,-0.0181,0.0034,-1.0674,-0.088,0.032,0.893
30093244.0,-0.0181,0.0059,-1.0635,-0.332,0.093,0.649
30106244.0,-0.0181,0.0024,-1.0669,-0.149,-0.151,0.527
30119244.0,-0.0225,0.0044,-1.0635,0.095,0.154,0.649
30132244.0,-0.0215,0.0029,-1.0605,0.034,-0.029,0.649
30145244.0,-0.0205,0.0054,-1.0625,0.095,-0.09,0.588
30158244.0,-0.0181,0.0044,-1.0649,0.095,0.032,0.588
30171244.0,-0.0186,0.0024,-1.061,0.034,-0.09,0.771
30184244.0,-0.022,0.0024,-1.0645,0.156,-0.151,0.344
30197244.0,-0.022,0.0044,-1.0635,-0.393,0.093,0.71
30210244.0,-0.022,0.0063,-1.0664,-0.271,0.154,0.588
30223244.0,-0.019,0.0044,-1.0635,0.034,0.032,0.71
30236244.0,-0.02,0.0039,-1.0601,0.218,0.032,0.466
30249244.0,-0.021,0.0039,-1.0659,-0.027,-0.09,0.466
30262244.0,-0.0205,0.0034,-1.0605,-0.21,0.032,0.649
30275244.0,-0.019,0.0,-1.0625,-0.271,0.032,0.527
30288244.0,-0.0244,0.0034,-1.0615,-0.088,-0.09,0.466
30301244.0,-0.022,0.0039,-1.0645,-0.21,-0.334,0.527
30314244.0,-0.019,0.0029,-1.0596,-0.21,0.276,0.405
30327244.0,-0.0205,0.0054,-1.064,-0.21,-0.09,0.771
30340244.0,-0.0181,0.0034,-1.0591,-0.271,0.032,0.527
30353244.0,-0.02,0.0034,-1.0654,0.095,0.093,0.588
30366244.0,-0.0181,0.0068,-1.0649,0.095,-0.09,0.527
30379244.0,-0.02,0.0039,-1.0635,0.034,0.032,0.588
30392244.0,-0.021,0.0073,-1.0659,-0.454,0.093,0.771
30405244.0,-0.02,0.002,-1.0664,0.034,-0.151,0.649
30418244.0,-0.0161,0.0024,-1.0635,-0.21,-0.273,0.649
30431244.0,-0.0215,0.0039,-1.0635,-0.21,0.032,0.71
30444244.0,-0.019,0.0054,-1.064,0.034,0.154,0.527
30457244.0,-0.021,0.0039,-1.0635,-0.027,0.032,0.771
30470244.0,-0.02,0.002,-1.0645,-0.027,-0.029,0.71
30483244.0,-0.0195,0.0059,-1.0571,0.156,-0.029,0.649
30496244.0,-0.0205,0.0034,-1.063,-0.027,0.154,0.588
30509244.0,-0.0181,0.0054,-1.0659,-0.027,-0.09,0.649
30522244.0,-0.0225,0.0054,-1.062,0.156,-0.151,0.649
30535244.0,-0.0181,0.0024,-1.061,0.034,0.154,0.588
30548244.0,-0.019,0.0029,-1.0615,-0.088,0.093,0.405
30561244.0,-0.0181,0.0,-1.0698,0.034,-0.029,0.588
30574244.0,-0.0186,0.0049,-1.0591,-0.088,-0.029,0.466
30587244.0,-0.0225,0.001,-1.0596,0.218,0.154,0.466
30600244.0,-0.02,0.0044,-1.0615,-0.149,-0.09,0.527
30613244.0,-0.022,0.0015,-1.0664,0.156,0.093,0.588
30626244.0,-0.0205,0.001,-1.0659,0.095,-0.029,0.588
30639244.0,-0.021,0.0015,-1.0605,-0.088,-0.151,0.71
30652244.0,-0.0225,0.0034,-1.0645,-0.088,-0.09,0.588
30665244.0,-0.021,0.0039,-1.0571,-0.027,0.032,0.71
30678244.0,-0.0215,0.001,-1.0688,0.034,-0.212,0.405
30691244.0,-0.0205,0.0044,-1.0698,-0.027,-0.029,0.71
30704244.0,-0.02,-0.001,-1.0654,-0.21,-0.151,0.527
30717244.0,-0.0186,0.0005,-1.0674,-0.027,0.093,0.344
30730244.0,-0.0171,0.002,-1.0664,-0.027,-0.151,0.771
30743244.0,-0.0176,0.0049,-1.064,0.156,0.032,0.588
30756244.0,-0.021,0.0024,-1.0674,0.218,0.032,0.832
30769244.0,-0.0215,0.0054,-1.0654,-0.027,0.032,0.771
30782244.0,-0.0195,0.0049,-1.0645,-0.21,-0.029,0.771
30795244.0,-0.0186,0.0063,-1.0635,-0.21,-0.151,0.527
30808244.0,-0.0186,0.002,-1.0659,-0.088,0.093,0.588
30821244.0,-0.02,0.0039,-1.0576,-0.088,-0.151,0.588
30834244.0,-0.0215,0.002,-1.064,-0.088,-0.029,0.649
30847244.0,-0.019,0.0054,-1.0591,-0.088,-0.029,0.71
30860244.0,-0.0244,0.0063,-1.063,0.034,-0.09,0.649
30873244.0,-0.02,0.0024,-1.0674,-0.088,-0.029,0.954
30886244.0,-0.0225,-0.0005,-1.0625,-0.088,-0.09,0.588
30899244.0,-0.0195,0.0034,-1.0645,0.034,0.032,0.588
30912244.0,-0.0195,0.0015,-1.0581,-0.027,-0.151,0.649
30925244.0,-0.0161,0.0063,-1.0649,-0.149,0.093,0.527
30938244.0,-0.0195,0.0044,-1.0605,-0.149,0.093,0.893
30951244.0,-0.019,0.0015,-1.0552,-0.088,-0.09,0.71
30964244.0,-0.02,0.0024,-1.0669,-0.21,-0.09,0.771
30977244.0,-0.0225,0.0039,-1.0625,-0.149,0.093,0.588
30990244.0,-0.0195,0.0059,-1.0674,0.095,0.032,0.527
31003244.0,-0.0195,0.0054,-1.0684,0.034,-0.212,0.771
31016244.0,-0.0186,0.0039,-1.063,-0.21,-0.151,0.71
31029244.0,-0.0195,0.0029,-1.0659,-0.21,0.032,0.832
31042244.0,-0.019,0.0034,-1.0669,-0.027,-0.212,0.527
31055244.0,-0.02,0.0024,-1.0649,-0.027,-0.273,0.71
31068244.0,-0.0171,0.0039,-1.0654,0.095,-0.151,0.466
31081244.0,-0.0205,0.0044,-1.0645,-0.149,0.032,0.649
31094244.0,-0.0229,0.0044,-1.0645,0.156,-0.09,0.649
31107244.0,-0.0234,0.002,-1.0635,0.034,0.093,0.71
31120244.0,-0.019,0.0039,-1.0703,-0.088,-0.273,0.527
31133244.0,-0.019,0.0029,-1.0674,0.095,0.215,0.649
31146244.0,-0.0225,0.0024,-1.0625,-0.393,-0.09,0.832
31159244.0,-0.0234,0.0024,-1.0664,-0.149,-0.09,0.527
31172244.0,-0.0254,0.0024,-1.0615,-0.21,-0.029,0.771
31185244.0,-0.0195,0.0049,-1.0698,-0.21,0.093,0.649
31198244.0,-0.0195,0.0024,-1.061,-0.088,-0.151,0.832
31211244.0,-0.021,0.0044,-1.0635,-0.271,0.032,0.893
31224244.0,-0.0239,0.0039,-1.0654,0.034,-0.029,0.893
31237244.0,-0.0195,-0.001,-1.0615,-0.088,0.154,0.527
31250244.0,-0.0195,0.0054,-1.0649,-0.088,0.093,0.649
31263244.0,-0.021,0.0044,-1.0591,-0.149,-0.151,0.588
31276244.0,-0.0186,0.0044,-1.0649,0.034,0.032,0.71
31289244.0,-0.0205,0.0039,-1.0649,-0.088,0.032,0.893
31302244.0,-0.0176,0.002,-1.063,0.034,0.154,0.466
31315244.0,-0.02,0.0,-1.064,0.156,-0.151,0.588
31328244.0,-0.021,0.0029,-1.0601,-0.088,-0.09,0.527
31341244.0,-0.0215,0.0093,-1.0654,-0.149,-0.09,0.649
31354244.0,-0.0234,0.0044,-1.0645,-0.088,0.032,0.588
31367244.0,-0.0229,0.0044,-1.061,-0.088,-0.212,0.71
31380244.0,-0.0171,0.0,-1.0615,-0.149,-0.151,0.71
31393244.0,-0.02,0.0,-1.0649,-0.088,0.032,0.649
31406244.0,-0.019,0.0024,-1.0645,-0.027,-0.029,0.588
31419244.0,-0.0215,0.0039,-1.0615,-0.21,0.093,0.588
31432244.0,-0.0225,0.0024,-1.0596,0.156,-0.151,0.588
31445244.0,-0.0215,0.002,-1.0601,-0.149,-0.029,0.832
31458244.0,-0.0181,0.0054,-1.0669,0.156,-0.151,0.71
31471244.0,-0.0161,0.0059,-1.0679,0.034,-0.029,0.893
31484244.0,-0.021,0.0034,-1.0586,-0.088,-0.212,0.588
31497244.0,-0.0186,0.0024,-1.063,0.034,0.032,0.588
31510244.0,-0.0181,0.0024,-1.0679,0.095,-0.09,0.832
31523244.0,-0.0229,0.0054,-1.0591,-0.088,0.032,0.71
31536244.0,-0.0229,0.0044,-1.0679,0.095,-0.029,0.893
31549244.0,-0.0205,0.0054,-1.0635,-0.027,-0.09,0.71
31562244.0,-0.0186,0.0024,-1.0586,0.095,0.093,0.649
31575244.0,-0.0171,0.0044,-1.0586,-0.027,0.154,0.649
31588244.0,-0.0215,0.0015,-1.063,0.034,0.154,0.649
31601244.0,-0.0176,0.0073,-1.064,-0.027,0.032,0.832
31614244.0,-0.02,0.0024,-1.063,-0.088,-0.212,0.832
31627244.0,-0.0171,0.0044,-1.0625,-0.088,-0.151,0.771
31640244.0,-0.0195,0.0044,-1.0591,0.095,0.154,0.527
31653244.0,-0.0205,0.0059,-1.0654,-0.21,-0.151,0.771
31666244.0,-0.0225,0.0024,-1.0615,0.095,-0.09,0.588
31679244.0,-0.0215,0.0068,-1.0659,-0.21,-0.029,0.832
31692244.0,-0.0161,0.0049,-1.0659,-0.027,0.215,0.405
31705244.0,-0.0171,0.0034,-1.0649,-0.027,-0.151,0.71
31718244.0,-0.0205,0.0039,-1.0625,-0.027,-0.09,0.588
31731244.0,-0.019,0.002,-1.0654,-0.21,-0.151,0.771
31744244.0,-0.0215,0.0034,-1.0713,-0.149,0.093,0.71
31757244.0,-0.02,0.0054,-1.063,0.034,-0.212,0.832
31770244.0,-0.0195,0.0073,-1.0615,-0.21,0.032,0.527
31783244.0,-0.0229,0.0034,-1.0679,-0.21,0.093,0.466
31796244.0,-0.0195,0.0044,-1.0615,0.034,-0.09,0.649
31809244.0,-0.021,0.0068,-1.0615,-0.027,0.032,0.649
31822244.0,-0.0215,0.0049,-1.0635,-0.271,-0.029,0.466
31835244.0,-0.0225,0.0024,-1.062,-0.027,-0.029,0.649
31848244.0,-0.019,0.001,-1.0732,0.034,0.093,0.649
31861244.0,-0.0166,0.0044,-1.0649,-0.027,0.154,0.649
31874244.0,-0.02,0.0039,-1.0591,-0.027,0.276,0.466
31887244.0,-0.0225,0.0024,-1.0684,-0.088,-0.151,0.649
31900244.0,-0.0186,0.0054,-1.0596,0.034,-0.212,0.527
31913244.0,-0.0195,0.0039,-1.0586,-0.149,0.093,0.649
31926244.0,-0.0205,0.001,-1.0586,-0.149,-0.273,0.649
31939244.0,-0.0239,0.0034,-1.0649,-0.027,-0.151,0.71
31952244.0,-0.02,0.0034,-1.0669,-0.027,-0.029,0.71
31965244.0,-0.0215,0.0,-1.064,-0.21,-0.395,0.771
31978244.0,-0.0259,0.0015,-1.0664,0.034,0.276,0.71
31991244.0,-0.022,0.001,-1.0601,0.156,0.032,0.71
32004244.0,-0.019,0.0044,-1.0659,-0.271,-0.029,0.527
32017244.0,-0.021,0.0,-1.0649,0.095,0.093,0.588
32030244.0,-0.021,0.0,-1.0684,0.095,0.093,0.71
32043244.0,-0.021,0.0015,-1.0659,-0.271,0.276,0.71
32056244.0,-0.021,0.0005,-1.0605,-0.088,0.032,0.405
32069244.0,-0.02,0.0059,-1.0615,-0.088,-0.212,0.588
32082244.0,-0.02,0.0049,-1.062,0.218,-0.029,0.466
32095244.0,-0.0176,0.0015,-1.063,-0.149,-0.273,0.466
32108244.0,-0.0195,0.0044,-1.0596,-0.027,-0.09,0.649
32121244.0,-0.0205,0.0049,-1.0615,0.034,0.093,0.588
32134244.0,-0.0161,0.0,-1.0669,-0.149,-0.151,0.771
32147244.0,-0.019,0.0005,-1.063,-0.088,-0.029,0.588
32160244.0,-0.019,0.0049,-1.063,-0.271,-0.029,0.649
32173244.0,-0.0225,0.001,-1.064,0.034,0.093,0.588
32186244.0,-0.0215,0.0034,-1.0645,0.156,-0.151,0.527
32199244.0,-0.0234,0.0,-1.0635,-0.271,-0.09,0.71
32212244.0,-0.0181,0.002,-1.061,-0.027,-0.029,0.649
32225244.0,-0.021,0.0029,-1.062,-0.027,0.093,0.588
32238244.0,-0.021,0.0034,-1.062,-0.027,0.154,0.466
32251244.0,-0.021,0.0049,-1.0664,-0.21,0.032,0.527
32264244.0,-0.0186,0.0005,-1.0586,-0.088,0.093,0.771
32277244.0,-0.0205,0.0015,-1.0654,-0.088,0.032,0.344
32290244.0,-0.02,-0.0029,-1.0635,0.401,-0.09,0.527
32303244.0,-0.0215,0.001,-1.0586,-0.21,0.032,0.71
32316244.0,-0.0225,0.0024,-1.0659,0.095,0.093,0.405
32329244.0,-0.0171,0.0039,-1.0591,-0.149,0.032,0.466
32342244.0,-0.022,0.001,-1.064,-0.027,0.032,0.649
32355244.0,-0.02,0.0024,-1.0586,-0.088,0.032,0.588
32368244.0,-0.019,0.0034,-1.0654,-0.088,0.093,0.832
32381244.0,-0.0225,0.0034,-1.0615,0.156,0.093,0.466
32394244.0,-0.022,0.0049,-1.0654,-0.149,0.032,0.649
32407244.0,-0.022,0.0054,-1.0669,0.034,-0.029,0.527
32420244.0,-0.02,0.0054,-1.0635,0.034,0.032,0.649
32433244.0,-0.0176,0.0039,-1.0698,-0.149,-0.09,0.71
32446244.0,-0.0205,0.0015,-1.0615,0.034,0.093,0.527
32459244.0,-0.0225,0.0054,-1.0571,-0.149,0.154,0.466
32472244.0,-0.0186,0.0078,-1.061,-0.027,0.032,0.832
32485244.0,-0.0234,0.0029,-1.0645,0.034,-0.029,0.466
32498244.0,-0.02,0.001,-1.0654,-0.149,-0.212,0.649
32511244.0,-0.021,0.0015,-1.0635,-0.027,-0.151,0.588
32524244.0,-0.0195,0.0029,-1.0625,-0.088,0.093,0.649
32537244.0,-0.0176,0.002,-1.0615,-0.21,0.032,0.588
32550244.0,-0.0225,0.0,-1.0654,0.095,0.032,0.71
32563244.0,-0.019,0.0039,-1.0557,0.034,-0.029,0.771
32576244.0,-0.0215,0.0054,-1.0684,-0.21,-0.029,0.71
32589244.0,-0.022,0.0039,-1.0581,0.095,0.032,0.588
32602244.0,-0.0229,0.0034,-1.0566,-0.088,0.154,0.466
32615244.0,-0.0215,0.0049,-1.0669,-0.149,0.154,0.466
32628244.0,-0.0249,0.0044,-1.0591,0.095,-0.029,0.588
32641244.0,-0.0229,0.0078,-1.0625,-0.027,-0.09,0.649
32654244.0,-0.0205,0.0024,-1.0654,-0.088,-0.029,0.466
32667244.0,-0.0254,0.0015,-1.0601,-0.088,-0.029,0.71
32680244.0,-0.0171,0.0029,-1.0649,-0.027,-0.029,0.893
32693244.0,-0.021,0.0005,-1.0645,-0.149,-0.151,0.771
32706244.0,-0.0176,0.0024,-1.061,0.34,0.032,0.71
32719244.0,-0.022,0.0024,-1.0615,-0.088,0.032,0.832
32732244.0,-0.02,0.0024,-1.0654,0.034,-0.212,0.71
32745244.0,-0.0254,0.0034,-1.0586,0.156,-0.212,0.893
32758244.0,-0.0181,0.0024,-1.0591,-0.088,-0.09,0.893
32771244.0,-0.0234,0.0029,-1.0605,0.095,-0.273,0.71
32784244.0,-0.0215,0.0039,-1.064,0.156,0.032,0.71
32797244.0,-0.0181,0.0044,-1.062,-0.027,0.154,0.588
32810244.0,-0.02,0.0049,-1.0591,-0.027,0.032,0.588
32823244.0,-0.0239,0.0039,-1.0664,-0.027,0.032,0.588
32836244.0,-0.0186,0.002,-1.0737,-0.027,-0.151,0.649
32849244.0,-0.021,0.0034,-1.061,0.218,0.154,0.71
32862244.0,-0.0181,0.0029,-1.0596,-0.027,0.154,0.527
32875244.0,-0.0225,0.0015,-1.0723,0.095,0.215,0.588
32888244.0,-0.022,0.0024,-1.0615,0.156,0.215,0.71
32901244.0,-0.022,0.0039,-1.0562,0.034,0.215,0.771
32914244.0,-0.0156,0.0005,-1.0664,0.034,0.337,0.466
32927244.0,-0.02,0.002,-1.0532,0.34,0.337,0.466
32940244.0,-0.0176,0.001,-1.0625,0.156,-0.029,0.405
32953244.0,-0.019,-0.0005,-1.0649,0.34,0.276,0.466
32966244.0,-0.02,0.0044,-1.0649,0.034,0.032,0.649
32979244.0,-0.0254,0.0059,-1.0698,-0.027,-0.029,0.71
32992244.0,-0.0205,0.0049,-1.0571,-0.027,-0.09,0.832
33005244.0,-0.0195,0.0015,-1.0586,0.095,0.093,0.649
33018244.0,-0.02,0.0039,-1.0625,0.095,-0.09,0.893
33031244.0,-0.0205,0.0039,-1.0649,-0.21,-0.029,0.832
33044244.0,-0.0249,0.0063,-1.063,-0.088,-0.151,0.832
33057244.0,-0.0151,0.0005,-1.0786,-0.21,0.032,0.71
33070244.0,-0.0229,0.0005,-1.061,-0.21,-0.09,0.588
33083244.0,-0.02,0.0015,-1.063,0.034,-0.09,0.771
33096244.0,-0.0195,0.0015,-1.0654,0.034,0.154,0.588
33109244.0,-0.022,0.0078,-1.0605,-0.088,0.093,0.71
33122244.0,-0.0176,0.0,-1.0615,-0.088,-0.029,0.771
33135244.0,-0.0205,0.0034,-1.0649,-0.088,0.032,0.649
33148244.0,-0.0205,0.0005,-1.0601,-0.149,-0.334,0.649
33161244.0,-0.019,0.0068,-1.0586,-0.027,-0.029,0.71
33174244.0,-0.0225,0.0049,-1.0669,-0.21,0.337,0.649
33187244.0,-0.02,0.0034,-1.0625,-0.393,0.093,0.527
33200244.0,-0.021,0.0034,-1.0649,0.095,-0.212,0.71
33213244.0,-0.0254,-0.0029,-1.0591,0.156,-0.212,0.954
33226244.0,-0.0205,0.0005,-1.0615,-0.21,-0.09,0.832
33239244.0,-0.0205,0.0005,-1.062,0.156,-0.212,0.649
33252244.0,-0.021,0.0034,-1.0596,-0.027,0.093,0.405
33265244.0,-0.0234,0.0068,-1.0625,-0.088,-0.09,0.466
33278244.0,-0.02,0.0044,-1.064,-0.149,-0.151,0.893
33291244.0,-0.0166,0.001,-1.0591,-0.149,-0.273,0.527
33304244.0,-0.0195,0.0029,-1.0654,-0.027,0.032,0.649
33317244.0,-0.022,0.0024,-1.0601,-0.027,0.032,0.649
33330244.0,-0.0176,0.001,-1.0547,-0.149,-0.029,0.649
33343244.0,-0.0181,-0.002,-1.0601,-0.088,0.154,0.527
33356244.0,-0.022,-0.0005,-1.0649,-0.027,-0.09,0.71
33369244.0,-0.0186,0.0078,-1.061,-0.393,-0.151,0.649
33382244.0,-0.0215,0.0049,-1.0571,0.034,-0.029,0.71
33395244.0,-0.0254,0.0,-1.0664,2.232,-1.128,0.588
33408244.0,-0.0229,-0.0015,-1.0215,0.645,-10.222,-0.388
33421244.0,0.1177,0.0171,-1.166,-0.637,4.06,0.283
33434244.0,0.2002,0.0396,-1.1104,5.039,3.389,-10.52
33447244.0,0.3008,0.1841,-0.9995,-2.041,-0.151,-17.783
33460244.0,0.2817,0.1953,-1.1089,2.537,2.718,-4.478
33473244.0,-0.0903,0.1567,-1.1089,5.344,-3.142,14.992
33486244.0,-0.1421,-0.0034,-1.0957,5.222,0.948,14.626
33499244.0,-0.0601,-0.0625,-1.0747,0.218,-4.79,7.485
33512244.0,0.0991,0.0195,-1.0112,-1.247,-8.818,6.081
33525244.0,0.1333,-0.0269,-1.0898,0.889,-6.377,3.03
33538244.0,0.0859,-0.0312,-1.0679,0.95,-4.363,4.006
33551244.0,0.0913,-0.0693,-1.061,-1.064,-5.766,-2.281
33564244.0,0.1362,-0.0327,-1.0649,-2.102,-8.269,-7.163
33577244.0,0.0308,-0.0039,-1.0054,0.828,-11.626,-7.591
33590244.0,0.0156,-0.0225,-1.0454,-3.261,-7.048,-10.093
33603244.0,0.0913,0.0142,-1.0469,-1.797,-6.377,-13.572
33616244.0,0.0234,0.0176,-1.0313,-0.82,-10.1,-16.38
33629244.0,-0.04,0.0166,-0.9531,-2.041,-13.518,-18.455
33642244.0,0.0537,0.0439,-1.019,-1.43,-8.513,-24.802
33655244.0,-0.0391,0.0356,-1.064,0.645,-3.874,-23.643
33668244.0,0.0103,0.063,-0.9922,1.988,-3.569,-23.521
33681244.0,-0.1265,0.0005,-1.02,1.988,-8.818,-23.582
33694244.0,-0.0967,-0.0078,-1.0332,5.772,-6.682,-22.483
33707244.0,-0.0669,0.0352,-1.1382,3.147,-4.118,-20.164
33720244.0,-0.1099,-0.0225,-1.125,3.391,-1.372,-21.323
33733244.0,-0.106,-0.042,-1.1621,0.401,0.52,-22.605
33746244.0,-0.2358,-0.0947,-1.0386,-0.088,1.375,-25.047
33759244.0,-0.1416,-0.0552,-1.0913,-4.36,2.168,-28.037
33772244.0,-0.3301,-0.1089,-1.147,-7.717,6.868,-29.685
33785244.0,-0.2588,-0.0034,-1.0635,-5.093,6.197,-23.765
33798244.0,0.0034,0.0093,-1.0229,0.279,-2.104,-4.234
33811244.0,0.02,0.0044,-1.0566,0.095,0.337,0.649
33824244.0,0.0137,0.0005,-1.0605,0.156,-0.029,0.405
33837244.0,0.0127,0.0015,-1.0596,0.34,-0.151,0.588
33850244.0,0.0127,-0.0005,-1.0698,0.156,-0.151,0.649
33863244.0,0.0117,0.0034,-1.0669,0.218,-0.09,0.71
33876244.0,0.0078,0.0034,-1.0659,-0.149,-0.212,0.588
33889244.0,0.0117,0.0015,-1.0635,-0.21,0.215,0.588
33902244.0,0.0132,0.0005,-1.061,-0.088,0.093,0.527
33915244.0,0.0127,0.0044,-1.0649,-0.149,0.032,0.527
33928244.0,0.0098,0.0005,-1.0649,-0.027,0.154,0.405
33941244.0,0.0098,-0.001,-1.0601,-0.088,-0.09,0.405
33954244.0,0.0137,-0.0039,-1.0654,-0.271,-0.09,-0.205
33967244.0,0.0132,0.0024,-1.0625,-0.149,0.154,-0.51
33980244.0,0.0122,0.002,-1.0625,-0.088,0.032,0.283
33993244.0,0.0166,-0.001,-1.061,-0.027,0.032,0.649
34006244.0,0.0117,0.0015,-1.0615,0.034,-0.273,0.71
34019244.0,0.0117,0.0005,-1.0625,0.034,0.093,0.649
34032244.0,0.0132,0.0044,-1.0679,0.034,0.093,0.649
34045244.0,0.0181,0.0029,-1.0625,0.156,-0.029,0.527
34058244.0,0.0132,0.0015,-1.062,-0.21,-0.151,0.771
34071244.0,0.0132,-0.0005,-1.0605,0.034,-0.212,0.893
34084244.0,0.0107,0.0015,-1.0654,-0.027,-0.029,0.649
34097244.0,0.0117,0.0039,-1.0654,-0.088,-0.029,0.649
34110244.0,0.0107,0.0068,-1.0635,-0.088,-0.212,0.405
34123244.0,0.0107,0.0039,-1.063,0.034,0.154,0.71
34136244.0,0.0107,0.002,-1.0615,-0.088,-0.151,0.893
34149244.0,0.0093,0.0015,-1.0684,-0.027,-0.273,0.71
34162244.0,0.0093,0.0015,-1.0605,-0.027,0.032,0.466
34175244.0,0.0137,0.0049,-1.064,-0.149,-0.029,0.588
34188244.0,0.0117,0.0015,-1.0645,-0.088,-0.09,0.649
34201244.0,0.0112,0.001,-1.0591,-0.027,0.154,0.466
34214244.0,0.0088,0.0044,-1.0596,0.279,0.093,0.71
34227244.0,0.0107,0.0015,-1.0615,0.034,-0.151,0.71
34240244.0,0.0059,-0.0005,-1.0605,-0.088,-0.029,0.771
34253244.0,0.0132,0.0005,-1.061,0.034,-0.029,0.893
34266244.0,0.0063,0.0005,-1.0659,0.095,-0.212,0.588
34279244.0,0.0083,0.001,-1.0576,0.034,-0.151,0.71
34292244.0,0.0107,0.0,-1.0708,-0.088,0.093,0.527
34305244.0,0.0122,0.0005,-1.0615,-0.149,0.032,0.527
34318244.0,0.0083,0.0044,-1.0596,-0.088,0.032,0.832
34331244.0,0.0142,0.0005,-1.0591,0.034,0.032,0.649
34344244.0,0.0137,0.001,-1.0645,-0.088,-0.029,0.649
34357244.0,0.0127,0.0,-1.0571,-0.149,0.093,0.832
34370244.0,0.0112,-0.0039,-1.061,-0.271,-0.151,0.649
34383244.0,0.0137,0.0015,-1.0625,-0.21,-0.151,0.893
34396244.0,0.0112,0.0005,-1.0571,0.034,-0.456,0.466
34409244.0,0.0132,0.0,-1.0596,-0.271,0.032,0.466
34422244.0,0.0127,0.0029,-1.0664,-0.149,0.154,0.771
34435244.0,0.0112,0.0029,-1.0654,-0.027,0.154,0.649
34448244.0,0.0127,0.0015,-1.0601,-0.027,-0.029,0.771
34461244.0,0.0088,0.0024,-1.0708,-0.149,0.032,0.771
34474244.0,0.0151,0.0005,-1.062,0.095,0.154,0.649
34487244.0,0.0132,0.0024,-1.0654,0.034,-0.212,0.588
34500244.0,0.0103,0.0005,-1.0581,0.156,-0.029,0.771
34513244.0,0.0132,0.002,-1.0635,-0.027,-0.151,0.771
34526244.0,0.0122,0.0039,-1.0649,0.095,-0.09,0.588
34539244.0,0.0078,-0.001,-1.061,0.156,-0.029,0.71
34552244.0,0.0117,0.0034,-1.0635,-0.027,-0.029,0.283
34565244.0,0.0117,0.001,-1.062,-0.088,-0.212,0.588
34578244.0,0.0151,0.0005,-1.0645,-0.027,-0.029,0.527
34591244.0,0.0088,0.001,-1.0688,-0.088,-0.456,0.649
34604244.0,0.0122,0.0005,-1.0605,-0.088,-0.029,0.771
34617244.0,0.0112,0.0,-1.0654,-0.088,-0.212,0.893
34630244.0,0.0107,0.0024,-1.0645,0.034,0.093,0.466
34643244.0,0.0093,0.0039,-1.0664,0.034,-0.212,0.527
34656244.0,0.0107,0.0044,-1.0654,-0.149,-0.151,0.71
34669244.0,0.0103,0.0029,-1.0576,-0.149,-0.029,0.71
34682244.0,0.0068,0.001,-1.0625,0.034,0.032,0.466
34695244.0,0.0093,0.0015,-1.0688,-0.027,0.032,0.466
34708244.0,0.0098,0.0059,-1.0557,-0.027,0.215,0.71
34721244.0,0.0132,0.0054,-1.0659,0.034,0.154,0.344
34734244.0,0.0107,0.0024,-1.0708,-0.088,0.154,0.771
34747244.0,0.0078,0.0015,-1.0679,-0.027,-0.09,0.71
34760244.0,0.0103,0.0015,-1.061,0.095,-0.212,0.588
34773244.0,0.0088,0.0063,-1.063,-0.088,0.032,0.771
34786244.0,0.0107,0.0005,-1.0542,-0.088,0.032,0.832
34799244.0,0.0122,0.0063,-1.063,0.034,-0.029,0.344
34812244.0,0.0112,0.001,-1.0659,-0.088,0.032,0.832
34825244.0,0.0132,0.002,-1.062,-0.088,-0.09,0.649
34838244.0,0.0088,0.0029,-1.0645,0.034,-0.09,0.527
34851244.0,0.0083,-0.0005,-1.0557,-0.271,-0.09,0.71
34864244.0,0.0127,0.0015,-1.0625,-0.149,-0.09,0.71
34877244.0,0.0107,-0.0005,-1.0635,-0.027,0.032,0.893
34890244.0,0.0127,0.0,-1.0679,-0.088,-0.09,0.405
34903244.0,0.0078,0.0,-1.0625,-0.393,0.093,0.771
34916244.0,0.0132,-0.0024,-1.0615,0.156,0.154,0.649
34929244.0,0.0117,0.0005,-1.0645,-0.027,-0.334,0.588
34942244.0,0.0132,0.002,-1.0669,0.095,0.093,0.649
34955244.0,0.0117,0.0015,-1.0645,-0.027,0.215,0.527
34968244.0,0.0117,0.0015,-1.0693,-0.027,-0.029,0.649
34981244.0,0.0137,0.0024,-1.0605,-0.027,-0.212,0.71
34994244.0,0.0098,0.001,-1.0654,0.034,0.093,0.588
35007244.0,0.0083,0.0024,-1.0581,-0.149,0.032,0.588
35020244.0,0.0127,0.0049,-1.0586,0.095,0.032,0.405
35033244.0,0.0078,0.0005,-1.0635,-0.027,-0.212,0.71
35046244.0,0.0137,0.0029,-1.0571,-0.21,-0.09,0.649
35059244.0,0.0098,0.0015,-1.0601,0.034,-0.151,0.771
35072244.0,0.0112,0.001,-1.0586,0.034,-0.09,0.832
35085244.0,0.0122,0.001,-1.0674,-0.027,-0.09,0.588
35098244.0,0.0098,0.0005,-1.064,0.279,0.154,0.588
35111244.0,0.0112,-0.001,-1.061,-0.088,-0.151,0.649
35124244.0,0.0063,0.0029,-1.0591,-0.271,-0.029,0.649
35137244.0,0.0098,0.0024,-1.061,0.156,0.032,0.405
35150244.0,0.0142,0.0029,-1.0625,-0.027,0.154,0.71
35163244.0,0.0117,0.0024,-1.0586,0.095,0.215,0.649
35176244.0,0.0137,0.0,-1.0605,0.156,-0.151,0.588
35189244.0,0.0098,0.002,-1.0625,-0.027,0.093,0.466
35202244.0,0.0137,0.0049,-1.0615,0.095,-0.029,0.527
35215244.0,0.0117,0.0024,-1.0654,-0.21,-0.09,0.771
35228244.0,0.0137,-0.0005,-1.0679,-0.149,0.032,0.527
35241244.0,0.0088,0.001,-1.0664,-0.271,-0.151,0.405
35254244.0,0.0107,0.0015,-1.0625,-0.088,-0.029,0.771
35267244.0,0.0146,0.0015,-1.0566,0.034,0.093,0.771
35280244.0,0.0083,0.0044,-1.0605,0.095,0.276,0.649
35293244.0,0.0142,-0.0015,-1.061,-0.149,-0.151,0.832
35306244.0,0.0146,-0.0005,-1.0625,-0.027,-0.09,0.832
35319244.0,0.0151,0.0024,-1.061,-0.21,0.093,0.649
35332244.0,0.0112,0.002,-1.061,-0.088,-0.334,0.588
35345244.0,0.0117,0.0029,-1.0615,0.034,-0.151,0.405
35358244.0,0.0146,0.0024,-1.0684,0.034,-0.09,0.466
35371244.0,0.0122,0.0024,-1.0571,-0.027,0.093,0.771
35384244.0,0.0112,0.0039,-1.0674,-0.149,-0.212,0.527
35397244.0,0.0107,0.002,-1.062,-0.088,0.093,0.771
35410244.0,0.0107,0.001,-1.0703,-0.088,-0.029,0.466
35423244.0,0.0146,0.001,-1.0596,-0.088,-0.151,0.893
35436244.0,0.0112,0.0034,-1.0669,-0.027,-0.029,0.832
35449244.0,0.0112,0.001,-1.0654,-0.149,-0.212,0.466
35462244.0,0.0103,-0.0005,-1.0659,0.034,-0.09,0.71
35475244.0,0.0103,0.0005,-1.062,-0.271,0.032,0.588
35488244.0,0.0142,0.0005,-1.0605,-0.027,0.032,0.527
35501244.0,0.0088,0.0015,-1.0645,0.034,-0.151,0.71
35514244.0,0.0117,0.0029,-1.064,0.095,0.093,0.71
35527244.0,0.0127,0.002,-1.0586,-0.088,-0.029,0.893
35540244.0,0.0107,0.0,-1.0571,-0.088,0.093,0.832
35553244.0,0.0103,0.002,-1.0601,0.095,0.032,0.649
35566244.0,0.0103,0.0063,-1.0591,-0.088,-0.09,0.71
35579244.0,0.0117,0.001,-1.0576,-0.027,0.093,0.832
35592244.0,0.0132,0.0005,-1.062,0.034,-0.029,0.71
35605244.0,0.0093,-0.0034,-1.0625,-0.149,-0.151,0.588
35618244.0,0.0098,0.0039,-1.0596,-0.271,0.093,0.71
35631244.0,0.0112,0.0005,-1.0625,-0.149,-0.09,0.466
35644244.0,0.0151,0.0029,-1.0654,0.034,0.276,0.466
35657244.0,0.0112,0.0015,-1.0674,0.156,0.093,0.649
35670244.0,0.0098,0.0015,-1.0596,-0.027,0.154,0.71
35683244.0,0.0171,0.0044,-1.0669,0.095,-0.029,0.649
35696244.0,0.0117,0.001,-1.0645,0.095,-0.151,0.71
35709244.0,0.0107,0.0024,-1.0659,-0.088,-0.029,0.527
35722244.0,0.0117,0.0044,-1.0625,-0.149,-0.212,0.588
35735244.0,0.0142,0.0029,-1.0625,0.095,-0.09,0.649
35748244.0,0.0107,0.0015,-1.061,-0.027,-0.212,0.771
35761244.0,0.0142,0.001,-1.063,0.034,-0.029,0.588
35774244.0,0.0073,0.0015,-1.0664,0.095,0.337,0.649
35787244.0,0.0098,0.0024,-1.0659,-0.088,-0.151,0.893
35800244.0,0.0127,0.0044,-1.0703,-0.088,-0.151,0.588
35813244.0,0.0122,0.0015,-1.0605,-0.149,0.093,0.527
35826244.0,0.0112,0.0,-1.0581,-0.027,0.215,0.893
35839244.0,0.0107,0.0,-1.0645,-0.088,-0.09,0.771
35852244.0,0.0098,0.0049,-1.0674,-0.21,0.032,0.588
35865244.0,0.0127,0.002,-1.0581,-0.271,-0.029,0.893
35878244.0,0.0127,0.0039,-1.0576,0.095,-0.212,0.344
35891244.0,0.0132,0.0029,-1.063,-0.027,0.032,0.527
35904244.0,0.0132,0.001,-1.063,-0.027,-0.212,0.527
35917244.0,0.0117,0.0024,-1.0625,-0.332,0.032,0.71
35930244.0,0.0117,-0.0029,-1.0693,-0.271,0.032,0.588
35943244.0,0.0083,0.0049,-1.062,-0.21,0.032,0.893
35956244.0,0.0098,0.0,-1.0645,0.095,0.093,0.466
35969244.0,0.0107,0.0039,-1.064,-0.088,0.337,0.466
35982244.0,0.0122,0.0024,-1.0615,-0.027,-0.09,0.771
35995244.0,0.0117,-0.0029,-1.0654,0.095,0.215,0.71
36008244.0,0.0068,-0.0005,-1.0625,0.095,-0.09,0.527
36021244.0,0.0112,-0.0005,-1.061,0.034,-0.029,0.649
36034244.0,0.0151,0.002,-1.063,-0.088,0.032,0.71
36047244.0,0.0132,-0.0005,-1.0674,0.034,0.032,0.649
36060244.0,0.0156,0.0024,-1.0708,-0.149,0.032,0.649
36073244.0,0.0142,0.0049,-1.0649,-0.271,-0.09,0.649
36086244.0,0.0122,-0.0005,-1.0625,0.034,-0.212,0.466
36099244.0,0.0088,0.0005,-1.0664,-0.149,-0.09,0.649
36112244.0,0.0146,0.0005,-1.063,0.034,-0.151,0.649
36125244.0,0.0107,-0.001,-1.0684,0.218,-0.212,0.771
36138244.0,0.0107,0.0005,-1.0659,0.034,-0.029,0.71
36151244.0,0.0093,0.0024,-1.0635,0.034,-0.029,0.832
36164244.0,0.0117,0.0024,-1.0669,-0.027,-0.09,0.893
36177244.0,0.0112,0.0,-1.0615,-0.149,-0.151,0.771
36190244.0,0.0093,0.001,-1.0698,-0.21,0.032,0.649
36203244.0,0.0142,-0.001,-1.0571,-0.027,-0.151,0.649
36216244.0,0.0073,0.0068,-1.0669,-0.21,-0.029,0.832
36229244.0,0.0112,0.0039,-1.064,-0.088,-0.151,0.466
36242244.0,0.0127,0.0,-1.064,-0.088,0.093,0.649
36255244.0,0.0112,0.0,-1.0601,0.095,-0.151,0.832
36268244.0,0.0112,-0.0015,-1.064,-0.088,-0.029,0.649
36281244.0,0.0117,0.0005,-1.0664,-0.271,0.093,0.588
36294244.0,0.0142,0.0015,-1.063,-0.027,-0.029,0.527
36307244.0,0.0098,0.002,-1.0649,-0.088,0.032,0.527
36320244.0,0.0142,0.0015,-1.0664,0.034,-0.029,0.893
36333244.0,0.0137,0.0034,-1.0625,-0.088,-0.151,0.954
36346244.0,0.0103,-0.0005,-1.0601,-0.027,0.154,0.649
36359244.0,0.0142,0.002,-1.0576,-0.088,-0.212,0.344
36372244.0,0.0112,0.0029,-1.061,0.034,0.093,0.71
36385244.0,0.0142,0.0054,-1.063,0.034,0.154,0.832
36398244.0,0.0142,0.0059,-1.062,-0.21,0.032,0.649
36411244.0,0.0142,0.0054,-1.0596,0.279,-0.029,0.527
36424244.0,0.0093,-0.002,-1.0659,-0.088,0.093,0.588
36437244.0,0.0117,0.0005,-1.0654,-0.088,-0.212,0.588
36450244.0,0.0112,0.0054,-1.0674,0.095,-0.212,0.466
36463244.0,0.0142,0.0044,-1.0552,0.034,0.032,0.466
36476244.0,0.0117,0.0024,-1.063,-0.027,-0.029,0.71
36489244.0,0.0127,0.0029,-1.0679,-0.027,0.215,0.649
36502244.0,0.0083,0.0054,-1.063,-0.149,-0.212,0.527
36515244.0,0.0107,0.0,-1.0645,-0.027,-0.029,0.71
36528244.0,0.0112,-0.0024,-1.0659,-0.088,-0.09,0.71
36541244.0,0.0088,0.0059,-1.0649,0.218,-0.09,0.71
36554244.0,0.0137,0.001,-1.0591,-0.088,-0.151,0.527
36567244.0,0.0122,0.0015,-1.0562,-0.21,0.154,0.893
36580244.0,0.0107,0.0024,-1.0591,-0.088,0.154,0.649
36593244.0,0.0107,0.0054,-1.062,-0.088,-0.029,0.649
36606244.0,0.0112,0.0,-1.0562,-0.027,0.032,0.649
36619244.0,0.0112,0.0029,-1.0674,-0.088,0.032,0.527
36632244.0,0.0142,0.0029,-1.0645,0.095,-0.029,0.588
36645244.0,0.0127,-0.002,-1.0547,-0.149,0.154,0.893
36658244.0,0.0093,0.0044,-1.0615,-0.027,0.032,0.771
36671244.0,0.0132,0.001,-1.0688,0.095,0.032,0.71
36684244.0,0.0132,0.002,-1.0654,-0.088,-0.029,0.588
36697244.0,0.0117,-0.001,-1.063,-0.027,0.093,0.71
36710244.0,0.0137,0.0034,-1.0586,0.034,0.154,0.649
36723244.0,0.0117,0.0005,-1.0566,0.034,-0.212,0.832
36736244.0,0.0098,-0.0005,-1.0684,0.156,0.093,0.527
36749244.0,0.0117,0.002,-1.0664,0.095,-0.029,0.771
36762244.0,0.0107,0.0015,-1.064,0.034,0.032,0.527
36775244.0,0.0112,0.0049,-1.0596,-0.027,-0.09,0.588
36788244.0,0.0137,0.0024,-1.0635,-0.149,-0.029,0.588
36801244.0,0.0112,0.0029,-1.0635,0.034,-0.029,0.527
36814244.0,0.0127,0.0039,-1.0625,0.095,0.093,0.71
36827244.0,0.0142,0.0044,-1.0635,0.156,-0.456,0.771
36840244.0,0.0112,0.002,-1.0615,-0.149,-0.029,0.527
36853244.0,0.0122,0.0063,-1.0649,0.034,-0.151,0.71
36866244.0,0.0103,0.0044,-1.0615,-0.149,0.032,0.771
36879244.0,0.0137,0.001,-1.0605,-0.149,-0.029,0.405
36892244.0,0.0166,0.001,-1.0625,-0.088,0.093,0.588
36905244.0,0.0122,0.0044,-1.0688,0.034,-0.151,0.893
36918244.0,0.0107,0.002,-1.0635,-0.088,-0.029,0.527
36931244.0,0.0083,0.0024,-1.061,-0.088,-0.029,0.588
36944244.0,0.0059,0.0005,-1.0581,-0.21,-0.273,0.771
36957244.0,0.0088,-0.001,-1.062,-0.088,-0.029,0.771
36970244.0,0.0093,-0.0024,-1.062,0.034,0.032,0.771
36983244.0,0.0117,-0.0024,-1.064,0.095,0.093,0.649
36996244.0,0.0137,0.0034,-1.0669,0.034,0.032,0.405
37009244.0,0.0127,0.0024,-1.0679,-0.027,-0.09,0.71
37022244.0,0.0132,0.0005,-1.0669,-0.088,-0.09,0.832
37035244.0,0.0146,-0.0029,-1.0708,0.156,0.215,0.588
37048244.0,0.0132,0.001,-1.0635,-0.088,0.032,0.527
37061244.0,0.0093,0.002,-1.0576,-0.088,0.154,0.832
37074244.0,0.0137,0.0034,-1.0605,0.034,0.154,0.588
37087244.0,0.0117,-0.0015,-1.0664,-0.027,0.154,0.71
37100244.0,0.0093,0.0029,-1.0635,-0.027,0.032,0.771
37113244.0,0.0127,0.002,-1.0645,0.034,0.032,0.71
37126244.0,0.0161,0.0,-1.064,-0.027,0.032,0.649
37139244.0,0.063,-0.0825,-1.2349,12.852,17.183,-1.182
37152244.0,0.0815,0.1685,-0.9868,15.049,53.072,7.607
37165244.0,0.0332,-0.0498,-1.2002,-3.994,-1.799,-0.388
37178244.0,0.0371,0.0288,-1.0952,-1.003,-2.226,1.015
37191244.0,0.0181,0.0029,-1.083,-1.736,-1.86,0.71
37204244.0,0.0034,0.0063,-1.0552,-1.003,-0.823,0.649
37217244.0,0.0029,0.0029,-1.0586,-0.698,-1.067,0.466
37230244.0,-0.0029,0.0073,-1.064,-0.088,-1.311,0.649
37243244.0,0.0034,0.0161,-1.064,-0.149,-1.738,0.954
37256244.0,-0.0117,0.0054,-1.0464,-0.027,-1.006,0.832
37269244.0,0.0015,0.0054,-1.0635,0.462,-0.09,0.71
37282244.0,-0.0054,0.0107,-1.0498,-0.698,-0.823,0.832
37295244.0,0.0068,0.0049,-1.0557,-2.041,-1.128,0.71
37308244.0,0.0049,0.0142,-1.0508,-4.604,-2.715,0.405
37321244.0,0.0337,-0.0278,-1.1724,-7.107,-3.874,0.466
37334244.0,0.0015,0.0132,-1.042,0.156,-0.456,0.527
37347244.0,0.0049,-0.001,-1.0654,0.889,0.215,0.71
37360244.0,0.0098,0.0029,-1.0767,2.232,1.253,0.832
37373244.0,0.0117,-0.0029,-1.0884,5.344,3.145,0.649
37386244.0,-0.0054,0.0186,-1.0093,-0.454,-0.639,0.71
37399244.0,0.0088,0.0098,-1.0625,-0.454,-0.456,0.527
37412244.0,-0.0303,-0.0142,-1.0596,-1.736,-0.884,0.466
37425244.0,-0.0156,0.0117,-1.0171,-3.689,-3.264,-0.022
37438244.0,-0.0015,0.0181,-1.1978,-3.567,-1.311,-1.67
37451244.0,0.0112,0.1333,-1.0771,-3.75,-0.09,4.861
37464244.0,0.0049,0.1162,-1.084,-1.614,-0.029,21.95
37477244.0,0.0278,-0.0142,-1.1138,-1.43,1.131,27.627
37490244.0,0.0537,-0.1509,-1.063,-3.872,0.825,22.256
37503244.0,0.0376,-0.1396,-1.0894,-0.393,0.581,5.349
37516244.0,0.0479,0.0312,-0.856,-12.783,4.793,5.471
37529244.0,-0.0112,0.0132,-1.0146,2.964,2.656,0.954
37542244.0,0.0498,-0.0132,-1.0781,0.095,8.089,0.527
37555244.0,0.0132,-0.0405,-1.0381,0.401,0.703,0.527
37568244.0,0.0063,0.0044,-1.0454,0.645,1.07,1.015
37581244.0,0.0068,0.0059,-1.0649,-1.43,-0.151,0.405
37594244.0,0.0181,-0.0039,-1.0786,-0.454,1.375,0.71
37607244.0,0.0532,0.02,-1.1406,-0.454,7.356,0.344
37620244.0,-0.0127,0.0049,-1.062,1.682,4.243,0.466
37633244.0,-0.0088,-0.0005,-1.0684,1.072,4.549,0.649
37646244.0,-0.0024,-0.0029,-1.0503,1.865,3.45,0.588
37659244.0,-0.0034,0.0044,-1.0522,1.988,3.267,0.893
37672244.0,-0.001,0.0054,-1.0674,1.438,2.901,0.954
37685244.0,-0.0029,0.0083,-1.0674,1.56,2.229,0.588
37698244.0,-0.0044,0.0029,-1.0615,1.194,2.351,0.71
37711244.0,0.0034,0.0083,-1.0728,1.133,1.436,0.649
37724244.0,-0.0059,0.001,-1.0674,0.767,0.52,0.832
37737244.0,-0.0068,0.0063,-1.0596,0.34,-0.09,0.71
37750244.0,0.0,0.0093,-1.0645,-0.149,-0.09,0.71
37763244.0,-0.0039,0.0098,-1.0562,-0.271,-0.517,0.649
37776244.0,-0.0015,0.0039,-1.0674,0.462,0.154,0.588
37789244.0,0.0015,0.001,-1.0767,0.828,0.459,0.466
37802244.0,0.0005,0.0049,-1.0737,1.377,1.009,0.344
37815244.0,-0.0044,0.002,-1.0684,2.232,1.497,0.832
37828244.0,-0.0151,-0.0005,-1.0088,1.255,-1.25,0.466
37841244.0,0.0,0.0,-1.0771,0.828,0.276,0.588
37854244.0,-0.0049,0.0088,-1.0508,0.462,0.032,0.71
37867244.0,-0.0054,0.0068,-1.0591,0.156,0.154,0.649
37880244.0,-0.0024,0.0122,-1.0596,-0.82,-0.334,0.588
37893244.0,0.0088,0.002,-1.1064,-0.454,0.642,0.466
37906244.0,-0.0039,0.0112,-1.0493,-0.698,-0.395,0.649
37919244.0,-0.0029,0.0044,-1.0684,-1.125,-0.884,0.649
37932244.0,-0.0073,0.0073,-1.0547,-0.82,-1.616,-0.266
37945244.0,-0.0088,0.0029,-1.0635,-0.881,-2.104,-3.44
37958244.0,0.0015,0.0059,-1.0806,-0.515,-1.189,-6.126
37971244.0,-0.0405,-0.0229,-1.061,-0.393,-0.639,-11.375
37984244.0,0.02,0.0195,-1.0723,0.034,0.215,-2.891
37997244.0,0.0088,0.0142,-1.0679,0.523,0.52,-0.083
38010244.0,0.0049,0.0059,-1.0674,0.95,0.825,0.71
38023244.0,0.001,0.0029,-1.0552,0.828,0.703,0.71
38036244.0,-0.0459,0.0176,-0.998,-1.736,-51.726,1.809
38049244.0,0.1475,0.0063,-1.1074,-0.698,-77.239,1.137
38062244.0,-0.1694,0.0249,-0.8882,-2.529,-145.659,1.504
38075244.0,0.1279,0.0068,-1.1118,-2.285,-162.26,1.382
38088244.0,0.1748,0.0029,-1.1523,-1.552,-80.84,1.076
38101244.0,0.1514,0.002,-1.1313,-0.881,-2.348,0.649
38114244.0,0.1113,0.0059,-1.0776,-1.125,-0.212,0.71
38127244.0,0.1118,0.0068,-1.0747,-1.125,0.093,0.954
38140244.0,0.1113,0.002,-1.0718,-0.576,-0.09,0.893
38153244.0,0.1084,0.0049,-1.0762,-0.088,-0.761,0.832
38166244.0,0.1108,0.0034,-1.0786,0.156,-0.823,0.649
38179244.0,0.1113,0.0034,-1.0811,0.218,0.337,0.588
38192244.0,0.1177,0.0068,-1.0864,0.34,3.45,0.771
38205244.0,0.1245,0.001,-1.0903,0.828,15.901,0.466
38218244.0,0.1245,0.0034,-1.0996,1.194,39.705,0.527
38231244.0,0.1475,0.0054,-1.1328,1.804,75.471,0.405
38244244.0,0.3481,0.0254,-1.269,0.95,107.515,0.527
38257244.0,-0.0322,-0.0015,-1.019,0.828,31.282,-0.327
38270244.0,0.1616,-0.0239,-1.1504,-0.21,36.47,1.626
38283244.0,0.5513,0.0254,-1.5166,-0.027,-31.523,0.283
38296244.0,0.0503,0.0098,-1.0508,-0.759,-0.334,0.832
38309244.0,0.0483,0.002,-1.0718,0.095,0.032,0.771
38322244.0,0.0547,0.0039,-1.0684,0.462,0.398,0.527
38335244.0,0.042,0.0176,-1.0435,0.095,-0.517,0.71
38348244.0,0.0552,0.0059,-1.0723,0.279,0.093,0.527
38361244.0,0.0508,0.0068,-1.0654,-0.332,0.337,0.588
38374244.0,0.0503,0.0142,-1.0503,-0.515,-1.433,0.71
38387244.0,0.064,0.0078,-1.084,-0.271,-2.898,0.527
38400244.0,0.0742,-0.0015,-1.1064,-0.088,0.398,0.527
38413244.0,0.0532,0.0063,-1.0615,-0.149,-1.006,0.588
38426244.0,0.0503,0.0034,-1.061,0.095,-6.682,0.588
38439244.0,0.0566,0.0049,-1.064,0.034,-5.217,0.344
38452244.0,0.0542,0.002,-1.062,0.034,-3.325,0.649
38465244.0,0.0571,0.0063,-1.0581,0.095,-1.067,0.649
38478244.0,0.0718,0.0098,-1.0845,-0.271,3.145,0.649
38491244.0,0.0464,-0.0063,-1.0513,-0.149,0.093,0.771
38504244.0,0.0547,0.0024,-1.062,-0.027,0.032,0.771
38517244.0,0.0562,0.0073,-1.0527,-0.149,0.032,0.649
38530244.0,0.0586,0.0059,-1.0615,0.034,-0.09,0.832
38543244.0,0.0342,0.0088,-1.0303,-0.576,-0.517,0.649
38556244.0,0.0581,-0.0024,-1.0776,-0.271,0.032,0.832
38569244.0,0.0527,0.0049,-1.0542,-0.271,-0.151,0.71
38582244.0,0.0605,0.0059,-1.062,-0.332,0.032,0.649
38595244.0,0.0576,0.0049,-1.062,0.095,-0.334,0.771
38608244.0,0.0615,0.0063,-1.064,-0.088,-1.006,0.649
38621244.0,0.0596,0.0073,-1.0664,0.095,-2.104,0.649
38634244.0,0.022,0.0073,-1.0269,-0.088,-18.401,0.466
38647244.0,0.1704,0.019,-1.1084,-0.698,3.206,1.321
38660244.0,0.9565,0.1084,-1.7222,-0.21,22.371,1.321
38673244.0,0.0259,-0.0034,-1.0342,-0.759,0.032,0.954
38686244.0,0.0596,0.0005,-1.061,-0.576,-0.09,0.466
38699244.0,0.062,-0.0005,-1.0562,-0.21,-0.273,0.771
38712244.0,0.0601,0.0039,-1.0508,-0.088,-0.273,0.466
38725244.0,0.0635,0.0078,-1.0635,-0.21,-0.212,0.832
38738244.0,0.0615,0.0063,-1.0645,-0.271,-0.273,0.71
38751244.0,0.0586,0.0039,-1.0552,-0.149,-0.273,0.527
38764244.0,0.064,0.0049,-1.0649,-0.21,0.032,0.527
38777244.0,0.0347,0.0352,-0.9663,-3.445,-6.621,1.809
38790244.0,0.083,0.0068,-1.0845,-0.149,-1.189,0.466
38803244.0,0.022,0.0059,-1.0366,-1.186,-27.983,0.71
38816244.0,0.0869,0.0098,-1.1099,-0.759,-18.156,-3.44
38829244.0,0.0811,0.0088,-1.0864,-0.881,-4.424,-2.097
38842244.0,0.0747,-0.0107,-1.1089,-0.027,-0.395,-4.661
38855244.0,0.1006,0.0249,-1.0854,-0.088,3.328,-1.792
38868244.0,0.0713,0.0034,-1.0874,0.034,3.572,0.893
38881244.0,0.0742,-0.001,-1.0942,0.34,15.474,0.954
38894244.0,0.2017,0.0103,-1.1958,-0.027,58.198,0.832
38907244.0,0.6206,-0.0122,-1.6016,2.293,91.768,0.283
38920244.0,-0.4023,0.0269,-0.7275,0.034,-37.566,0.71
38933244.0,0.123,-0.0034,-1.2939,0.645,13.155,0.527
38946244.0,-0.0312,0.022,-1.001,0.706,5.83,0.954
38959244.0,0.0098,0.0132,-1.0928,0.156,3.084,0.893
38972244.0,0.0024,0.0122,-1.0791,-0.149,1.07,0.71
38985244.0,0.0044,0.0117,-1.0669,-0.393,0.52,0.893
38998244.0,0.0044,0.0034,-1.0771,-0.21,0.032,0.649
39011244.0,-0.0029,0.0044,-1.0674,-0.515,-0.639,0.71
39024244.0,0.002,0.002,-1.0708,-0.21,-0.517,0.649
39037244.0,-0.002,0.0044,-1.0645,-0.21,-0.334,0.71
39050244.0,0.001,0.0049,-1.0752,-0.393,-0.151,0.527
39063244.0,-0.0015,0.0044,-1.0674,-0.027,-0.029,0.649
39076244.0,0.002,0.0049,-1.0659,0.095,-0.09,0.832
39089244.0,0.0024,0.0015,-1.0728,0.095,-0.212,0.649
39102244.0,0.0029,0.0068,-1.0654,0.279,-0.578,0.893
39115244.0,-0.0024,0.0029,-1.0679,0.034,-0.334,0.71
39128244.0,0.0015,0.0078,-1.0674,-0.088,-0.212,0.527
39141244.0,0.0,0.0049,-1.0615,-0.21,-0.395,0.588
39154244.0,-0.0044,0.0034,-1.0649,-0.332,-1.067,0.649
39167244.0,-0.0054,0.0049,-1.0669,-0.027,-0.945,0.405
39180244.0,-0.0039,0.0063,-1.0693,-0.271,-1.128,0.527
39193244.0,0.0044,0.0073,-1.0684,0.095,-1.372,0.405
39206244.0,0.0029,0.002,-1.0615,-0.149,-2.531,0.527
39219244.0,-0.0024,0.0073,-1.0605,-0.637,-2.531,0.649
39232244.0,-0.0015,0.0059,-1.0679,-0.637,-3.386,0.649
39245244.0,0.001,0.0059,-1.0635,-1.003,-5.827,0.954
39258244.0,-0.0122,0.0039,-1.043,-1.369,-12.297,0.405
39271244.0,-0.0269,0.0039,-1.043,-1.736,-55.998,0.222
39284245.0,-0.0205,0.0005,-1.0239,-1.003,-108.611,0.71
39297245.0,-0.082,0.0044,-0.9409,-2.163,-181.67,1.809
39310245.0,0.0264,0.0049,-0.9692,-1.919,-211.943,5.044
39323246.0,0.1055,0.0083,-1.0439,-0.393,-4.607,0.832
39336246.0,0.0884,0.0,-1.0386,0.34,-11.748,0.466
39349246.0,0.124,0.0024,-1.0747,0.095,-8.94,0.588
39362246.0,0.1113,0.0049,-1.0649,0.034,-11.687,0.344
39375246.0,0.1221,0.002,-1.0854,0.462,-14.739,0.466
39388246.0,0.1021,0.0,-1.0713,2.11,-24.565,0.344
39401246.0,0.1519,0.0088,-1.1084,1.316,-22.002,0.161
39414246.0,0.1392,0.0005,-1.106,1.011,-16.509,-0.449
39427246.0,0.1475,0.0078,-1.1069,-0.149,-8.879,-0.205
39440245.0,0.145,0.0034,-1.0957,-0.271,-6.316,0.1
39453245.0,0.1475,0.0034,-1.0967,-0.454,-4.057,0.039
39466245.0,0.1436,0.0015,-1.0986,-0.515,-2.104,0.405
39479245.0,0.1455,0.0015,-1.0933,-0.393,-0.945,0.344
39492245.0,0.144,0.002,-1.0923,-0.698,-0.029,0.283
39505245.0,0.1465,0.001,-1.0962,-0.332,0.337,0.405
39518245.0,0.145,0.001,-1.0933,-0.027,0.764,0.588
39531245.0,0.1445,0.0039,-1.0962,-0.149,1.131,0.649
39544245.0,0.1436,0.0078,-1.0942,-0.088,1.192,0.588
39557246.0,0.1436,0.0,-1.0957,-0.393,0.886,0.588
39570246.0,0.1455,0.002,-1.0894,0.218,1.07,0.344
39583246.0,0.145,0.0073,-1.0864,-0.088,0.948,0.588
39596246.0,0.1406,0.001,-1.0791,-0.21,0.886,0.71
39609246.0,0.144,0.0049,-1.0879,-0.088,0.398,0.466
39622246.0,0.144,0.001,-1.084,-0.027,0.52,0.588
39635246.0,0.1401,0.001,-1.0859,-0.088,0.337,0.649
39648246.0,0.1431,0.0063,-1.0845,-0.21,0.154,0.344
39661246.0,0.1401,0.0059,-1.0762,-0.21,-0.151,0.344
39674246.0,0.1372,-0.0005,-1.0869,-0.088,-0.517,0.405
39687246.0,0.1406,0.0024,-1.0806,-0.393,-0.639,0.405
39700246.0,0.1421,0.0073,-1.0806,-0.454,-0.7,0.344
39713246.0,0.1406,0.0049,-1.0845,-0.088,-0.395,0.527
39726246.0,0.1392,0.0068,-1.0898,-0.332,-0.761,0.405
39739246.0,0.1455,0.0059,-1.0845,-0.332,-0.517,0.344
39752246.0,0.1431,0.002,-1.0879,-0.332,-0.578,0.405
39765246.0,0.1445,0.0049,-1.0908,0.034,-0.273,0.405
39778246.0,0.1431,0.0024,-1.0879,-0.027,-0.334,0.344
39791246.0,0.1465,0.0049,-1.0908,-0.393,-0.151,0.771
39804246.0,0.147,0.0015,-1.0938,0.034,1.07,0.466
39817246.0,0.1416,0.0005,-1.0908,0.156,1.863,0.649
39830246.0,0.1484,0.0005,-1.0884,0.34,4.61,1.687
39843246.0,0.1289,0.0044,-1.0815,0.523,3.206,1.198
39856246.0,0.1646,0.0132,-1.1045,0.156,6.258,1.565
39869245.0,0.1489,0.022,-1.0757,-0.271,11.323,1.687
39882245.0,0.2124,0.0195,-1.1221,-0.149,43.306,2.541
39895244.0,0.0605,0.0122,-0.9722,-0.637,76.753,2.236
39908244.0,0.564,0.0088,-1.4434,0.095,149.385,0.832
39921244.0,0.2114,0.0132,-1.1416,0.095,151.643,0.405
39934244.0,-0.2954,0.0425,-0.7305,-0.881,111.299,0.954
39947244.0,-0.0405,0.0142,-1.02,-0.149,6.746,1.382
39960244.0,-0.0269,0.0083,-1.0283,-0.088,7.6,1.26
39973246.0,0.0103,0.0059,-1.0679,-0.271,1.741,1.321
39986246.0,0.0088,-0.0005,-1.0659,-0.088,1.131,0.771
39999246.0,0.0044,0.0015,-1.0684,0.218,0.581,0.649
40012246.0,0.0093,0.0073,-1.0532,0.034,0.154,0.832
40025246.0,0.0088,0.0034,-1.0635,0.034,-0.029,0.466
40038247.0,0.0098,0.0034,-1.0625,-0.149,-0.456,0.588
40051247.0,0.0063,0.0049,-1.061,-0.027,-0.7,0.527
40064247.0,0.0103,0.0059,-1.0605,-0.088,-1.494,0.588
40077247.0,0.0156,0.0054,-1.062,0.034,-2.043,0.649
40090247.0,0.0112,0.0034,-1.061,0.034,-1.86,0.405
40103245.0,0.0117,0.0127,-1.063,0.218,-1.616,0.588
40116247.0,0.0127,0.0073,-1.0586,0.279,-1.433,0.466
40129245.0,0.021,0.0063,-1.0713,-0.088,-1.311,0.527
40142246.0,0.0176,0.0098,-1.0654,0.156,-2.776,0.588
40155246.0,0.0161,0.0103,-1.064,0.156,-3.691,0.344
40168246.0,0.0127,0.0098,-1.0498,-0.149,-5.461,0.71
40181246.0,0.0059,0.0078,-1.0503,-0.149,-10.893,0.527
40194246.0,-0.0142,-0.0425,-1.0708,0.95,-8.33,-6.98
40207246.0,0.0303,0.0176,-1.0488,0.401,-12.602,-8.384
40220246.0,0.0244,0.0068,-1.0562,0.156,-20.049,-4.478
40233246.0,0.0181,0.0044,-1.0518,-0.149,-25.969,-4.539
40246246.0,0.0181,0.0127,-1.0278,-0.82,-47.759,-1.06
40259246.0,0.0649,0.0107,-1.0532,-1.675,-100.371,1.015
40272245.0,0.0674,0.0049,-1.0503,-1.186,-111.906,1.076
40285246.0,0.1885,-0.0059,-1.1343,-1.736,-110.014,1.321
40298246.0,0.2554,-0.001,-1.1631,0.218,-6.438,0.771
40311246.0,0.1089,-0.0269,-1.0835,0.645,-7.597,-1.731
40324244.0,0.0884,-0.0234,-1.0708,1.682,-6.01,-8.689
40337244.0,0.147,0.0181,-1.0425,1.438,-6.377,-11.192
40350246.0,0.0605,-0.0039,-1.0205,2.598,-11.076,-13.938
40363246.0,0.1357,0.0049,-1.0747,1.865,-10.344,-9.483
40376244.0,0.1455,0.0112,-1.0742,2.293,-6.133,-11.863
40389244.0,0.0967,-0.0132,-1.062,2.232,-3.63,-12.901
40402244.0,0.1807,0.0122,-1.0576,1.438,-2.165,-9.116
40415244.0,0.1455,0.0005,-1.0557,0.645,-1.189,-3.684
40428244.0,0.1616,-0.0024,-1.064,0.401,-0.273,-3.257
40441244.0,0.1548,0.0015,-1.0537,0.584,0.337,-2.219
40454244.0,0.1602,0.001,-1.0547,0.095,0.764,-0.816
40467244.0,0.1504,0.0049,-1.0532,-0.149,1.314,0.344
40480244.0,0.1421,0.0049,-1.062,-0.088,1.985,0.954
40493244.0,0.1553,0.0063,-1.082,-0.21,2.473,0.832
40506244.0,0.1367,0.0063,-1.0566,-0.21,1.741,0.71
40519244.0,0.1348,-0.0034,-1.0547,-0.149,1.619,0.832
40532244.0,0.1392,0.0029,-1.0596,-0.332,2.351,0.588
40545244.0,0.1406,0.0029,-1.0649,-0.21,3.572,0.71
40558244.0,0.1392,0.0024,-1.0674,-0.027,4.06,0.832
40571244.0,0.1553,0.0073,-1.0732,-0.393,11.995,1.015
40584244.0,0.1821,-0.001,-1.1094,-0.149,71.992,1.076
40597244.0,0.1201,0.0083,-1.0615,-0.149,89.326,1.26
40610244.0,0.3755,0.0049,-1.3276,0.095,126.131,0.527
40623244.0,0.3794,-0.0186,-1.3799,0.279,136.934,0.466
40636244.0,0.2168,-0.0156,-1.2959,0.34,135.408,-0.938
40649244.0,0.0098,0.0684,-1.0923,-0.271,17.061,6.264
40662244.0,0.0234,-0.0078,-1.0781,-0.271,6.258,11.819
40675244.0,0.0059,0.0073,-1.0586,-0.454,5.586,13.344
40688244.0,-0.0034,-0.0127,-1.0615,-0.393,2.046,11.025
40701245.0,0.021,-0.0474,-1.0688,-0.332,2.656,7.18
40714245.0,0.0063,-0.0063,-1.0679,-0.149,1.253,7.119
40727245.0,0.0122,-0.0176,-1.0654,-0.027,0.459,3.762
40740245.0,0.0063,-0.0054,-1.0679,-0.088,-0.761,1.137
40753246.0,0.0093,0.002,-1.0728,-0.149,-1.738,0.466
40766246.0,0.0088,0.0059,-1.0664,-0.088,-2.47,0.588
40779246.0,0.0063,0.0029,-1.0596,0.095,-3.264,0.222
40792246.0,0.0127,0.0044,-1.0649,0.156,-3.081,0.405
40805246.0,0.0151,0.0063,-1.0635,-0.149,-3.447,0.649
40818247.0,0.0137,0.0039,-1.0581,0.095,-3.264,0.466
40831246.0,0.0181,0.0015,-1.064,0.218,-3.325,0.466
40844246.0,0.0171,0.0044,-1.0698,0.095,-2.104,0.588
40857246.0,0.0127,0.0049,-1.0645,0.034,-2.226,0.649
40870246.0,0.0161,-0.001,-1.063,0.401,-1.067,0.649
40883246.0,0.0137,0.002,-1.0674,0.034,0.398,0.771
40896246.0,0.0127,0.0005,-1.0684,0.095,0.948,0.527
40909246.0,0.0176,0.001,-1.0693,0.279,2.351,0.771
40922246.0,0.0137,0.0024,-1.0605,0.401,1.741,0.771
40935246.0,0.0142,0.0015,-1.0605,0.034,0.642,0.832
40948246.0,0.0137,0.0024,-1.0654,0.034,0.154,0.466
40961246.0,0.0171,0.0015,-1.0674,-0.149,-0.212,0.649
40974246.0,0.0068,0.0024,-1.0527,0.584,0.215,0.71
40987246.0,0.0259,0.0039,-1.0791,0.34,-0.029,0.344
41000245.0,0.021,0.0039,-1.0732,0.645,1.802,0.527
41013246.0,0.019,0.0063,-1.0684,0.523,1.802,0.405
41026246.0,0.0171,0.0059,-1.064,0.767,2.473,0.344
41039246.0,0.0059,0.0034,-1.064,0.645,1.985,0.405
41052244.0,0.0103,0.0103,-1.0576,0.095,2.29,0.588
41065244.0,0.0093,0.019,-1.0479,-0.027,2.656,0.832
41078244.0,0.0107,0.0029,-1.0532,-0.576,1.558,0.405
41091244.0,0.0127,0.0093,-1.061,-1.43,0.948,0.71
41104244.0,0.0107,0.0088,-1.0669,-2.163,0.337,0.527
41117244.0,0.0083,0.0068,-1.0537,-4.177,0.154,-0.022
41130244.0,-0.0254,-0.0063,-1.0156,-2.59,-4.424,-2.158
41143244.0,0.1479,0.0034,-1.2183,-1.797,0.093,-4.844
41156244.0,0.0332,-0.0122,-1.0571,1.743,-1.677,-1.731
41169244.0,0.0186,-0.0195,-1.0698,0.767,0.154,0.71
41182244.0,0.0146,-0.0117,-1.0708,-0.027,0.154,0.71
41195244.0,0.0132,-0.0024,-1.0674,0.095,-0.517,0.71
41208244.0,0.0156,-0.001,-1.0688,0.095,-0.09,0.71
41221244.0,0.0146,0.0015,-1.064,-0.027,0.154,0.649
41234244.0,0.0142,0.0,-1.0596,-0.21,0.032,0.771
41247244.0,0.0137,0.0049,-1.0586,-0.088,-0.09,0.832
41260244.0,0.0107,0.002,-1.0645,-0.21,0.032,0.71
41273244.0,0.0107,0.002,-1.0591,-0.21,-0.395,0.71
41286244.0,0.0142,0.0054,-1.0605,0.034,-0.151,0.588
41299244.0,0.0112,-0.0005,-1.062,-0.088,-0.151,0.649
41312244.0,0.0142,0.002,-1.0566,-0.149,0.093,1.015
41325244.0,0.0103,0.0005,-1.0566,0.095,-0.212,0.649
41338244.0,0.0127,-0.0034,-1.0615,0.095,-0.09,0.832
41351244.0,0.0093,-0.001,-1.0635,-0.088,0.215,0.71
41364244.0,0.0137,0.0049,-1.063,-0.027,-0.09,0.71
41377244.0,0.0098,0.0034,-1.0601,0.095,-0.029,0.527
41390244.0,0.0132,0.0,-1.0674,-0.149,0.093,0.771
41403244.0,0.0117,0.0024,-1.0684,-0.149,-0.151,0.588
41416244.0,0.0073,0.0034,-1.0562,-0.271,0.032,0.71
41429244.0,0.0122,0.0054,-1.0645,0.034,0.032,0.649
41442244.0,0.0112,0.0024,-1.0601,0.095,0.032,0.832
41455244.0,0.0098,0.001,-1.0596,-0.149,0.032,0.588
41468244.0,0.0107,-0.001,-1.0586,-0.088,0.093,0.588
41481244.0,0.0107,-0.0015,-1.0576,-0.027,-0.029,0.71
41494244.0,0.0117,0.0005,-1.0625,-0.149,0.093,0.588
41507244.0,0.0142,0.0054,-1.0659,-0.149,0.032,0.588
41520244.0,0.0142,0.0049,-1.0581,-0.088,0.215,0.771
41533244.0,0.0146,0.0005,-1.0591,-0.21,-0.212,0.954
41546244.0,0.0142,0.0049,-1.0566,-0.149,-0.09,0.71
41559244.0,0.0107,0.0024,-1.0669,0.156,-0.029,0.588
41572244.0,0.0103,0.0054,-1.0605,0.095,0.093,0.527
41585244.0,0.0098,-0.0015,-1.0601,-0.21,0.093,0.893
41598244.0,0.0083,0.0049,-1.0581,0.034,0.093,0.71
41611244.0,0.0132,0.0015,-1.063,-0.088,0.154,0.588
41624244.0,0.0112,0.0029,-1.0649,-0.088,-0.151,0.771
41637244.0,0.0142,0.0029,-1.0601,0.034,-0.151,0.588
41650244.0,0.0127,0.0034,-1.0571,-0.027,-0.029,0.771
41663244.0,0.0122,0.0039,-1.0596,-0.21,0.032,0.649
41676244.0,0.0088,0.0024,-1.0625,0.095,-0.029,0.954
41689244.0,0.0142,0.0024,-1.0615,-0.027,0.215,0.649
41702244.0,0.0117,-0.0024,-1.0591,-0.027,0.032,0.771
41715244.0,0.0122,0.0049,-1.0615,-0.027,-0.212,0.954
41728244.0,0.0117,-0.0015,-1.0596,-0.271,-0.029,0.771
41741244.0,0.0122,0.0034,-1.0615,0.156,-0.029,0.588
41754244.0,0.0078,0.0029,-1.0601,-0.088,-0.029,0.649
41767244.0,0.0122,-0.0005,-1.061,0.034,-0.029,0.649
41780244.0,0.0132,0.001,-1.0591,-0.332,-0.029,0.71
41793244.0,0.0122,0.0029,-1.0645,-0.332,-0.029,0.588
41806244.0,0.0093,0.002,-1.0576,-0.149,-0.029,0.71
41819244.0,0.0107,0.001,-1.0605,-0.027,0.032,0.893
41832244.0,0.0122,-0.001,-1.0615,-0.088,-0.09,0.832
41845244.0,0.0142,0.0029,-1.0562,-0.149,-0.029,0.832
41858244.0,0.0093,0.0015,-1.0581,0.034,-0.029,0.71
41871244.0,0.0146,-0.001,-1.0596,-0.21,0.093,0.71
41884244.0,0.0127,0.0034,-1.0649,-0.088,0.032,0.71
41897244.0,0.0142,-0.0034,-1.0576,-0.21,0.032,0.71
41910244.0,0.0127,0.0063,-1.0518,-0.21,0.215,0.405
41923244.0,0.0151,0.0034,-1.0659,0.034,0.093,0.832
41936244.0,0.0122,0.002,-1.0552,-0.271,-0.09,0.466
41949244.0,0.0107,0.0029,-1.0635,-0.149,0.032,0.71
41962244.0,0.0107,0.0049,-1.0615,0.095,-0.151,0.832
41975244.0,0.0166,-0.002,-1.064,-0.027,0.032,0.588
41988244.0,0.0132,0.002,-1.0601,-0.21,0.154,0.71
42001244.0,0.0132,0.0054,-1.063,0.034,-0.151,0.71
42014244.0,0.0132,0.0024,-1.0552,-0.21,-0.212,0.588
42027244.0,0.0103,0.001,-1.062,-0.027,0.154,0.771
42040244.0,0.0122,0.0024,-1.0635,0.034,0.032,0.588
42053244.0,0.0132,-0.0015,-1.0547,0.034,-0.212,0.71
42066244.0,0.0132,0.0,-1.0596,-0.088,-0.151,0.344
42079244.0,0.0181,0.0005,-1.0659,0.034,-0.151,0.893
42092244.0,0.0112,0.0039,-1.0601,-0.027,-0.212,0.344
42105244.0,0.0073,0.0024,-1.0566,-0.027,0.093,0.466
42118244.0,0.0098,0.001,-1.061,-0.027,-0.334,0.893
42131244.0,0.0059,0.0034,-1.0566,-0.027,-0.212,0.771
42144244.0,0.0088,0.0024,-1.061,-0.027,0.032,0.527
42157244.0,0.0098,0.0024,-1.0615,-0.027,-0.09,0.71
42170244.0,0.0122,-0.0015,-1.0576,-0.027,-0.09,0.588
42183244.0,0.0098,0.001,-1.063,-0.027,0.032,0.588
42196244.0,0.0098,0.0,-1.0547,0.034,0.032,0.893
42209244.0,0.0146,0.001,-1.0601,0.095,-0.151,0.771
42222244.0,0.0098,0.0034,-1.0571,-0.027,0.093,0.649
42235244.0,0.0103,0.0015,-1.0596,-0.088,-0.09,0.649
42248244.0,0.0132,0.0015,-1.064,-0.149,0.215,0.588
42261244.0,0.0073,0.0029,-1.0684,-0.21,-0.09,0.588
42274244.0,0.0103,0.0015,-1.0596,-0.088,-0.029,0.649
42287244.0,0.0117,0.001,-1.0581,-0.027,-0.151,0.466
42300244.0,0.0088,0.0024,-1.0576,-0.088,-0.029,0.649
42313244.0,0.0103,-0.0015,-1.0688,0.218,0.093,0.527
42326244.0,0.0127,0.0024,-1.0649,0.034,0.032,0.832
42339244.0,0.0142,0.0024,-1.0625,-0.088,-0.151,0.588
42352244.0,0.0151,0.0024,-1.0654,0.095,0.154,0.771
42365244.0,0.0127,0.001,-1.061,-0.088,-0.029,0.649
42378244.0,0.0132,0.002,-1.0635,-0.088,-0.151,0.771
42391244.0,0.0112,0.0024,-1.0625,-0.088,-0.09,0.527
42404244.0,0.0122,0.0015,-1.0654,-0.027,0.032,0.588
42417244.0,0.0103,0.0024,-1.062,-0.027,-0.09,0.771
42430244.0,0.0146,0.0039,-1.0605,0.095,-0.029,0.832
42443244.0,0.0127,0.0039,-1.0605,-0.088,-0.273,0.771
42456244.0,0.0107,0.0024,-1.0581,-0.21,-0.09,0.588
42469244.0,0.0137,0.0015,-1.0581,0.034,-0.029,0.649
42482244.0,0.0127,0.001,-1.0581,0.095,-0.151,0.71
42495244.0,0.0132,0.001,-1.0649,-0.088,-0.029,0.71
42508244.0,0.0122,0.002,-1.0645,-0.027,0.215,0.771
42521244.0,0.0112,0.0015,-1.0601,-0.149,-0.151,0.771
42534244.0,0.0117,-0.002,-1.0625,0.095,0.337,0.771
42547244.0,0.0146,0.0015,-1.0581,0.095,0.032,0.832
42560244.0,0.0132,0.0024,-1.0601,0.095,0.093,0.466
42573244.0,0.0107,0.0,-1.0645,-0.027,0.032,0.71
42586244.0,0.0112,0.0005,-1.064,-0.027,0.093,0.588
42599244.0,0.0112,0.002,-1.061,-0.027,0.154,0.771
42612244.0,0.0142,-0.0005,-1.062,-0.149,0.032,0.771
42625244.0,0.0103,0.0068,-1.064,-0.088,0.032,0.588
42638244.0,0.0151,0.0015,-1.0615,-0.271,0.032,0.71
42651244.0,0.0107,0.0005,-1.0645,-0.21,-0.151,0.588
42664244.0,0.0137,0.002,-1.064,0.034,0.154,0.466
42677244.0,0.0142,0.0049,-1.0625,0.095,0.093,0.71
42690244.0,0.0093,0.0034,-1.0586,-0.027,-0.09,0.466
42703244.0,0.0093,0.0034,-1.0552,0.095,0.215,0.771
42716244.0,0.0142,0.001,-1.062,-0.027,-0.334,0.771
42729244.0,0.0117,0.0,-1.0684,0.156,-0.029,0.649
42742244.0,0.0146,0.0005,-1.0654,-0.271,0.154,0.649
42755244.0,0.0122,0.002,-1.0596,-0.088,-0.09,0.588
42768244.0,0.0127,0.0034,-1.064,-0.21,0.154,0.588
42781244.0,0.0103,0.0029,-1.0625,0.218,-0.151,0.649
42794244.0,0.0078,0.0005,-1.063,-0.088,-0.029,0.588
42807244.0,0.0112,0.0005,-1.0571,-0.149,0.093,0.771
42820244.0,0.0088,0.0024,-1.061,-0.088,-0.09,0.832
42833244.0,0.0098,0.002,-1.0581,-0.027,0.154,0.588
42846244.0,0.0107,0.0,-1.0596,0.034,-0.151,0.771
42859244.0,0.0117,0.001,-1.0596,-0.088,-0.151,0.588
42872244.0,0.0117,0.0024,-1.0649,-0.271,-0.212,0.649
42885244.0,0.0127,0.0034,-1.0654,-0.21,-0.09,0.771
42898244.0,0.0127,0.0005,-1.0581,-0.149,-0.029,0.588
42911244.0,0.0122,0.0015,-1.0649,-0.149,0.093,0.832
42924244.0,0.0127,0.0024,-1.0596,-0.088,-0.09,0.466
42937244.0,0.0107,0.0015,-1.0645,-0.027,0.032,0.649
42950244.0,0.0098,0.0,-1.0635,-0.027,-0.212,0.649
42963244.0,0.0098,-0.001,-1.0664,-0.027,-0.029,0.71
42976244.0,0.0088,0.0044,-1.0625,-0.027,0.093,0.71
42989244.0,0.0107,0.0049,-1.061,-0.027,-0.09,0.71
43002244.0,0.0112,-0.0024,-1.063,-0.088,0.154,0.71
43015244.0,0.0088,0.0034,-1.063,-0.088,0.154,0.649
43028244.0,0.0132,0.0044,-1.0635,-0.027,0.032,0.832
43041244.0,0.0161,0.0005,-1.0605,0.156,-0.151,0.588
43054244.0,0.0117,0.002,-1.0669,0.034,0.093,0.71
43067244.0,0.0132,0.0015,-1.0586,-0.027,-0.09,0.832
43080244.0,0.0103,0.0,-1.0669,-0.149,-0.029,0.71
43093244.0,0.0146,0.0039,-1.0596,-0.027,0.032,0.832
43106244.0,0.0137,0.002,-1.0625,0.218,0.032,0.771
43119244.0,0.0127,0.0044,-1.0635,-0.149,-0.09,0.527
43132244.0,0.0132,0.0029,-1.0601,-0.027,0.093,0.71
43145244.0,0.0156,0.001,-1.063,-0.149,-0.029,0.527
43158244.0,0.0112,0.0005,-1.0654,-0.149,0.093,0.405
43171244.0,0.0127,-0.0054,-1.0674,0.034,0.032,0.71
43184244.0,0.0142,0.0034,-1.0649,-0.088,-0.029,0.344
43197244.0,0.0127,0.002,-1.0576,-0.149,-0.09,0.588
43210244.0,0.0122,-0.0024,-1.0605,-0.088,-0.151,0.771
43223244.0,0.0132,-0.0015,-1.061,-0.027,-0.09,0.527
43236244.0,0.0103,0.0034,-1.064,-0.088,0.215,0.893
43249244.0,0.0098,0.0034,-1.064,-0.027,-0.029,0.771
43262244.0,0.0093,0.0049,-1.0654,-0.088,-0.029,0.405
43275244.0,0.0166,0.002,-1.0596,-0.088,-0.09,0.771
43288244.0,0.0073,0.0054,-1.0562,-0.027,0.032,0.588
43301244.0,0.0122,-0.001,-1.0605,0.034,0.093,0.893
43314244.0,0.0068,0.0029,-1.0649,-0.027,-0.212,0.71
43327244.0,0.0098,0.0039,-1.0664,-0.149,-0.029,0.71
43340244.0,0.0088,0.0059,-1.062,-0.21,0.032,0.71
43353244.0,0.0127,0.002,-1.064,0.095,-0.151,0.527
43366244.0,0.0122,0.0015,-1.0601,-0.21,0.032,0.832
43379244.0,0.0088,0.002,-1.0659,-0.027,-0.151,0.649
43392244.0,0.0112,0.0024,-1.0605,0.218,0.276,0.649
43405244.0,0.0083,0.001,-1.0664,-0.027,0.093,0.832
43418244.0,0.0137,0.002,-1.0664,0.034,-0.273,0.649
43431244.0,0.0142,0.0034,-1.0581,-0.21,0.154,0.71
43444244.0,0.0093,0.0044,-1.0688,0.095,0.032,0.71
43457244.0,0.0132,0.0015,-1.063,-0.027,0.032,0.832
43470244.0,0.0098,0.0005,-1.0581,-0.21,-0.212,0.71
43483244.0,0.0093,0.0015,-1.0664,-0.149,0.154,0.649
43496244.0,0.0098,0.0024,-1.0664,-0.271,-0.212,0.405
43509244.0,0.0122,0.0054,-1.0601,0.218,0.032,0.71
43522244.0,0.0132,0.0015,-1.0605,0.095,0.093,0.771
43535244.0,0.0098,0.0005,-1.0615,-0.027,-0.09,0.527
43548244.0,0.0103,0.0039,-1.0635,0.034,0.032,0.588
43561244.0,0.0127,0.001,-1.0664,0.034,-0.029,0.71
43574244.0,0.0142,0.002,-1.0664,-0.21,-0.09,0.588
43587244.0,0.0137,0.001,-1.0649,-0.332,-0.029,0.71
43600244.0,0.0137,0.0029,-1.0625,-0.088,-0.151,0.832
43613244.0,0.0137,-0.0015,-1.0571,-0.088,0.032,0.832
43626244.0,0.0117,0.002,-1.0625,0.034,-0.09,0.405
43639244.0,0.0117,0.0024,-1.0625,0.156,-0.212,0.649
43652244.0,0.0156,0.002,-1.0601,-0.027,-0.151,0.649
43665244.0,0.0142,0.002,-1.0688,0.095,-0.212,0.405
43678244.0,0.0137,0.0054,-1.0684,-0.027,0.093,0.649
43691244.0,0.0127,0.001,-1.0664,0.218,-0.029,0.527
43704244.0,0.0117,0.0039,-1.061,-0.21,-0.151,0.588
43717244.0,0.0103,0.0044,-1.0605,0.034,0.032,0.71
43730244.0,0.0117,0.0054,-1.0596,-0.149,-0.151,0.71
43743244.0,0.0137,0.001,-1.0576,-0.149,-0.151,0.771
43756244.0,0.0122,0.0,-1.0684,0.034,0.032,0.588
43769244.0,0.0146,0.0015,-1.0649,0.095,0.093,0.588
43782244.0,0.0117,0.0015,-1.064,-0.027,0.154,0.771
43795244.0,0.0132,0.0034,-1.062,0.034,0.093,0.649
43808244.0,0.0122,0.0034,-1.062,0.034,-0.029,0.588
43821244.0,0.0098,0.0,-1.0566,-0.149,-0.151,0.649
43834244.0,0.0107,0.0,-1.0625,-0.149,0.093,0.649
43847244.0,0.0127,0.0029,-1.0688,0.095,0.093,0.588
43860244.0,0.0127,0.0029,-1.0654,-0.027,-0.395,0.771
43873244.0,0.0142,0.0054,-1.0566,0.156,-0.212,0.527
43886244.0,0.0112,-0.001,-1.061,-0.027,-0.151,0.771
43899244.0,0.0112,0.0005,-1.0635,0.156,0.032,0.771
43912244.0,0.0103,0.0054,-1.062,-0.088,0.093,0.71
43925244.0,0.0132,0.0039,-1.0625,0.095,-0.151,0.832
43938244.0,0.0161,-0.002,-1.0693,-0.088,-0.09,0.588
43951244.0,0.0112,0.002,-1.062,-0.088,0.215,0.466
43964244.0,0.0103,0.001,-1.0576,-0.027,0.032,0.771
43977244.0,0.0103,0.001,-1.0605,-0.027,0.032,0.771
43990244.0,0.0107,0.0039,-1.064,-0.088,-0.029,0.588
44003244.0,0.0103,0.002,-1.0596,0.034,0.032,0.649
44016244.0,0.0103,-0.0034,-1.0581,0.156,-0.029,0.344
44029244.0,0.0098,0.0029,-1.063,-0.271,0.215,0.466
44042244.0,0.0063,0.0005,-1.0684,0.034,0.093,0.649
44055244.0,0.0112,0.001,-1.064,0.095,0.276,0.527
44068244.0,0.0103,0.0,-1.0581,0.279,0.093,0.649
44081244.0,0.0088,0.0005,-1.0649,-0.21,-0.029,0.527
44094244.0,0.0083,0.0029,-1.062,-0.149,0.154,0.466
44107244.0,0.0142,-0.0024,-1.0664,-0.149,-0.212,0.771
44120244.0,0.0103,0.0044,-1.064,0.034,0.032,0.588
44133244.0,0.0112,0.002,-1.0635,0.095,-0.151,0.527
44146244.0,0.0132,0.001,-1.0596,-0.088,0.093,0.71
44159244.0,0.0117,0.0044,-1.0669,0.095,-0.09,0.71
44172244.0,0.0093,0.002,-1.0654,0.034,-0.151,0.649
44185244.0,0.0098,0.0,-1.061,-0.149,0.093,0.588
44198244.0,0.0112,0.0024,-1.0635,0.279,0.154,0.527
44211244.0,0.0068,0.0005,-1.064,-0.21,-0.029,0.771
44224244.0,0.0127,0.0024,-1.0566,-0.027,0.032,0.527
44237244.0,0.0161,0.0039,-1.0625,-0.149,0.093,0.588
44250244.0,0.0127,-0.0015,-1.061,-0.271,-0.151,0.344
44263244.0,0.0088,0.0029,-1.0635,-0.332,-0.029,0.771
44276244.0,0.0132,-0.0005,-1.0557,0.095,-0.151,0.588
44289244.0,0.0112,-0.002,-1.0605,-0.149,0.154,0.588
44302244.0,0.0137,0.0024,-1.0693,-0.027,-0.151,0.771
44315244.0,0.0122,0.0005,-1.0664,-0.149,-0.09,0.405
44328244.0,0.0117,0.0034,-1.0581,-0.149,-0.029,0.344
44341244.0,0.0103,0.002,-1.0659,0.095,0.093,0.527
44354244.0,0.0083,0.0024,-1.0659,-0.027,-0.09,0.71
44367244.0,0.0107,0.002,-1.0693,-0.088,-0.212,0.71
44380244.0,0.0073,0.0029,-1.064,-0.149,-0.151,0.405
44393244.0,0.0122,0.0034,-1.0615,-0.21,0.032,0.771
44406244.0,0.0117,0.0024,-1.0625,-0.149,-0.09,0.588
44419244.0,0.0098,-0.0024,-1.0591,0.095,-0.029,0.527
44432244.0,0.0127,0.0,-1.0596,0.034,-0.151,0.649
44445244.0,0.0112,0.001,-1.0649,0.218,-0.029,0.466
44458244.0,0.0127,-0.0015,-1.0674,0.034,-0.09,0.588
44471244.0,0.0103,0.0039,-1.0664,-0.027,-0.151,0.649
44484244.0,0.0122,0.0024,-1.064,-0.027,0.093,0.466
44497244.0,0.0117,-0.0005,-1.0659,-0.027,-0.212,0.588
44510244.0,0.0127,0.0034,-1.0649,-0.088,0.093,0.588
44523244.0,0.0137,0.0,-1.062,-0.027,-0.09,0.71
44536244.0,0.0117,-0.0024,-1.0649,-0.21,-0.09,0.832
44549244.0,0.0137,0.0015,-1.062,-0.149,-0.151,0.649
44562244.0,0.0142,0.0005,-1.064,0.218,-0.029,0.71
44575244.0,0.0127,0.0044,-1.0669,0.034,0.032,0.771
44588244.0,0.0146,0.0034,-1.0591,-0.271,0.032,0.893
44601244.0,0.0088,0.0,-1.0547,-0.027,-0.029,0.527
44614244.0,0.0103,-0.0005,-1.0615,0.034,-0.029,0.771
44627244.0,0.0083,0.0005,-1.061,-0.149,0.093,0.588
44640244.0,0.0137,0.0039,-1.0596,0.034,0.093,0.588
44653244.0,0.0107,-0.001,-1.0713,0.034,-0.212,0.527
44666244.0,0.0107,0.0034,-1.0625,0.218,0.215,0.527
44679244.0,0.0098,0.0024,-1.0605,-0.149,-0.212,0.71
44692244.0,0.0132,0.0044,-1.0635,-0.088,0.093,0.649
44705244.0,0.0127,0.0024,-1.0625,0.034,-0.09,0.771
44718244.0,0.0122,0.0015,-1.0688,-0.027,0.032,0.771
44731244.0,0.0112,0.0029,-1.0635,-0.088,-0.151,0.71
44744244.0,0.0137,0.0044,-1.0679,-0.088,0.032,0.588
44757244.0,0.0112,0.0039,-1.0625,0.156,-0.09,0.771
44770244.0,0.0156,0.0015,-1.0669,-0.271,-0.09,0.71
44783244.0,0.0078,0.0015,-1.0635,-0.088,-0.09,0.771
44796244.0,0.0098,0.0034,-1.0625,0.034,-0.09,0.649
44809244.0,0.0103,0.0073,-1.0645,0.034,0.032,0.527
44822244.0,0.0117,0.0034,-1.0684,-0.21,-0.151,0.527
44835244.0,0.0107,0.001,-1.0571,-0.027,-0.029,0.588
44848244.0,0.0083,0.0029,-1.0625,-0.027,-0.029,0.832
44861244.0,0.0054,-0.0024,-1.061,0.034,-0.029,0.466
44874244.0,0.0127,0.001,-1.0586,0.095,0.154,0.588
44887244.0,0.0107,0.002,-1.0605,0.095,-0.212,0.649
44900244.0,0.0088,0.0005,-1.0635,0.095,0.032,0.832
44913244.0,0.0098,-0.001,-1.063,-0.088,0.093,0.588
44926244.0,0.0112,0.0068,-1.0596,-0.027,0.032,0.832
44939244.0,0.0117,0.001,-1.063,-0.088,-0.212,0.649
44952244.0,0.0098,0.0015,-1.0571,-0.21,0.215,0.527
44965244.0,0.0151,0.0034,-1.062,-0.149,-0.029,0.649
44978244.0,0.0156,0.002,-1.0654,0.095,-0.029,0.527
44991244.0,0.0107,0.0,-1.061,0.034,0.154,0.588
45004244.0,0.0117,0.0005,-1.0669,-0.149,-0.029,0.588
45017244.0,0.0112,0.0039,-1.0625,-0.149,0.093,0.466
45030244.0,0.0132,0.0039,-1.0728,0.095,0.093,0.71
45043244.0,0.0117,-0.0024,-1.0605,-0.21,0.093,0.71
45056244.0,0.0083,0.0039,-1.0605,0.095,-0.151,0.71
45069244.0,0.0156,0.0029,-1.0625,-0.21,0.154,0.771
45082244.0,0.0122,-0.001,-1.061,-0.21,-0.09,0.771
45095244.0,0.0107,0.0034,-1.0679,0.034,0.093,0.771
45108244.0,0.0117,-0.001,-1.0654,-0.088,-0.09,0.588
45121244.0,0.0107,0.002,-1.0591,-0.271,0.032,0.954
45134244.0,0.0093,0.0,-1.0625,0.034,0.154,0.588
45147244.0,0.0107,0.0063,-1.063,-0.271,-0.029,0.771
45160244.0,0.0112,0.002,-1.0664,0.156,-0.151,0.588
45173244.0,0.0093,0.0029,-1.064,-0.027,0.215,0.649
45186244.0,0.0146,0.0015,-1.0664,0.034,-0.151,0.527
45199244.0,0.0137,0.0044,-1.0645,-0.027,-0.212,0.649
45212244.0,0.0112,0.0024,-1.0654,-0.088,-0.09,0.832
45225244.0,0.0103,0.0044,-1.0605,0.034,-0.09,0.832
45238244.0,0.0117,0.0,-1.0615,-0.088,-0.212,0.832
45251244.0,0.0127,0.001,-1.0669,-0.149,0.093,0.71
45264244.0,0.0117,0.001,-1.0596,0.095,-0.151,0.832
45277244.0,0.0093,0.001,-1.062,-0.149,0.032,0.405
45290244.0,0.0127,0.0015,-1.062,-0.027,-0.029,0.771
45303244.0,0.0132,0.001,-1.0601,-0.21,-0.212,0.649
45316244.0,0.0112,0.0029,-1.0586,-0.21,0.154,0.649
45329244.0,0.0142,0.0015,-1.0562,-0.149,-0.151,0.588
45342244.0,0.0137,0.0049,-1.0605,-0.332,-0.029,0.466
45355244.0,0.0117,0.0015,-1.0649,-0.027,0.032,0.649
45368244.0,0.0107,0.0005,-1.063,0.034,-0.029,0.71
45381244.0,0.0117,-0.001,-1.0596,-0.271,-0.029,0.71
45394244.0,0.0083,0.0049,-1.063,-0.149,-0.09,0.771
45407244.0,0.0112,0.0005,-1.0669,0.034,-0.212,0.771
45420244.0,0.0112,0.0054,-1.0605,-0.149,-0.09,0.588
45433244.0,0.0093,0.002,-1.0635,-0.149,-0.09,0.649
45446244.0,0.0098,0.0034,-1.0679,-0.088,-0.029,0.649
45459244.0,0.0166,0.001,-1.0649,0.095,0.032,0.771
45472244.0,0.0112,0.0063,-1.0596,-0.21,0.032,0.649
45485244.0,0.0112,-0.001,-1.064,-0.027,0.032,0.649
45498244.0,0.0161,-0.0015,-1.0625,-0.271,-0.09,0.527
45511244.0,0.0098,0.0054,-1.0601,-0.088,-0.09,0.771
45524244.0,0.0146,0.0,-1.0684,-0.21,0.093,0.527
45537244.0,0.0127,0.0054,-1.0654,-0.21,0.032,0.649
45550244.0,0.0122,0.0015,-1.0703,0.095,0.276,0.71
45563244.0,0.0117,0.0,-1.063,-0.088,0.032,0.588
45576244.0,0.0122,0.002,-1.0659,-0.149,-0.029,0.71
45589244.0,0.0103,0.0039,-1.0654,-0.088,0.032,0.649
45602244.0,0.0107,0.002,-1.0645,-0.088,-0.029,0.649
45615244.0,0.0132,-0.002,-1.0615,-0.149,0.093,0.588
45628244.0,0.0117,0.0015,-1.0542,-0.21,-0.029,0.649
45641244.0,0.0132,0.0024,-1.063,0.034,0.032,0.71
45654244.0,0.0122,0.002,-1.063,0.034,0.032,0.527
45667244.0,0.0093,0.0015,-1.064,0.218,-0.029,0.649
45680244.0,0.0122,-0.001,-1.0649,-0.149,0.154,0.771
45693244.0,0.0107,0.0024,-1.0635,-0.149,0.032,0.71
45706244.0,0.0098,0.0,-1.0571,0.034,-0.09,0.527
45719244.0,0.0161,0.0015,-1.0596,-0.149,-0.212,0.71
45732244.0,0.0127,-0.0005,-1.0654,0.095,0.093,0.588
45745244.0,0.0117,-0.0005,-1.0601,-0.027,0.032,0.649
45758244.0,0.0112,-0.001,-1.0693,-0.149,-0.09,0.71
45771244.0,0.0098,0.0034,-1.0674,0.034,0.154,0.649
45784244.0,0.0171,0.0039,-1.063,-0.149,-0.273,0.771
45797244.0,0.0156,0.002,-1.0542,-0.088,0.032,0.649
45810244.0,0.0146,0.0,-1.0605,0.218,0.032,0.527
45823244.0,0.0132,0.0015,-1.0605,-0.088,-0.09,0.71
45836244.0,0.0142,0.0054,-1.0664,-0.149,0.032,0.649
45849244.0,0.0132,0.0054,-1.0605,0.156,-0.151,0.649
45862244.0,0.0146,-0.001,-1.062,-0.027,-0.273,0.649
45875244.0,0.0132,-0.001,-1.0659,-0.149,-0.09,0.71
45888244.0,0.0107,-0.001,-1.0645,-0.088,-0.151,0.832
45901244.0,0.0122,0.002,-1.0615,0.156,0.093,0.649
45914244.0,0.0112,-0.0034,-1.0674,-0.21,0.154,0.71
45927244.0,0.0112,0.0039,-1.0596,-0.149,0.032,0.771
45940244.0,0.0137,0.0015,-1.0581,-0.149,0.276,0.71
45953244.0,0.0088,0.0029,-1.0596,-0.027,-0.09,0.588
45966244.0,0.0107,-0.0005,-1.062,-0.149,0.032,0.771
45979244.0,0.0132,0.0015,-1.0601,-0.149,0.154,0.771
45992244.0,0.0146,0.0029,-1.0649,0.156,-0.029,0.71
46005244.0,0.0117,0.0024,-1.0625,-0.088,-0.029,0.771
46018244.0,0.0112,0.001,-1.0615,0.034,-0.029,0.832
46031244.0,0.0122,-0.0005,-1.0649,0.034,0.215,0.71
46044244.0,0.0156,0.0015,-1.0693,0.034,0.154,0.832
46057244.0,0.0132,0.0015,-1.0625,-0.027,0.093,0.649
46070244.0,0.0093,0.002,-1.064,-0.088,-0.09,0.649
46083244.0,0.0122,0.0029,-1.0693,0.034,-0.029,0.649
46096244.0,0.0137,0.0029,-1.064,-0.027,0.093,0.71
46109244.0,0.0078,-0.0005,-1.064,-0.088,-0.029,0.466
46122244.0,0.0122,0.0034,-1.064,0.156,-0.151,0.527
46135244.0,0.0132,-0.0005,-1.062,0.095,0.032,0.832
46148244.0,0.0117,0.0044,-1.0625,0.034,0.093,0.527
46161244.0,0.0137,0.0005,-1.0635,-0.271,0.032,0.71
46174244.0,0.0132,0.002,-1.0586,-0.149,0.093,0.771
46187244.0,0.0112,0.0044,-1.0591,-0.027,0.032,0.649
46200244.0,0.0068,0.0029,-1.0674,0.156,0.154,0.771
46213244.0,0.0146,0.001,-1.0649,-0.149,0.215,0.649
46226244.0,0.0127,-0.0005,-1.0635,-0.21,0.032,0.71
46239244.0,0.0137,0.0034,-1.061,-0.271,-0.09,0.466
46252244.0,0.0161,0.001,-1.0586,-0.149,0.215,0.588
46265244.0,0.0107,0.002,-1.0601,-0.149,-0.029,0.649
46278244.0,0.0132,0.0005,-1.0635,-0.149,-0.029,0.71
46291244.0,0.0098,0.0029,-1.0601,0.034,-0.151,0.771
46304244.0,0.0078,0.0,-1.0605,0.034,0.093,0.771
46317244.0,0.0127,0.0024,-1.0659,0.095,0.093,0.71
46330244.0,0.0122,0.0034,-1.0654,-0.088,-0.395,0.649
46343244.0,0.0117,-0.001,-1.0615,-0.027,-0.151,0.527
46356244.0,0.0112,0.0,-1.062,-0.088,0.032,0.771
46369244.0,0.0132,0.0024,-1.0654,0.034,0.154,0.527
46382244.0,0.0127,0.0039,-1.064,-0.027,0.154,0.71
46395244.0,0.0127,0.0034,-1.064,-0.027,-0.151,0.71
46408244.0,0.0146,-0.0015,-1.062,-0.149,0.398,0.649
46421244.0,0.0122,0.0029,-1.063,0.034,0.154,0.71
46434244.0,0.0122,0.0054,-1.0664,-0.271,-0.09,0.588
46447244.0,0.0107,-0.0005,-1.0601,0.095,-0.151,0.71
46460244.0,0.0117,0.0029,-1.0625,0.095,0.093,0.771
46473244.0,0.0137,0.0,-1.064,0.034,0.032,0.588
46486244.0,0.0127,-0.0029,-1.061,-0.027,-0.09,0.527
46499244.0,0.0132,0.0015,-1.0654,-0.149,0.032,0.527
46512244.0,0.0151,0.0034,-1.0635,0.034,-0.151,0.466
46525244.0,0.0122,0.0,-1.0601,-0.149,0.215,0.771
46538244.0,0.0098,0.0024,-1.0635,0.034,0.032,0.466
46551244.0,0.0093,0.0034,-1.0649,-0.088,-0.151,0.649
46564244.0,0.0063,0.0015,-1.0693,0.034,-0.273,0.588
46577244.0,0.0088,0.0034,-1.0669,0.034,0.093,0.71
46590244.0,0.0103,0.0029,-1.0571,-0.088,0.154,0.71
46603244.0,0.0112,0.001,-1.0645,0.156,-0.09,0.771
46616244.0,0.0093,0.0039,-1.0605,0.034,-0.029,0.588
46629244.0,0.0137,0.002,-1.0659,-0.088,-0.029,0.466
46642244.0,0.0146,-0.0029,-1.0576,0.156,-0.212,0.71
46655244.0,0.0132,0.0,-1.0684,-0.027,-0.09,0.771
46668244.0,0.0156,0.001,-1.0591,0.156,0.032,0.893
46681244.0,0.0127,0.0044,-1.062,0.095,-0.151,0.649
46694244.0,0.9663,-0.2632,-4.5913,26.585,44.16,-0.572
46707244.0,0.1953,0.1328,-1.8677,12.241,53.804,-1.06
46720244.0,0.0005,0.1865,0.0146,-18.459,-9.551,-2.219
46733244.0,-0.1289,0.0942,-0.4146,-17.849,-31.889,0.1
46746244.0,0.0176,-0.0669,-1.1807,5.833,2.412,0.954
46759244.0,0.0088,0.0635,-1.2007,1.072,0.703,0.527
46772244.0,0.0322,0.0913,-1.0605,-3.811,0.398,0.71
46785244.0,-0.0083,0.0156,-1.0386,-1.858,-0.09,0.832
46798244.0,0.0078,-0.0288,-1.022,0.462,0.154,0.527
46811244.0,0.0112,-0.0059,-1.0757,0.889,-0.029,0.649
46824244.0,0.0029,0.0088,-1.0332,-0.82,-0.029,0.527
46837244.0,0.0049,0.0083,-1.0371,-0.027,-0.273,0.405
46850244.0,0.0239,0.0039,-1.0527,-0.21,-0.09,0.588
46863244.0,0.0054,0.0073,-1.0571,0.095,-0.151,0.771
46876244.0,0.0186,0.0005,-1.0728,-0.21,0.032,0.649
46889244.0,0.0132,0.002,-1.0781,-0.088,0.032,0.832
46902244.0,0.0132,-0.0088,-1.0752,0.095,0.215,0.649
46915244.0,0.0103,0.0059,-1.0708,-0.027,0.032,0.832
46928244.0,0.0132,0.0039,-1.0669,0.034,-0.151,0.832
46941244.0,0.0122,0.0029,-1.0562,-0.21,-0.212,0.527
46954244.0,0.0132,0.001,-1.062,-0.027,0.032,0.771
46967244.0,0.0166,-0.0005,-1.0649,-0.027,-0.151,0.527
46980244.0,0.0132,0.0015,-1.0679,0.095,-0.029,0.527
46993244.0,0.0122,-0.002,-1.0591,0.095,0.032,0.344
47006244.0,0.0127,0.002,-1.062,-0.088,-0.151,0.588
47019244.0,0.0132,0.0083,-1.0684,-0.149,-0.029,0.71
47032244.0,0.0156,0.0005,-1.0615,-0.149,-0.09,0.405
47045244.0,0.0142,0.0015,-1.0605,0.034,-0.09,0.649
47058244.0,0.0112,-0.0005,-1.064,0.034,-0.09,0.466
47071244.0,0.0132,0.0024,-1.061,0.034,-0.212,0.588
47084244.0,0.0151,0.0049,-1.0654,0.156,-0.029,0.71
47097244.0,0.0142,0.001,-1.0635,-0.149,0.032,0.71
47110244.0,0.0122,0.001,-1.0605,0.095,-0.151,0.71
47123244.0,0.0122,0.0039,-1.064,-0.21,0.032,0.649
47136244.0,0.0122,0.0024,-1.0674,0.095,0.032,0.893
47149244.0,0.0093,0.001,-1.0664,-0.149,0.032,0.771
47162244.0,0.0059,0.0015,-1.0615,0.034,-0.029,0.832
47175244.0,0.0127,0.0015,-1.0562,0.034,0.093,0.893
47188244.0,0.0122,0.0005,-1.0605,0.095,-0.09,0.649
47201244.0,0.0132,0.0039,-1.0669,-0.088,-0.09,0.71
47214244.0,0.0122,0.0005,-1.0601,0.156,0.154,0.771
47227244.0,0.0107,-0.0034,-1.0635,-0.149,0.093,0.405
47240244.0,0.0146,0.0,-1.0615,-0.088,-0.029,0.893
47253244.0,0.0142,0.0015,-1.0645,-0.088,-0.029,0.954
47266244.0,0.0146,0.0044,-1.0615,0.156,-0.09,0.832
47279244.0,0.0132,0.0039,-1.0674,0.156,-0.029,0.466
47292244.0,0.0137,-0.001,-1.0635,0.034,-0.09,0.832
47305244.0,0.0098,0.0024,-1.0625,0.034,-0.151,0.649
47318244.0,0.0132,0.001,-1.0547,-0.271,-0.212,0.649
47331244.0,0.0142,0.0059,-1.0654,-0.149,0.215,0.649
47344244.0,0.0146,-0.0005,-1.0615,-0.149,0.154,0.527
47357244.0,0.0127,0.0015,-1.0615,0.034,-0.151,0.832
47370244.0,0.0098,-0.0015,-1.0659,-0.027,-0.273,0.588
47383244.0,0.0112,0.0024,-1.063,0.034,-0.09,0.588
47396244.0,0.0122,0.0034,-1.0625,-0.149,-0.212,0.649
47409244.0,0.0151,0.001,-1.0591,-0.149,0.093,0.649
47422244.0,0.0112,0.001,-1.0605,-0.149,-0.029,0.649
47435244.0,0.0107,0.0029,-1.0645,-0.027,0.032,0.588
47448244.0,0.0103,0.0015,-1.0635,0.095,-0.151,0.71
47461244.0,0.0127,0.0049,-1.0552,-0.088,-0.09,0.71
47474244.0,0.0117,0.0049,-1.0591,-0.027,-0.09,0.71
47487244.0,0.0127,0.002,-1.0625,0.156,0.276,0.466
47500244.0,0.0151,0.002,-1.0586,-0.027,-0.029,0.771
47513244.0,0.0137,-0.0015,-1.0688,0.095,-0.029,0.71
47526244.0,0.0156,0.0005,-1.0674,-0.088,-0.029,0.527
47539244.0,-0.1162,0.2666,-0.313,-13.454,-11.015,-0.633
47552244.0,0.0122,0.0054,0.0576,-25.295,-30.364,-4.783
47565244.0,-0.3047,-0.0596,0.1562,-8.083,-14.616,-10.276
47578244.0,-0.2246,-0.3315,-1.2314,45.872,-8.269,0.283
47591244.0,-0.1724,0.0059,-0.5601,-12.722,-6.621,-0.144
47604244.0,-0.2114,0.0991,-0.332,-12.905,-19.194,0.405
47617244.0,0.0063,-0.0796,-1.0796,0.889,1.375,0.588
47630244.0,0.0239,-0.019,-1.0513,1.194,0.032,0.71
47643244.0,-0.0151,0.0601,-1.0381,-1.552,-0.029,0.527
47656244.0,0.0054,0.0356,-0.9922,-1.919,-0.639,0.405
47669244.0,0.0166,0.0083,-1.0576,0.462,0.032,0.466
47682244.0,0.0112,-0.0063,-1.0454,0.034,-0.334,0.771
47695244.0,-0.0029,-0.0024,-1.0723,-0.21,-0.212,0.771
47708244.0,0.0107,0.0044,-1.0508,-0.515,-0.334,0.405
47721244.0,0.0195,-0.0005,-1.0571,-0.088,-0.09,0.283
47734244.0,0.0166,0.002,-1.0596,-0.088,0.032,0.71
47747244.0,0.0068,0.0068,-1.0635,-0.393,-0.212,0.649
47760244.0,0.0195,0.0,-1.061,-0.088,-0.029,0.832
47773244.0,0.0171,-0.0029,-1.0713,0.218,0.093,0.771
47786244.0,0.0166,-0.0063,-1.0713,-0.393,-0.09,0.588
47799244.0,0.0146,0.0059,-1.0718,0.034,-0.212,0.527
47812244.0,0.02,-0.0005,-1.0649,-0.027,0.032,0.771
47825244.0,0.0161,-0.0024,-1.0615,0.218,0.093,0.527
47838244.0,0.0098,-0.0005,-1.0601,-0.088,0.154,0.771
47851244.0,0.0186,0.0034,-1.0654,0.095,0.093,0.71
47864244.0,0.0171,0.002,-1.0684,-0.21,-0.151,0.649
47877244.0,0.0137,-0.001,-1.0669,-0.088,-0.09,0.771
47890244.0,0.0132,0.0029,-1.0664,-0.271,-0.334,0.832
47903244.0,0.0166,0.0044,-1.0625,-0.149,-0.09,0.588
47916244.0,0.0161,-0.0024,-1.0649,0.034,-0.09,0.466
47929244.0,0.0146,-0.001,-1.0659,-0.21,0.154,0.771
47942244.0,0.0156,0.002,-1.0669,-0.332,-0.09,0.649
47955244.0,0.0171,0.0015,-1.0605,-0.088,-0.09,0.771
47968244.0,0.0181,0.0015,-1.0703,-0.149,0.032,0.466
47981244.0,0.0103,0.0015,-1.0615,0.034,0.032,0.832
47994244.0,0.0186,0.0049,-1.0664,-0.027,-0.09,0.649
48007244.0,0.0137,0.0024,-1.0571,-0.271,-0.09,0.771
48020244.0,0.0117,-0.0005,-1.0625,-0.088,0.093,0.588
48033244.0,0.0146,0.0049,-1.063,0.034,-0.029,0.588
48046244.0,0.0151,-0.001,-1.061,-0.027,-0.151,0.527
48059244.0,0.0132,0.0,-1.0659,0.034,-0.151,0.71
48072244.0,0.0103,-0.0015,-1.0635,-0.088,0.032,0.649
48085244.0,0.0142,0.0015,-1.0649,-0.21,-0.273,0.527
48098244.0,0.0181,0.001,-1.0625,-0.088,0.032,0.588
48111244.0,0.0127,-0.0015,-1.0698,0.034,0.154,0.527
48124244.0,0.0176,0.0024,-1.064,-0.027,0.093,0.527
48137244.0,0.0176,0.0015,-1.0679,0.095,0.093,0.649
48150244.0,0.0151,0.001,-1.0576,-0.088,-0.09,0.771
48163244.0,0.0156,0.002,-1.0669,-0.027,0.093,0.588
48176244.0,0.0146,0.0029,-1.0654,-0.088,-0.09,0.71
48189244.0,0.0132,0.001,-1.062,-0.21,-0.09,0.71
48202244.0,0.0176,0.0029,-1.0547,0.095,-0.029,0.71
48215244.0,0.0166,0.001,-1.0581,0.034,0.093,0.649
48228244.0,0.0142,0.0,-1.0625,-0.271,-0.273,0.954
48241244.0,0.0156,0.002,-1.062,0.156,-0.09,0.771
48254244.0,0.0181,0.0034,-1.0601,-0.088,-0.212,0.649
48267244.0,0.0156,0.0024,-1.064,0.095,0.154,0.771
48280244.0,0.0137,-0.0005,-1.064,0.034,0.093,0.71
48293244.0,0.0176,0.0063,-1.0635,-0.088,0.154,0.832
48306244.0,0.0137,0.002,-1.0615,-0.088,-0.029,0.771
48319244.0,0.0132,0.0029,-1.0625,0.034,0.032,0.71
48332244.0,0.0166,0.0034,-1.0615,-0.027,-0.09,0.71
48345244.0,0.0166,0.0029,-1.0581,-0.149,-0.09,0.649
48358244.0,0.0137,0.0034,-1.0591,-0.149,-0.029,0.588
48371244.0,0.0181,0.0034,-1.063,-0.149,-0.151,0.771
48384244.0,0.0137,0.0029,-1.0586,0.095,0.032,0.71
48397244.0,0.0132,-0.0024,-1.0537,0.034,-0.151,0.649
48410244.0,0.0146,0.0005,-1.0581,-0.149,-0.09,0.771
48423244.0,0.0146,-0.001,-1.062,-0.027,0.032,0.71
48436244.0,0.0156,0.0015,-1.0713,-0.21,0.032,0.405
48449244.0,0.0146,-0.001,-1.0649,-0.149,-0.09,0.588
48462244.0,0.0132,0.001,-1.0649,-0.332,-0.334,0.649
48475244.0,0.0127,-0.0005,-1.0674,-0.149,-0.029,0.527
48488244.0,0.0166,0.0049,-1.0596,-0.027,-0.151,0.832
48501244.0,0.0151,0.0015,-1.0591,0.034,-0.029,0.771
48514244.0,0.0186,0.002,-1.0635,-0.027,0.154,0.649
48527244.0,0.0161,0.0,-1.0601,0.034,-0.09,0.527
48540244.0,0.0161,0.0029,-1.0571,-0.088,-0.09,0.771
48553244.0,0.0103,0.002,-1.0649,-0.027,0.032,0.649
48566244.0,0.0142,-0.001,-1.062,-0.027,0.276,0.771
48579244.0,0.0171,0.0024,-1.0688,-0.088,-0.029,0.771
48592244.0,0.0137,0.0005,-1.0649,-0.21,0.032,0.527
48605244.0,0.0171,0.0054,-1.0635,-0.027,-0.09,0.649
48618244.0,0.0156,0.0044,-1.0645,-0.149,0.032,0.832
48631244.0,0.0083,-0.0005,-1.0596,0.156,-0.029,0.527
48644244.0,0.0146,0.0039,-1.0571,0.034,-0.029,0.71
48657244.0,0.0146,0.0073,-1.0635,-0.149,0.032,0.771
48670244.0,0.0171,0.002,-1.0601,-0.088,-0.273,0.832
48683244.0,0.0156,0.001,-1.063,-0.027,0.032,0.649
48696244.0,0.0151,0.002,-1.064,-0.332,-0.273,0.71
48709244.0,0.0156,-0.0029,-1.0635,-0.088,-0.029,0.649
48722244.0,0.0156,0.0015,-1.0586,-0.088,0.093,0.649
48735244.0,0.0137,0.0024,-1.0649,-0.21,-0.09,0.649
48748244.0,0.0083,-0.0015,-1.0571,-0.393,0.093,0.649
48761244.0,0.02,0.001,-1.0566,-0.271,-0.09,0.771
48774244.0,0.0186,0.0015,-1.063,0.095,-0.09,0.588
48787244.0,0.0151,0.0039,-1.064,-0.21,-0.151,0.649
48800244.0,0.0176,0.0029,-1.0586,0.034,-0.029,0.71
48813244.0,0.0215,0.0317,-1.064,-0.881,1.436,0.588
48826244.0,-0.0991,-0.1357,-0.7144,-6.191,-5.217,-1.304
48839244.0,-0.0835,0.1006,-0.229,-8.388,-20.72,-0.449
48852244.0,-0.0059,-0.0024,-1.1929,7.176,-1.189,0.222
48865244.0,0.019,0.0874,-1.1245,-2.102,0.581,0.893
48878244.0,-0.0356,0.0933,-0.9438,-6.008,-1.738,0.588
48891244.0,-0.0078,-0.0151,-0.9487,-1.308,-0.884,0.649
48904244.0,0.021,-0.0396,-1.0386,2.11,-0.09,0.771
48917244.0,0.0107,0.0283,-1.0557,0.645,0.032,0.588
48930244.0,0.02,0.0249,-1.0474,-1.003,-0.334,0.649
48943244.0,0.0254,-0.0044,-1.0679,0.156,-0.09,0.649
48956244.0,0.0088,-0.0195,-1.0581,0.034,-0.212,0.344
48969244.0,0.0132,-0.0068,-1.0825,0.034,-0.029,0.771
48982244.0,0.0156,0.0088,-1.0625,-0.088,0.093,0.527
48995244.0,0.0171,-0.001,-1.0684,-0.027,-0.09,0.71
49008244.0,0.0215,-0.0083,-1.0708,-0.149,-0.029,0.771
49021244.0,0.0156,0.0059,-1.064,0.34,-0.09,0.771
49034244.0,0.0225,0.0015,-1.0698,0.156,0.093,0.71
49047244.0,0.0112,-0.0015,-1.0664,0.156,0.154,0.588
49060244.0,0.0132,-0.0044,-1.064,0.156,0.154,0.588
49073244.0,0.0146,0.0024,-1.0571,-0.088,-0.09,0.71
49086244.0,0.0146,0.001,-1.0684,-0.149,0.032,0.588
49099244.0,0.0146,-0.001,-1.0596,-0.149,0.032,0.771
49112244.0,0.0151,0.0044,-1.0698,-0.088,0.093,0.71
49125244.0,0.0142,-0.0015,-1.0586,-0.21,0.032,0.893
49138244.0,0.0176,-0.0024,-1.0552,-0.027,-0.151,0.649
49151244.0,0.0117,-0.0005,-1.0669,0.095,0.154,0.588
49164244.0,0.0156,0.0024,-1.0601,0.218,-0.09,0.893
49177244.0,0.0146,0.0078,-1.062,-0.21,-0.029,0.832
49190244.0,0.0161,-0.0024,-1.061,0.156,0.276,0.893
49203244.0,0.0151,0.0,-1.063,-0.088,0.032,0.893
49216244.0,0.0142,0.0044,-1.0591,0.034,0.032,0.832
49229244.0,0.0186,0.0005,-1.0649,-0.027,0.032,0.527
49242244.0,0.0151,0.0024,-1.0635,-0.027,-0.151,0.466
49255244.0,0.0151,0.0029,-1.0635,-0.027,-0.029,0.71
49268244.0,0.0137,0.0054,-1.0659,0.156,-0.151,0.832
49281244.0,0.0112,0.0024,-1.0532,-0.149,0.215,0.71
49294244.0,0.0166,0.0,-1.0713,0.034,-0.151,0.649
49307244.0,0.0137,0.0015,-1.061,-0.027,0.215,0.771
49320244.0,0.0146,-0.001,-1.0635,-0.027,0.093,0.771
49333244.0,0.0176,0.0034,-1.0581,-0.027,-0.273,0.649
49346244.0,0.0122,-0.0005,-1.0615,-0.088,-0.09,0.771
49359244.0,0.0156,0.0024,-1.0596,-0.027,-0.212,1.015
49372244.0,0.0142,0.0054,-1.0625,-0.088,0.032,0.649
49385244.0,0.0151,-0.002,-1.0654,-0.027,-0.09,0.832
49398244.0,0.0171,0.0024,-1.0586,-0.271,-0.029,0.71
49411244.0,0.0137,0.0005,-1.063,0.034,0.154,0.649
49424244.0,0.0181,0.0034,-1.0605,-0.088,-0.09,0.649
49437244.0,0.0161,0.0034,-1.0532,0.156,0.154,0.954
49450244.0,0.0112,-0.001,-1.063,0.095,0.215,0.405
49463244.0,0.0166,0.0024,-1.0659,-0.088,-0.029,0.649
49476244.0,0.0161,-0.0005,-1.0654,0.034,0.093,0.588
49489244.0,0.0176,0.001,-1.0615,-0.088,-0.029,0.71
49502244.0,0.0151,0.002,-1.0674,0.095,0.093,0.649
49515244.0,0.0161,0.002,-1.0562,0.095,0.093,0.588
49528244.0,0.0176,0.0,-1.0542,0.034,0.032,0.832
49541244.0,0.0146,0.001,-1.0635,-0.027,-0.029,0.466
49554244.0,0.0151,0.001,-1.0576,0.279,-0.09,1.076
49567244.0,0.0156,-0.0005,-1.062,-0.21,-0.029,0.527
49580244.0,0.0166,0.0034,-1.063,-0.088,-0.09,0.832
49593244.0,0.0137,0.001,-1.0659,-0.088,-0.029,0.588
49606244.0,0.0186,-0.002,-1.0562,-0.027,0.032,0.71
49619244.0,0.019,0.0034,-1.0669,-0.088,-0.09,0.71
49632244.0,0.0132,0.001,-1.0645,-0.088,0.032,0.466
49645244.0,0.0176,0.001,-1.061,0.095,0.154,0.649
49658244.0,0.0176,0.0034,-1.0591,0.095,-0.09,0.527
49671244.0,0.0137,0.0044,-1.061,-0.088,-0.09,0.649
49684244.0,0.0112,-0.001,-1.0664,-0.149,0.032,0.649
49697244.0,0.0156,0.001,-1.0679,-0.088,-0.151,0.71
49710244.0,0.0176,-0.002,-1.064,-0.088,-0.09,0.649
49723244.0,0.019,-0.002,-1.0596,-0.332,0.032,0.893
49736244.0,0.0137,0.0024,-1.063,-0.088,-0.09,0.588
49749244.0,0.0137,0.0005,-1.0591,0.156,0.093,0.527
49762244.0,0.0132,0.0063,-1.061,-0.088,-0.09,0.71
49775244.0,0.0112,0.002,-1.0596,-0.21,-0.273,0.588
49788244.0,0.0122,-0.0024,-1.0674,-0.332,-0.029,0.405
49801244.0,0.0146,0.0,-1.0596,0.034,0.032,0.893
49814244.0,0.0122,0.0024,-1.0635,-0.698,1.253,0.649
49827244.0,-0.0542,-0.0879,-0.7676,-7.107,-5.644,-0.266
49840244.0,-0.106,0.0747,-0.2139,-4.116,-8.513,-0.022
49853244.0,0.0527,-0.0674,-1.3042,8.03,0.215,0.466
49866244.0,0.0283,0.0469,-1.1929,-1.125,0.886,0.649
49879244.0,-0.021,0.0918,-1.0073,-5.459,-0.884,0.649
49892244.0,-0.0073,-0.0059,-0.9673,-1.614,-0.7,0.466
49905244.0,0.0161,-0.0273,-1.0464,1.743,-0.029,0.71
49918244.0,0.0151,0.0327,-1.0635,0.095,0.337,0.649
49931244.0,0.0137,0.0264,-1.0361,-0.942,-0.334,0.588
49944244.0,0.0225,-0.002,-1.0615,0.401,-0.029,0.649
49957244.0,0.0151,-0.019,-1.0659,0.279,-0.334,0.771
49970244.0,0.0088,-0.0098,-1.0835,0.156,0.032,0.71
49983244.0,0.0234,0.0034,-1.0649,-0.271,-0.151,0.649
49996244.0,0.0161,0.0005,-1.0581,0.034,-0.151,0.71
50009244.0,0.0156,0.002,-1.0654,0.034,0.093,0.832
50022244.0,0.0142,0.0039,-1.0693,0.034,0.093,0.649
50035244.0,0.0176,0.001,-1.0703,0.034,0.032,0.71
50048244.0,0.0137,0.0,-1.0566,-0.027,0.032,0.649
50061244.0,0.0137,0.002,-1.0596,-0.21,0.154,0.588
50074244.0,0.0132,0.0015,-1.0591,0.156,-0.029,0.71
50087244.0,0.0186,0.0029,-1.0615,-0.393,0.093,0.588
50100244.0,0.0186,-0.0029,-1.0571,0.156,-0.273,0.832
50113244.0,0.0103,0.0059,-1.0625,-0.21,0.154,0.649
50126244.0,0.0195,0.002,-1.0679,-0.027,0.215,0.71
50139244.0,0.0151,0.0015,-1.061,-0.149,-0.212,0.771
50152244.0,0.0127,0.0,-1.0654,0.218,-0.151,0.832
50165244.0,0.0142,-0.001,-1.061,0.156,-0.151,0.405
50178244.0,0.0142,0.002,-1.0645,-0.027,0.093,0.832
50191244.0,0.0132,-0.0024,-1.0576,-0.027,0.093,0.527
50204244.0,0.0112,0.0,-1.0669,0.156,-0.029,0.832
50217244.0,0.0161,-0.0015,-1.0591,-0.088,-0.029,0.771
50230244.0,0.0137,0.001,-1.0645,-0.088,-0.029,0.588
50243244.0,0.0156,0.0015,-1.062,-0.027,0.032,0.71
50256244.0,0.0156,0.001,-1.0659,0.156,0.032,0.649
50269244.0,0.0156,-0.0034,-1.0581,0.034,0.093,0.771
50282244.0,0.0161,0.0049,-1.0596,-0.088,0.154,0.71
50295244.0,0.0132,0.0024,-1.062,-0.088,0.093,0.71
50308244.0,0.0161,0.0024,-1.0674,-0.332,0.032,0.954
50321244.0,0.0156,0.0,-1.0654,0.156,-0.029,0.588
50334244.0,0.019,-0.0005,-1.0664,-0.088,-0.334,0.527
50347244.0,0.0142,-0.0029,-1.0654,-0.088,-0.151,0.71
50360244.0,0.0137,0.0049,-1.0605,-0.027,-0.212,0.649
50373244.0,0.0151,0.001,-1.0601,-0.21,0.093,0.771
50386244.0,0.0151,0.0015,-1.0615,0.095,0.032,0.71
50399244.0,0.0151,0.001,-1.0605,0.034,0.093,0.649
50412244.0,0.0112,0.0005,-1.061,-0.149,0.032,0.649
50425244.0,0.0146,0.0039,-1.0649,-0.027,-0.09,0.71
50438244.0,0.0146,-0.001,-1.0586,0.218,-0.029,0.771
50451244.0,0.0093,-0.0005,-1.0654,-0.149,-0.151,0.649
50464244.0,0.0117,0.0039,-1.063,-0.149,0.154,0.771
50477244.0,0.0132,0.0039,-1.0654,0.095,0.032,0.649
50490244.0,0.0151,0.0015,-1.0625,0.034,0.032,0.771
50503244.0,0.0161,-0.001,-1.0708,0.156,-0.029,0.588
50516244.0,0.0146,0.0034,-1.0645,-0.088,0.215,0.588
50529244.0,-0.2231,0.0537,-0.6924,4.185,-5.278,0.222
50542244.0,0.126,-0.1606,-1.5811,24.815,6.624,1.137
50555244.0,-0.2612,0.0625,-0.75,0.889,-3.63,0.039
50568244.0,-0.0161,0.0986,-0.894,-12.356,-2.47,0.527
50581244.0,0.02,-0.0371,-0.9355,-2.712,-1.067,0.588
50594244.0,0.0615,-0.0669,-1.1265,3.941,1.192,0.893
50607244.0,0.002,0.0098,-1.0957,1.927,-0.212,0.588
50620244.0,0.0264,0.0,-1.0864,-0.942,0.093,0.771
50633244.0,0.0127,-0.0161,-1.0518,-0.637,-0.273,0.466
50646244.0,0.0215,-0.022,-1.0791,0.767,0.032,0.588
50659244.0,0.0225,0.0205,-1.0767,-0.21,0.154,0.588
50672244.0,0.0254,0.0127,-1.0718,-0.088,0.093,0.771
50685244.0,0.0215,0.0029,-1.0693,-0.21,0.032,0.771
50698244.0,0.0088,-0.0078,-1.0723,0.095,0.276,0.771
50711244.0,0.0171,-0.0024,-1.0762,0.156,0.093,0.71
50724244.0,0.0176,0.001,-1.0684,-0.149,-0.151,0.588
50737244.0,0.0171,0.0005,-1.0562,-0.271,-0.09,0.71
50750244.0,0.0137,0.0049,-1.0537,0.095,-0.212,0.527
50763244.0,0.0146,0.0034,-1.0562,-0.027,-0.212,0.771
50776244.0,0.0151,0.0015,-1.062,-0.149,-0.09,0.588
50789244.0,0.0132,-0.002,-1.0566,0.034,0.154,0.527
50802244.0,0.0122,-0.0029,-1.0674,-0.027,-0.029,0.71
50815244.0,0.0161,0.001,-1.062,-0.332,-0.029,0.588
50828244.0,0.0132,0.0015,-1.0576,0.034,0.032,0.771
50841244.0,0.0171,0.0029,-1.0596,-0.088,-0.212,0.588
50854244.0,0.0166,0.001,-1.061,-0.027,-0.029,0.71
50867244.0,0.0186,0.0015,-1.0591,-0.149,-0.09,0.588
50880244.0,0.0195,0.002,-1.0596,0.034,0.093,0.771
50893244.0,0.0137,0.002,-1.0586,-0.21,-0.151,0.588
50906244.0,0.0161,0.0024,-1.0635,-0.088,-0.151,0.527
50919244.0,0.0156,0.001,-1.0615,-0.21,-0.09,0.893
50932244.0,0.0156,0.0015,-1.0596,-0.027,-0.151,0.893
50945244.0,0.0146,0.0049,-1.0649,0.034,-0.029,0.893
50958244.0,0.0127,0.001,-1.0649,0.034,0.032,0.71
50971244.0,0.0181,0.002,-1.0635,0.218,0.154,0.466
50984244.0,0.0127,0.0005,-1.064,0.095,0.032,0.649
50997244.0,0.0195,0.0034,-1.0625,-0.149,0.093,0.832
51010244.0,0.0166,0.0039,-1.063,-0.149,-0.212,0.71
51023244.0,0.0146,0.0054,-1.0645,-0.149,-0.273,0.649
51036244.0,0.0161,-0.002,-1.0654,-0.21,-0.029,0.832
51049244.0,0.0137,0.0039,-1.0586,0.279,-0.151,0.832
51062244.0,0.0166,0.0029,-1.063,0.034,0.093,0.466
51075244.0,0.0146,0.0024,-1.0669,-0.088,-0.09,0.649
51088244.0,0.0137,0.0059,-1.063,-0.21,-0.273,0.527
51101244.0,0.0142,0.0034,-1.0557,-0.027,0.093,0.832
51114244.0,0.0166,0.0068,-1.062,-0.21,-0.09,0.771
51127244.0,0.0142,0.002,-1.0669,-0.271,-0.09,0.527
51140244.0,0.0127,0.002,-1.0684,-0.149,-0.212,0.588
51153244.0,0.0166,0.001,-1.0605,-0.149,0.093,0.71
51166244.0,-0.064,0.0522,-0.7241,-3.872,2.229,0.527
51179244.0,0.2046,-0.1558,-1.0615,9.129,3.877,1.015
51192244.0,0.2622,-0.2212,-1.8008,13.523,19.197,1.321
51205244.0,-0.0078,0.1221,-1.0947,-4.848,-1.555,0.405
51218244.0,-0.0317,0.1123,-0.8877,-8.51,-2.043,0.344
51231244.0,0.0073,-0.0234,-0.957,-1.369,-1.555,0.71
51244244.0,-0.0024,-0.0581,-1.0942,3.147,0.398,0.771
51257244.0,0.0244,-0.0073,-1.0698,0.523,0.154,0.649
51270244.0,0.0063,0.0142,-1.0488,-1.247,-0.09,0.771
51283244.0,0.022,-0.0005,-1.0332,-0.454,-0.273,0.893
51296244.0,0.0181,0.0107,-1.0693,0.034,0.154,0.588
51309244.0,0.0269,0.0015,-1.0645,0.34,0.154,0.954
51322244.0,0.0171,-0.002,-1.0781,-0.149,0.093,0.832
51335244.0,0.0142,-0.0068,-1.0669,0.156,-0.212,1.015
51348244.0,0.019,-0.0059,-1.0767,0.095,-0.09,0.588
51361244.0,0.02,0.0024,-1.064,0.034,0.093,0.588
51374244.0,0.0137,0.0034,-1.0664,-0.271,0.032,0.893
51387244.0,0.0176,0.0063,-1.061,-0.271,-0.029,0.71
51400244.0,0.0146,0.0059,-1.0601,0.034,-0.09,0.649
51413244.0,0.0137,0.0,-1.0552,-0.027,0.032,0.527
51426244.0,0.0122,0.0059,-1.0552,0.095,0.093,0.649
51439244.0,0.0137,0.0044,-1.0586,-0.21,-0.151,0.649
51452244.0,0.0181,0.0029,-1.061,0.156,-0.151,0.71
51465244.0,0.0176,0.0005,-1.0649,0.156,0.154,0.588
51478244.0,0.0156,0.002,-1.064,-0.088,-0.151,0.649
51491244.0,0.0161,0.0024,-1.0615,0.095,-0.212,0.771
51504244.0,0.0151,0.0015,-1.0605,0.034,-0.029,0.649
51517244.0,0.0166,-0.0049,-1.062,-0.027,0.154,0.771
51530244.0,0.0137,0.0044,-1.0605,0.034,-0.151,0.588
51543244.0,0.0161,0.0024,-1.0654,-0.21,0.154,0.649
51556244.0,0.0151,-0.001,-1.0635,-0.21,-0.09,0.527
51569244.0,0.0117,-0.0034,-1.062,-0.149,-0.09,0.588
51582244.0,0.0137,-0.0005,-1.0596,-0.027,-0.09,0.954
51595244.0,0.0186,0.0039,-1.0596,-0.027,0.154,0.405
51608244.0,0.0151,0.0024,-1.0605,0.034,-0.029,0.588
51621244.0,0.0166,0.0034,-1.0688,0.156,0.154,0.649
51634244.0,0.0132,0.0073,-1.0552,0.156,-0.029,0.71
51647244.0,0.0151,0.0034,-1.0703,0.095,0.154,0.771
51660244.0,0.0142,0.0005,-1.0576,-0.149,-0.029,0.71
51673244.0,0.0146,-0.0015,-1.0615,0.218,-0.273,0.771
51686244.0,0.0122,0.0039,-1.062,-0.027,0.154,0.466
51699244.0,0.0151,-0.0029,-1.061,0.034,-0.151,0.71
51712244.0,0.0137,-0.0005,-1.0557,0.156,-0.151,0.405
51725244.0,0.0132,0.001,-1.0601,0.034,0.215,0.649
51738244.0,0.0103,0.0005,-1.0605,-0.027,0.032,0.588
51751244.0,0.0127,0.0054,-1.0615,-0.027,-0.029,0.649
51764244.0,0.0146,-0.0015,-1.0645,-0.088,-0.151,0.954
51777244.0,0.0151,0.0044,-1.0596,-0.149,0.032,0.588
51790244.0,-0.0298,0.0811,-0.8882,-0.942,-1.433,0.466
51803244.0,0.0723,-0.0308,-1.0356,8.701,0.459,0.954
51816244.0,-0.0708,-0.041,-1.0576,5.406,-1.372,0.954
51829244.0,-0.0029,0.043,-1.0454,-4.055,-0.7,0.466
51842244.0,0.02,0.002,-1.0122,-1.43,-0.212,0.649
51855244.0,0.0312,-0.0239,-1.0562,1.438,0.093,0.71
51868244.0,-0.0024,-0.0015,-1.0918,0.889,-0.09,0.588
51881244.0,0.0278,-0.0005,-1.0898,-0.332,0.093,0.649
51894244.0,0.0151,-0.0073,-1.0654,-0.332,0.093,0.71
51907244.0,0.0122,-0.0122,-1.0669,0.218,0.215,0.649
51920244.0,0.0161,0.0122,-1.0693,-0.332,0.154,0.466
51933244.0,0.0269,0.0146,-1.0547,-0.088,0.032,0.71
51946244.0,0.0171,0.0054,-1.0708,-0.271,-0.212,0.771
51959244.0,0.0103,-0.0024,-1.0615,0.095,-0.029,0.588
51972244.0,0.0166,-0.002,-1.0581,-0.027,-0.334,0.649
51985244.0,0.0122,0.0005,-1.064,0.218,0.032,0.71
51998244.0,0.0146,0.002,-1.0635,-0.088,-0.09,0.527
52011244.0,0.0195,0.0044,-1.0586,-0.027,0.032,0.466
52024244.0,0.0161,0.0054,-1.0635,0.156,-0.09,0.466
52037244.0,0.0142,-0.0029,-1.0688,0.218,0.337,0.832
52050244.0,0.0161,-0.001,-1.0635,0.034,0.154,0.405
52063244.0,0.0156,0.0044,-1.0669,-0.149,0.276,0.649
52076244.0,0.0181,0.0039,-1.0679,-0.088,0.032,0.527
52089244.0,0.0142,-0.0015,-1.0601,0.034,0.276,0.832
52102244.0,0.0156,0.001,-1.0684,-0.149,-0.029,0.466
52115244.0,0.0107,0.0034,-1.0669,0.095,0.032,0.588
52128244.0,0.0166,0.0059,-1.0649,0.218,0.093,0.649
52141244.0,0.0142,0.0,-1.0688,0.34,0.154,0.649
52154244.0,0.0156,0.0015,-1.0615,0.034,-0.029,0.893
52167244.0,0.0161,-0.0005,-1.063,-0.332,0.215,0.649
52180244.0,0.0151,0.0029,-1.0649,0.095,0.032,0.893
52193244.0,0.0127,-0.0024,-1.061,0.034,-0.029,0.71
52206244.0,0.0137,0.0024,-1.0654,0.095,-0.029,0.466
52219244.0,0.0171,0.002,-1.0571,0.218,0.032,0.588
52232244.0,0.0088,0.0029,-1.0576,0.156,0.276,0.649
52245244.0,0.0181,0.0039,-1.062,0.034,-0.09,0.588
52258244.0,0.0156,0.0005,-1.0625,-0.149,0.032,0.588
52271244.0,0.0122,0.0024,-1.0605,-0.271,-0.09,0.527
52284244.0,0.0151,0.001,-1.0576,0.095,-0.09,0.71
52297244.0,0.0103,0.0039,-1.0654,-0.027,-0.212,0.71
52310244.0,0.0161,0.0024,-1.064,-0.088,-0.029,0.588
52323244.0,0.0127,0.0015,-1.061,-0.21,-0.029,0.71
52336244.0,0.0127,0.0015,-1.061,-0.088,-0.029,0.771
52349244.0,0.0142,-0.0005,-1.0654,0.034,0.032,0.466
52362244.0,0.0161,0.0,-1.062,-0.027,-0.09,0.71
52375244.0,0.0151,0.0059,-1.0649,-0.027,0.093,0.71
52388244.0,-0.042,0.1196,-0.5356,-10.891,-3.63,0.71
52401244.0,1.8423,-0.1416,-5.0396,47.703,64.363,-3.745
52414244.0,0.0469,-0.0137,-0.1436,-95.913,5.586,-9.055
52427244.0,0.0059,-0.1021,-0.5835,-54.836,30.672,-8.872
52440244.0,-0.9106,-0.4653,-0.1299,243.626,-73.271,-0.816
52453244.0,-0.6899,-0.1157,0.5073,-25.478,-30.974,-15.098
52466244.0,-0.4458,-0.499,-0.7559,47.459,-141.753,-9.849
52479244.0,0.3672,0.1128,-0.0332,-68.203,-0.7,-10.032
52492244.0,0.7134,-0.4297,-3.7661,92.808,25.606,3.03
52505244.0,-0.2329,0.21,-1.2324,-24.502,-28.41,1.076
52518244.0,-0.3115,-0.0571,-0.4102,7.359,-19.011,-0.877
52531244.0,0.1221,-0.147,-1.3867,10.288,4.365,1.137
52544244.0,-0.0107,-0.1602,-1.1611,11.997,1.619,0.71
52557244.0,0.0723,-0.0908,-1.3032,6.199,2.779,0.344
52570244.0,0.0068,0.1025,-1.0142,-5.52,-1.006,0.405
52583244.0,-0.0405,0.085,-0.71,-5.459,-2.165,0.405
52596244.0,0.0562,-0.0078,-1.1895,-0.698,1.192,0.588
52609244.0,0.002,-0.0088,-0.9795,0.523,0.459,0.527
52622244.0,0.0054,0.0259,-1.019,-1.43,-1.555,0.527
52635244.0,0.0308,0.0068,-1.1001,-0.454,0.52,0.588
52648244.0,0.0103,0.0166,-1.0142,0.462,0.215,0.588
52661244.0,0.0293,0.0122,-1.0615,-0.576,-0.09,0.466
52674244.0,0.0215,0.0,-1.0376,0.095,-0.09,0.466
52687244.0,0.0142,0.0083,-1.061,0.095,0.276,0.832
52700244.0,0.0117,0.0098,-1.0322,-0.271,-0.029,0.893
52713244.0,0.0293,0.0142,-1.0562,-0.027,-0.09,0.649
52726244.0,0.0264,0.0063,-1.0532,-0.332,0.154,0.527
52739244.0,0.0132,-0.0005,-1.0469,-0.149,-0.212,0.771
52752244.0,0.0225,0.0059,-1.0571,-0.576,-0.151,0.771
52765244.0,-0.1187,0.0669,0.1982,-22.732,-16.997,-2.708
52778244.0,-0.207,0.1782,-1.231,-14.309,-46.782,-0.572
52791244.0,-0.1685,-0.0327,-0.2251,-38.54,4.243,-2.586
52804244.0,0.2163,-0.2715,-1.6348,71.873,49.47,1.443
52817244.0,-0.2222,0.0293,0.4751,-35.549,-15.837,-9.483
52830244.0,-0.4507,0.0771,0.3779,8.457,-26.823,-0.877
52843244.0,-0.1187,0.0542,-0.9824,-18.032,-25.176,-0.51
52856244.0,-0.1357,0.0981,-0.2769,-13.943,-5.644,-0.816
52869244.0,0.0112,0.0171,-1.0835,-4.665,-6.865,0.954
52882244.0,-0.0059,0.0552,-0.79,-2.468,0.459,0.71
52895244.0,0.0391,0.0264,-1.1685,0.156,0.764,0.344
52908244.0,-0.0493,0.0479,-0.8945,-2.041,-1.86,0.649
52921244.0,-0.0112,0.0156,-0.9565,-1.858,-2.654,0.649
52934244.0,0.0195,-0.0078,-1.0972,-0.393,-0.09,0.649
52947244.0,0.0049,-0.0278,-1.0542,1.743,0.215,0.771
52960244.0,0.0166,0.0142,-1.0513,-0.393,-0.578,0.649
52973244.0,0.0337,0.0146,-1.0513,-0.637,0.215,0.649
52986244.0,0.019,0.0088,-1.0317,-0.21,-0.09,0.71
52999244.0,0.0195,0.0063,-1.0625,-0.332,-0.029,0.527
53012244.0,0.0239,0.002,-1.0635,0.095,-0.09,0.893
53025244.0,0.0225,0.0068,-1.0522,0.034,-0.273,0.649
53038244.0,0.0249,0.0005,-1.0576,0.095,-0.334,0.71
53051244.0,0.021,-0.0005,-1.0654,0.156,0.154,0.771
53064244.0,0.0161,-0.0015,-1.0469,-0.149,-0.212,0.649
53077244.0,0.0269,0.0024,-1.0586,-0.027,-0.029,0.527
53090244.0,0.0239,0.0073,-1.062,-0.21,-0.029,0.588
53103244.0,0.0195,0.0024,-1.0444,-0.393,-0.517,0.71
53116244.0,0.0225,0.0083,-1.0137,-1.491,-0.823,0.588
53129244.0,-0.2979,-0.0142,-0.5771,-0.21,40.376,0.588
53142244.0,0.1465,-0.0371,-2.2339,-67.837,22.92,-3.928
53155244.0,-0.2725,0.0112,0.3281,-104.702,-33.415,-11.863
53168244.0,1.3149,-0.6997,-4.1714,135.288,83.65,-1.975
53181244.0,0.3599,1.6899,0.208,-17.788,26.826,-0.327
53194244.0,-0.0825,0.0747,0.1221,-67.348,-23.344,-16.319
53207244.0,-0.5107,0.0542,0.5488,-64.358,-43.181,-7.652
53220244.0,-0.1138,0.0601,0.0107,-3.994,-16.631,-4.051
53233244.0,-0.0713,0.1851,-0.4409,-3.933,16.389,-0.572
53246244.0,0.2139,-0.2153,-1.6978,9.556,13.521,1.076
53259244.0,0.0625,0.0552,-1.3145,-4.238,2.473,0.344
53272244.0,0.0684,0.0649,-1.2061,-5.581,3.328,0.283
53285244.0,-0.0483,0.0195,-0.814,0.584,-3.752,0.893
53298244.0,0.0098,-0.0571,-1.1558,2.903,-2.226,1.076
53311244.0,0.0845,-0.0195,-1.2329,2.11,4.549,0.71
53324244.0,0.062,0.041,-1.1309,-0.576,3.206,0.405
53337244.0,0.0098,0.021,-0.9375,-0.637,-1.86,0.527
53350244.0,0.0342,0.0059,-1.0479,1.316,-0.395,0.832
53363244.0,0.0415,-0.0078,-1.124,-0.454,1.192,0.832
53376244.0,0.0293,0.0015,-1.0762,-0.027,0.154,0.588
53389244.0,0.0293,0.0073,-1.0488,-0.454,-0.029,0.527
53402244.0,0.0352,-0.0044,-1.0483,0.034,-0.334,0.588
53415244.0,0.0312,-0.0024,-1.0781,0.523,0.459,0.649
53428244.0,0.0312,-0.0049,-1.0605,0.279,0.215,0.649
53441244.0,0.0308,-0.0063,-1.0684,-0.088,-0.09,0.466
53454244.0,0.0225,0.001,-1.0542,-0.149,-0.212,0.527
53467244.0,0.0225,-0.0005,-1.0576,-0.088,-0.212,0.527
53480244.0,0.0308,0.0039,-1.0605,-0.149,0.215,0.588
53493244.0,0.0317,0.0034,-1.0562,0.279,-0.029,0.588
53506244.0,0.0312,0.0005,-1.0674,-0.088,0.093,0.71
53519244.0,0.0269,0.0015,-1.0625,0.401,-0.151,0.588
53532244.0,0.0298,-0.0034,-1.061,0.095,0.093,0.649
53545244.0,0.0308,0.0015,-1.0581,0.156,0.154,0.527
53558244.0,0.0312,0.0049,-1.0532,-0.149,0.093,0.832
53571244.0,0.0332,0.0029,-1.0557,0.095,0.032,0.893
53584244.0,0.0308,0.0054,-1.0771,0.095,0.154,0.588
53597244.0,0.0288,-0.0015,-1.0586,-0.088,-0.212,0.588
53610244.0,0.0303,0.0059,-1.063,-0.088,0.093,0.893
53623244.0,0.0308,0.0039,-1.0596,-0.088,0.032,0.527
53636244.0,0.0317,0.0005,-1.0625,0.034,0.276,0.649
53649244.0,0.0327,-0.0005,-1.0566,0.156,-0.212,0.588
53662244.0,0.0327,-0.0015,-1.0645,-0.027,-0.151,0.71
53675244.0,0.0308,0.0054,-1.062,0.034,0.032,0.832
53688244.0,0.0269,0.002,-1.0557,-0.088,-0.273,0.588
53701244.0,0.0308,0.0005,-1.0591,-0.088,-0.151,0.832
53714244.0,0.0298,0.001,-1.061,0.095,-0.151,0.466
53727244.0,0.0322,-0.0005,-1.0625,-0.027,0.032,0.832
53740244.0,0.0298,0.0005,-1.0596,0.034,0.093,0.588
53753244.0,0.0327,-0.0005,-1.0659,0.034,-0.029,0.649
53766244.0,0.0264,0.001,-1.0625,-0.027,0.154,0.588
53779244.0,0.0288,0.0005,-1.0591,-0.088,0.215,0.649
53792244.0,0.0293,-0.0005,-1.0625,0.095,-0.273,0.527
53805244.0,0.0317,0.0039,-1.062,-0.332,-0.395,0.588
53818244.0,0.0293,0.0049,-1.043,-0.576,-0.456,0.588
53831244.0,-0.0142,0.0894,-0.4893,-13.454,0.948,0.039
53844244.0,-0.5098,0.2593,0.0146,-10.525,2.901,-3.257
53857244.0,-0.1641,-0.0635,-0.522,-20.718,28.047,-0.938
53870244.0,0.061,-0.0703,-1.0957,40.989,20.235,0.222
53883244.0,-0.0605,0.2207,-0.4692,-24.319,9.798,0.161
53896244.0,0.1567,-0.1392,-1.2847,15.171,0.093,0.71
53909244.0,0.0454,-0.0679,-1.6602,-2.773,0.948,0.222
53922244.0,-0.0171,0.0576,-0.7656,-7.961,-3.386,0.283
53935244.0,-0.0103,0.1089,-0.647,-5.947,-4.79,0.344
53948244.0,0.1216,-0.0176,-1.2178,5.589,5.342,0.954
53961244.0,-0.0034,-0.0171,-1.1411,2.049,-0.823,0.71
53974244.0,0.0171,0.0117,-1.106,-0.759,1.009,0.649
53987244.0,0.0459,0.0049,-1.0093,-0.698,-0.029,0.344
54000244.0,0.0449,0.0029,-1.0796,0.279,0.459,0.832
54013244.0,0.019,-0.0034,-1.0508,1.011,0.642,0.71
54026244.0,0.0186,0.0015,-1.0498,0.279,-0.273,0.771
54039244.0,0.0332,0.0068,-1.0742,-0.21,-0.151,0.588
54052244.0,0.0269,-0.0054,-1.0376,0.095,0.093,0.954
54065244.0,0.0151,0.0,-1.0537,-0.271,-0.395,0.466
54078244.0,0.0293,-0.0029,-1.0728,0.095,-0.029,0.71
54091244.0,0.0278,0.0103,-1.041,-0.088,0.093,0.649
54104244.0,0.0317,0.0054,-1.0459,-0.393,-0.212,0.588
54117244.0,0.0259,0.0029,-1.0381,-0.698,-0.517,0.71
54130244.0,-0.0947,-0.1548,-0.9365,17.307,-9.428,0.71
54143244.0,0.312,0.0273,-1.9541,0.95,16.634,0.832
54156244.0,-0.1797,-0.0068,-0.2876,8.823,-7.231,0.344
54169244.0,0.0063,0.0156,-0.8857,-9.243,-14.006,0.405
54182244.0,0.1216,-0.0747,-0.9517,-0.637,6.502,0.832
54195244.0,-0.0234,-0.0142,-1.1406,1.011,-1.982,0.71
54208244.0,-0.0317,-0.0015,-0.9336,1.133,-3.813,0.283
54221244.0,-0.0122,0.0479,-0.8286,-1.125,-2.348,0.832
54234244.0,0.1143,-0.0029,-1.1587,-1.186,0.642,0.71
54247244.0,0.0391,-0.0229,-1.1172,1.804,1.131,0.588
54260244.0,0.0332,0.0068,-1.1162,0.645,-0.09,0.771
54273244.0,0.0503,0.0264,-1.0977,-1.186,0.276,0.466
54286244.0,0.0444,0.0049,-1.0542,0.401,0.154,0.71
54299244.0,0.0293,-0.0181,-1.0825,0.767,0.215,0.71
54312244.0,0.0264,-0.0044,-1.0859,0.462,0.215,0.649
54325244.0,0.042,0.0107,-1.0659,-0.149,0.032,0.649
54338244.0,0.0376,-0.002,-1.0615,0.034,-0.09,0.771
54351244.0,0.0303,-0.0098,-1.0635,0.218,0.215,0.649
54364244.0,0.0229,-0.0059,-1.0669,0.095,0.032,0.649
54377244.0,0.0361,-0.001,-1.0532,0.095,0.032,0.649
54390244.0,0.0376,0.0078,-1.0547,-0.393,-0.151,0.771
54403244.0,-0.0293,0.0649,-0.5303,-11.44,-1.128,0.1
54416244.0,-0.1777,0.2129,-0.3809,-13.576,-5.339,0.283
54429244.0,-0.2031,-0.0063,-0.0332,-21.511,11.262,-0.694
54442244.0,0.1255,-0.2866,-1.5996,66.624,-0.273,3.091
54455244.0,-0.2676,0.2056,-1.0962,-36.281,-23.283,-0.083
54468244.0,-0.1255,-0.0376,-0.2002,8.03,-14.494,0.405
54481244.0,-0.0039,-0.0156,-1.0073,-2.407,-7.231,0.283
54494244.0,-0.0972,-0.0317,-0.771,-0.759,-4.179,0.527
54507244.0,0.0708,-0.0649,-1.3779,0.523,-2.593,0.771
54520244.0,0.104,0.1445,-1.0615,-3.994,4.793,0.344
54533244.0,-0.0181,0.0503,-0.856,-3.078,-3.325,0.588
54546244.0,0.0073,-0.0073,-1.042,0.462,0.276,0.771
54559244.0,0.0366,-0.0293,-1.082,0.645,0.154,0.71
54572244.0,0.0269,0.0,-1.0737,-0.088,0.642,0.588
54585244.0,0.0161,0.0088,-0.9966,-0.454,-0.334,0.71
54598244.0,0.0332,0.0054,-1.0679,0.095,-0.273,0.771
54611244.0,0.0342,0.0195,-1.064,-0.576,0.154,0.71
54624244.0,0.0239,0.0063,-1.0488,-0.454,0.154,0.771
54637244.0,0.0303,0.0005,-1.0654,-0.21,0.032,0.832
54650244.0,0.0244,-0.0029,-1.0742,-0.027,-0.029,0.588
54663244.0,0.0283,0.0029,-1.0527,-0.149,-0.029,0.649
54676244.0,0.0317,0.0015,-1.0615,0.034,-0.029,0.527
54689244.0,0.0317,-0.0015,-1.0557,-0.21,0.154,0.649
54702244.0,0.0239,0.0029,-1.0625,-0.271,-0.212,0.71
54715244.0,0.0303,0.0044,-1.0645,-0.027,-0.212,0.771
54728244.0,0.0308,0.001,-1.0581,0.034,-0.029,0.71
54741244.0,0.0288,-0.0029,-1.0581,0.095,-0.029,0.527
54754244.0,0.0278,0.0034,-1.0659,-0.027,0.154,0.466
54767244.0,0.0298,-0.001,-1.0615,-0.088,0.093,0.71
54780244.0,0.0322,-0.001,-1.0557,0.095,0.032,0.649
54793244.0,0.0317,0.0005,-1.0659,0.034,0.276,0.771
54806244.0,0.0269,-0.0005,-1.064,-0.088,0.093,0.71
54819244.0,0.0303,0.0034,-1.0576,0.034,0.032,0.71
54832244.0,0.0303,0.002,-1.0674,0.034,0.093,0.588
54845244.0,0.0298,0.001,-1.0615,0.095,0.154,0.466
54858244.0,0.0273,0.0024,-1.0576,0.034,0.154,0.466
54871244.0,0.0303,0.001,-1.0674,-0.088,0.032,0.771
54884244.0,0.0278,0.0005,-1.0654,-0.21,-0.151,0.832
54897244.0,0.0322,0.0005,-1.0605,-0.21,-0.151,0.771
54910244.0,0.0283,0.0029,-1.0527,-0.515,-0.151,0.771
54923244.0,0.0,0.0459,-0.7959,-6.252,-0.517,0.405
54936244.0,-0.0508,0.2773,-1.0186,-17.116,2.107,0.039
54949244.0,-0.2344,0.0381,-0.0562,-20.046,3.938,0.1
54962244.0,0.0581,-0.1743,-0.9932,46.299,-4.485,1.87
54975244.0,-0.082,0.1602,-1.4336,-23.403,-17.851,0.039
54988244.0,0.0,-0.0889,-0.729,3.513,-3.813,-0.144
55001244.0,-0.0122,0.0532,-0.9907,-2.834,-2.593,0.527
55014244.0,-0.0786,-0.0264,-0.5972,7.664,-3.752,0.588
55027244.0,0.0864,-0.0381,-1.0898,4.368,5.037,0.771
55040244.0,0.0103,-0.0122,-1.1191,-0.393,-0.761,0.588
55053244.0,0.0381,-0.0039,-1.145,0.584,0.825,0.832
55066244.0,0.0356,0.0024,-1.0527,0.645,0.154,0.649
55079244.0,0.0415,-0.0098,-1.0552,-0.271,-0.456,0.527
55092244.0,0.0269,-0.022,-1.0542,1.194,0.276,0.527
55105244.0,0.0034,0.0054,-0.9233,-1.247,-0.517,0.527
55118244.0,0.1899,0.0273,-1.7573,3.33,8.455,0.405
55131244.0,-0.0781,0.0547,-0.7202,-7.351,1.558,0.405
55144244.0,-0.0156,0.0044,-0.7144,5.039,-6.377,0.344
55157244.0,0.2949,-0.0371,-1.6968,0.828,8.821,0.893
55170244.0,-0.0273,-0.0596,-0.7935,4.185,-1.86,1.076
55183244.0,0.0591,-0.0146,-1.3188,0.889,1.253,0.466
55196244.0,-0.0005,0.0054,-0.8999,-1.675,0.948,0.283
55209244.0,0.0586,0.0176,-1.1797,-2.59,-0.395,0.405
55222244.0,0.0186,0.0215,-1.0063,-1.919,1.375,0.832
55235244.0,0.0269,-0.0127,-1.0508,0.218,-0.639,0.466
55248244.0,0.0469,0.0039,-1.1011,0.218,0.154,0.527
55261244.0,0.0327,-0.0078,-1.0605,0.34,-0.029,0.832
55274244.0,0.0132,0.0029,-1.0376,-1.125,-0.578,0.649
55287244.0,0.0303,-0.0005,-1.0532,-0.088,-0.395,0.649
55300244.0,-0.0029,0.0205,-0.8174,-2.651,-4.851,0.527
55313244.0,0.1172,-0.0405,-1.4941,4.49,4.976,1.198
55326244.0,-0.0586,-0.0376,-0.7505,5.406,-1.128,0.71
55339244.0,0.105,0.0088,-1.3281,-2.346,0.703,0.344
55352244.0,0.0239,0.0225,-0.8862,-2.956,0.703,0.588
55365244.0,0.0156,-0.0024,-1.1011,-0.881,-2.165,0.954
55378244.0,0.0078,0.0015,-1.0449,-0.515,0.948,0.71
55391244.0,0.0376,0.0117,-1.0591,0.279,-0.029,0.649
55404244.0,0.041,0.0112,-1.0522,-1.186,0.154,0.954
55417244.0,0.0278,-0.0137,-1.0474,0.279,-0.029,0.649
55430244.0,0.0205,0.0039,-1.0674,-0.088,0.032,0.527
55443244.0,0.0342,0.0039,-1.0542,-0.149,-0.029,0.832
55456244.0,0.0371,0.0059,-1.0508,-0.21,-0.639,0.71
55469244.0,0.0293,0.001,-1.0518,-0.576,-0.395,0.832
55482244.0,-0.0522,0.0327,-0.48,-7.534,-7.658,0.344
55495244.0,0.3608,-0.1509,-2.355,10.227,11.751,1.321
55508244.0,-0.0869,-0.1167,-0.6641,10.288,-1.372,0.1
55521244.0,0.0122,0.0566,-1.0947,-7.839,-6.682,0.161
55534244.0,-0.0146,0.019,-0.7642,-6.618,0.703,0.771
55547244.0,-0.042,0.0,-1.0186,-2.407,-5.156,0.466
55560244.0,0.002,-0.0039,-1.0659,-1.064,-0.578,0.527
55573244.0,0.0176,0.0269,-1.0063,1.316,-0.456,0.527
55586244.0,0.0449,0.0347,-1.0771,-1.491,-0.09,0.71
55599244.0,0.0127,0.0015,-1.0112,-1.003,-0.273,0.649
55612244.0,0.0103,-0.0024,-1.0732,0.034,0.032,0.649
55625244.0,0.0298,0.0151,-1.0361,-0.149,-0.029,0.527
55638244.0,0.0396,0.0249,-1.0464,-0.332,-0.151,0.832
55651244.0,0.0273,0.0103,-1.0459,-0.637,-0.334,0.771
55664244.0,0.0127,0.0254,-0.9302,-2.651,-0.639,0.527
55677244.0,0.1992,0.0322,-1.833,2.476,9.981,0.71
55690244.0,-0.1016,0.0718,-0.5894,-9.975,0.276,0.1
55703244.0,0.0503,0.0435,-0.9888,7.053,-0.517,0.588
55716244.0,0.1836,0.0093,-1.3154,1.682,5.708,0.71
55729244.0,-0.0112,-0.0273,-0.7974,4.734,-2.226,0.832
55742244.0,0.1152,-0.042,-1.437,0.767,3.877,0.771
55755244.0,-0.0039,0.0078,-0.9258,0.156,-0.212,0.588
55768244.0,0.0537,-0.0068,-1.1172,-0.515,-0.639,0.71
55781244.0,0.0361,0.001,-1.0435,0.156,0.215,0.771
55794244.0,0.0298,-0.0137,-1.0903,0.706,0.215,0.954
55807244.0,0.0205,0.001,-1.0576,-0.576,-0.09,0.649
55820244.0,0.0303,-0.0112,-1.0405,0.156,-0.456,0.649
55833244.0,-0.0991,0.0298,-0.2476,-8.755,-15.044,0.161
55846244.0,0.5117,-0.1738,-2.7798,13.462,18.953,1.26
55859244.0,-0.1396,-0.083,-0.4136,2.293,-2.531,-0.816
55872244.0,-0.0605,0.1455,-0.7109,-14.98,-4.424,-0.755
55885244.0,-0.0947,0.022,-0.5625,-5.215,-6.743,0.832
55898244.0,-0.0039,0.0029,-1.1558,1.988,-3.447,0.71
55911244.0,0.022,0.0112,-1.0176,-2.773,3.938,0.466
55924244.0,0.0308,0.0366,-0.9609,-0.82,3.877,0.771
55937244.0,-0.0103,0.0288,-0.7749,-3.689,-4.607,0.588
55950244.0,-0.0146,-0.0049,-0.8872,-0.881,-0.823,0.405
55963244.0,0.0132,-0.0273,-1.0737,1.011,0.459,0.71
55976244.0,0.0225,0.0015,-1.0815,-0.637,0.215,0.527
55989244.0,0.0,0.0361,-0.8335,-3.689,-2.654,0.649
56002244.0,0.0679,0.0186,-1.3228,-2.529,-0.456,0.588
56015244.0,-0.0503,-0.0073,-0.7988,-1.491,2.718,0.893
56028244.0,-0.0054,0.019,-0.9746,-0.942,-3.142,0.283
56041244.0,0.0581,0.0234,-1.0444,-0.698,1.253,0.71
56054244.0,0.0308,0.0269,-1.0547,0.645,-0.334,0.771
56067244.0,0.002,0.0029,-1.0864,-0.942,1.07,0.649
56080244.0,0.0317,0.0015,-1.0254,1.255,-0.273,0.344
56093244.0,0.0508,0.0215,-1.0825,-0.393,0.215,0.588
56106244.0,0.0254,0.0005,-1.0298,-0.271,-0.212,0.893
56119244.0,0.0171,-0.0005,-1.0693,-0.454,-0.456,0.771
56132244.0,0.0278,-0.0005,-1.0527,-0.454,-0.273,0.405
56145244.0,0.0073,-0.0522,-0.9526,1.377,-6.682,0.588
56158244.0,0.0752,-0.0122,-1.4253,5.283,6.868,1.076
56171244.0,-0.0312,0.0,-0.7905,8.274,-1.189,0.893
56184244.0,0.0952,0.0112,-1.2192,-3.567,-0.395,0.405
56197244.0,0.0054,-0.0166,-0.8276,-1.125,-0.09,1.015
56210244.0,0.0171,-0.0298,-1.1563,1.011,-3.142,0.832
56223244.0,-0.0342,0.0068,-0.9658,-0.393,-1.067,0.649
56236244.0,0.0381,0.0239,-1.0684,-1.308,-0.823,0.71
56249244.0,0.0308,-0.0063,-1.0186,-0.942,0.093,0.649
56262244.0,0.0273,-0.0234,-1.0522,0.706,-0.334,0.527
56275244.0,0.0215,0.0024,-1.0762,-0.088,-0.029,0.71
56288244.0,0.0371,0.001,-1.0474,-0.21,-0.09,0.71
56301244.0,0.0327,0.002,-1.0576,-0.515,-0.334,0.893
56314244.0,0.0137,0.0098,-0.9731,-1.247,-1.189,0.649
56327244.0,0.0576,-0.022,-1.2129,0.523,-0.517,0.649
56340244.0,0.0103,0.0093,-1.0566,0.156,2.29,0.649
56353244.0,0.0146,0.0181,-0.9746,-0.271,-0.761,0.588
56366244.0,0.0645,0.0059,-1.1196,-0.454,0.337,0.771
56379244.0,0.0273,0.0044,-1.0254,0.462,-0.456,0.832
56392244.0,0.0151,-0.0063,-1.0977,-0.698,-0.395,0.466
56405244.0,0.0249,-0.0029,-1.0513,0.279,-0.09,0.649
56418244.0,0.0483,0.0078,-1.0693,-0.027,0.276,0.71
56431244.0,0.0327,0.0054,-1.0449,0.034,0.093,0.771
56444244.0,0.0225,-0.0034,-1.0723,0.095,-0.09,0.649
56457244.0,0.0273,-0.0073,-1.0718,-0.149,-0.029,0.771
56470244.0,0.0352,0.0034,-1.0391,-0.149,-0.334,0.649
56483244.0,0.02,-0.0005,-0.9775,-1.308,-4.24,0.527
56496244.0,0.0757,-0.0225,-1.3506,3.147,4.732,1.015
56509244.0,-0.02,-0.0122,-0.8926,4.856,0.276,0.71
56522244.0,0.043,0.0142,-1.1074,-1.552,-1.799,0.649
56535244.0,0.0342,-0.0005,-0.979,-0.454,-0.212,0.893
56548244.0,0.0298,-0.0176,-1.1323,0.034,-0.029,0.771
56561244.0,0.0054,-0.0103,-1.043,-0.088,-0.029,0.344
56574244.0,0.0493,0.0063,-1.0688,0.156,-0.151,0.588
56587244.0,0.0469,0.0005,-1.0615,-0.21,0.215,0.649
56600244.0,0.0234,-0.0098,-1.0527,0.156,-0.151,0.893
56613244.0,0.0225,-0.0039,-1.0815,-0.149,0.093,0.649
56626244.0,0.0386,0.002,-1.0547,0.218,0.215,0.771
56639244.0,0.0366,0.0122,-1.0435,-0.393,-0.273,0.832
56652244.0,0.0093,0.0107,-0.9624,-1.675,-1.372,0.588
56665244.0,0.0659,-0.021,-1.2783,0.523,-0.456,0.588
56678244.0,0.0034,0.0161,-1.0273,0.156,2.779,0.588
56691244.0,0.0063,0.0166,-0.9175,-1.003,-1.738,0.344
56704244.0,0.0605,0.0039,-1.1348,-0.149,0.52,0.588
56717244.0,0.0254,0.0049,-1.0103,0.523,-0.578,0.649
56730244.0,0.0176,0.0,-1.0918,-1.308,-0.151,0.527
56743244.0,0.02,-0.0029,-1.0391,0.156,0.093,0.466
56756244.0,0.0469,0.0059,-1.0747,0.156,0.52,0.71
56769244.0,0.0317,0.0063,-1.0469,-0.149,-0.029,0.771
56782244.0,0.0181,-0.0015,-1.0596,0.034,-0.273,0.832
56795244.0,0.0269,-0.0054,-1.0723,-0.21,-0.151,0.588
56808244.0,0.0396,0.0103,-1.0327,-0.942,-0.09,0.405
56821244.0,0.104,-0.0576,-1.3643,2.903,-1.372,0.893
56834244.0,0.04,0.0352,-1.2349,-0.21,6.258,0.832
56847244.0,-0.0127,0.0356,-0.8237,4.185,-0.517,0.527
56860244.0,0.0884,-0.0264,-1.2231,0.462,-0.517,0.649
56873244.0,0.0127,-0.0132,-0.8818,1.743,-0.456,0.71
56886244.0,0.063,-0.0132,-1.2563,0.034,1.619,0.771
56899244.0,0.001,0.0068,-0.9941,-0.759,-0.334,0.527
56912244.0,0.0527,-0.002,-1.0845,-0.088,0.032,0.832
56925244.0,0.0371,-0.0073,-1.0586,0.523,0.276,0.71
56938244.0,0.0308,-0.0112,-1.0645,0.34,-0.273,0.771
56951244.0,0.0176,-0.0044,-1.083,-0.271,0.093,0.893
56964244.0,0.0312,-0.0054,-1.0586,0.095,0.154,0.71
56977244.0,0.0347,0.0078,-1.0479,0.034,-0.334,0.527
56990244.0,0.0327,0.002,-1.0708,-0.332,0.154,0.588
57003244.0,0.019,0.0103,-1.0107,-1.369,-0.456,0.71
57016244.0,0.0508,-0.0234,-1.1611,0.095,-1.738,0.771
57029244.0,0.0381,-0.0029,-1.1812,1.499,3.511,0.649
57042244.0,0.0005,0.0137,-0.9219,0.828,-0.639,0.649
57055244.0,0.0654,0.0098,-1.1392,-1.003,-0.029,0.649
57068244.0,0.0366,0.0005,-1.0171,0.889,-0.273,0.771
57081244.0,0.0205,-0.0088,-1.1089,-0.576,0.459,0.832
57094244.0,0.0122,-0.0088,-1.0371,0.095,0.032,0.405
57107244.0,0.0479,0.0059,-1.0806,0.034,-0.151,0.588
57120244.0,0.0376,0.0,-1.0435,-0.149,0.093,0.588
57133244.0,0.0234,-0.0029,-1.0596,-0.027,-0.517,0.771
57146244.0,0.0229,-0.0044,-1.0713,-0.576,-0.456,0.649
57159244.0,-0.0054,0.0444,-0.7129,-5.031,-3.142,0.344
57172244.0,0.0239,-0.0078,-1.3066,-0.759,-2.531,0.832
57185244.0,-0.1074,-0.0542,-0.5317,2.049,0.398,0.588
57198244.0,-0.0181,0.0532,-1.0566,-2.529,-5.949,0.1
57211244.0,0.0327,0.0464,-0.9697,-3.689,0.948,0.649
57224244.0,-0.0122,0.0332,-0.9976,-2.346,-2.715,0.588
57237244.0,-0.0415,-0.0073,-0.9619,-2.041,-4.057,0.527
57250244.0,0.0015,-0.0132,-0.9976,2.415,-1.738,0.71
57263244.0,0.0508,0.0269,-1.1147,0.645,0.948,0.71
57276244.0,0.0186,0.0229,-1.0049,-0.942,-0.517,0.649
57289244.0,0.02,0.0078,-1.082,-0.942,-0.273,0.588
57302244.0,0.0312,-0.0103,-1.0649,0.645,0.093,0.588
57315244.0,0.0293,0.0112,-1.0518,0.34,0.154,0.832
57328244.0,0.0396,0.0098,-1.0605,-0.454,-0.09,0.527
57341244.0,0.0293,-0.0005,-1.0674,-0.088,-0.151,0.954
57354244.0,0.0229,-0.0054,-1.0586,-0.088,-0.029,0.527
57367244.0,0.0273,-0.0034,-1.0625,0.279,-0.151,0.466
57380244.0,0.0332,0.0039,-1.0654,0.034,0.154,0.527
57393244.0,0.0283,0.0034,-1.0591,0.095,-0.09,0.832
57406244.0,0.0273,-0.002,-1.0596,-0.027,0.093,0.649
57419244.0,0.0312,-0.0015,-1.0654,-0.088,0.032,0.649
57432244.0,0.0317,0.002,-1.064,0.095,0.032,0.527
57445244.0,0.0327,-0.0024,-1.0635,-0.332,-0.151,0.771
57458244.0,0.0293,0.0005,-1.0747,-0.027,-0.09,0.771
57471244.0,0.0312,0.0015,-1.0591,0.095,-0.151,0.832
57484244.0,0.0337,0.0044,-1.0615,-0.027,0.093,0.527
57497244.0,0.0303,0.0034,-1.0562,-0.088,-0.029,0.649
57510244.0,0.0278,0.0005,-1.062,-0.088,-0.151,0.588
57523244.0,0.0303,0.002,-1.061,-0.149,-0.09,0.832
57536244.0,0.0322,0.002,-1.0581,0.034,-0.029,0.527
57549244.0,0.0322,-0.002,-1.0596,-0.027,0.337,0.527
57562244.0,0.0254,-0.0034,-1.0615,-0.149,0.032,0.771
57575244.0,0.0347,-0.0005,-1.0659,0.034,0.276,0.71
57588244.0,0.0273,0.001,-1.0625,0.095,-0.09,0.832
57601244.0,0.0332,0.0024,-1.0605,0.095,0.093,0.649
57614244.0,0.0278,0.0029,-1.0693,0.279,-0.151,0.71
57627244.0,0.0312,0.0015,-1.0625,0.034,0.032,0.588
57640244.0,0.0303,0.0005,-1.0601,-0.088,0.032,0.588
57653244.0,0.0234,0.0015,-1.0625,-0.149,0.032,0.527
57666244.0,0.0288,0.0015,-1.0532,0.279,0.032,0.71
57679244.0,0.0298,0.001,-1.0586,-0.088,0.032,0.771
57692244.0,0.0312,-0.0005,-1.0684,0.279,0.215,0.71
57705244.0,0.0303,-0.0039,-1.0659,-0.027,0.215,0.71
57718244.0,0.0288,0.0039,-1.0684,0.156,0.032,0.832
57731244.0,0.0342,-0.0005,-1.0645,0.034,0.093,0.771
57744244.0,0.0298,-0.0005,-1.0566,-0.088,0.154,0.771
57757244.0,0.0288,0.002,-1.0635,0.156,0.032,0.954
57770244.0,0.0293,-0.0015,-1.0586,-0.088,0.093,0.71
57783244.0,0.0327,-0.0015,-1.0566,-0.088,0.154,0.588
57796244.0,0.0283,-0.0015,-1.063,0.095,-0.09,0.71
57809244.0,0.0298,0.0024,-1.0635,-0.027,-0.09,0.71
57822244.0,0.0327,0.0,-1.0659,0.034,-0.029,0.588
57835244.0,0.0269,-0.002,-1.061,-0.027,-0.029,0.649
57848244.0,0.0312,0.0,-1.0713,-0.027,-0.151,0.527
57861244.0,0.0298,-0.0044,-1.062,-0.149,0.093,0.649
57874244.0,0.0303,0.0039,-1.0562,-0.21,0.032,0.71
57887244.0,0.0298,0.0049,-1.0596,-0.027,0.154,0.466
57900244.0,0.0317,-0.0005,-1.0571,0.095,-0.09,0.649
57913244.0,0.0293,-0.0015,-1.0669,0.095,0.093,0.71
57926244.0,0.0327,0.0015,-1.0586,-0.088,-0.151,0.771
57939244.0,0.0312,0.0039,-1.064,-0.088,0.093,0.71
57952244.0,0.0322,0.001,-1.0615,-0.332,-0.029,0.832
57965244.0,0.0283,0.002,-1.0728,-0.149,0.215,0.588
57978244.0,0.0303,0.0,-1.0596,-0.088,-0.151,0.588
57991244.0,0.0322,-0.001,-1.0679,0.034,0.093,0.893
58004244.0,0.0264,-0.002,-1.0649,0.034,-0.151,0.71
58017244.0,0.0327,-0.0049,-1.0649,-0.454,-0.151,0.466
58030244.0,0.0283,0.002,-1.0654,-0.027,-0.09,0.71
58043244.0,0.0293,0.0029,-1.0591,0.095,0.032,0.893
58056244.0,0.0288,-0.0024,-1.0669,-0.027,-0.151,0.771
58069244.0,0.0322,-0.0005,-1.0615,0.095,-0.09,0.649
58082244.0,0.0298,0.0029,-1.062,-0.088,-0.029,0.832
58095244.0,0.0322,0.0015,-1.064,0.095,0.093,1.076
58108244.0,0.0288,0.002,-1.064,0.095,-0.029,0.588
58121244.0,0.0303,0.0005,-1.0684,-0.027,0.032,0.832
58134244.0,0.0312,-0.0015,-1.063,-0.21,-0.029,0.527
58147244.0,0.0308,-0.0024,-1.061,-0.271,0.215,0.649
58160244.0,0.0312,0.0015,-1.0571,0.095,0.032,0.588
58173244.0,0.0312,-0.0024,-1.0645,0.034,0.093,0.527
58186244.0,0.0278,0.0015,-1.0664,0.156,0.093,0.771
58199244.0,0.0312,0.0,-1.061,0.156,0.215,0.466
58212244.0,0.0312,0.0005,-1.062,0.095,0.093,0.588
58225244.0,0.0303,0.0024,-1.061,0.156,0.093,0.71
58238244.0,0.0337,0.0,-1.0586,-0.21,0.154,0.771
58251244.0,0.0234,0.0005,-1.0571,-0.088,0.093,0.588
58264244.0,0.0293,0.001,-1.0562,-0.21,0.032,0.71
58277244.0,0.0293,0.0029,-1.0537,-0.393,-0.395,0.588
58290244.0,0.0093,-0.0596,-0.979,2.354,-4.729,0.527
58303244.0,0.1216,-0.0195,-1.6196,3.88,6.135,0.893
58316244.0,-0.0767,0.0054,-0.5801,2.72,-0.334,0.466
58329244.0,0.0615,0.0518,-1.2212,-5.215,-5.949,0.283
58342244.0,0.0024,0.02,-0.8804,-1.98,0.764,1.076
58355244.0,-0.0107,-0.0176,-0.9961,2.598,-3.02,0.954
58368244.0,0.0937,-0.0127,-1.2339,-0.21,2.534,0.405
58381244.0,0.0239,0.0049,-0.9497,3.025,-1.189,0.649
58394244.0,0.0684,0.0278,-1.2422,-0.881,0.459,0.832
58407244.0,-0.0078,0.0098,-0.9233,-0.576,-0.09,0.71
58420244.0,0.0386,-0.0078,-1.1099,0.218,-0.639,0.527
58433244.0,0.0435,-0.0049,-1.0527,0.706,0.398,0.527
58446244.0,0.0308,0.0142,-1.0386,-0.027,-0.761,0.771
58459244.0,-0.0693,0.1318,-0.2051,-14.797,-4.912,-0.083
58472244.0,0.123,-0.1226,-2.1191,9.983,7.844,1.504
58485244.0,-0.1465,-0.0103,-0.4321,-1.003,2.107,0.588
58498244.0,0.3418,0.2285,-1.9316,-0.332,19.502,-0.694
58511244.0,-0.1221,0.1289,-0.4224,-4.909,-3.691,0.771
58524244.0,-0.085,0.0771,-0.5015,-3.323,-6.499,0.466
58537244.0,0.0664,-0.104,-1.5303,6.565,4.427,1.076
58550244.0,-0.0786,0.0352,-0.7217,3.269,-2.715,0.71
58563244.0,0.0493,0.0391,-1.1675,-1.675,0.52,0.466
58576244.0,-0.0059,0.1025,-0.959,-5.825,-1.372,0.527
58589244.0,-0.0181,0.0356,-0.8379,-3.078,-1.494,0.283
58602244.0,0.1279,-0.0244,-1.311,1.011,3.816,0.649
58615244.0,0.0376,0.0103,-1.0244,-0.698,0.948,0.71
58628244.0,0.1099,-0.0869,-1.5215,5.955,0.337,0.588
58641244.0,0.0156,0.0566,-1.2686,-2.102,5.769,0.649
58654244.0,-0.0659,0.0288,-0.5474,7.786,-5.705,0.71
58667244.0,0.0845,-0.063,-1.4116,2.049,0.948,1.137
58680244.0,-0.0503,-0.0864,-0.749,1.011,-1.006,0.832
58693244.0,0.0337,0.0103,-1.2446,-1.125,-1.799,0.649
58706244.0,0.0293,0.0068,-1.0083,-0.759,2.473,0.527
58719244.0,0.0439,0.0352,-1.0576,-1.186,-1.189,0.466
58732244.0,0.0391,0.0098,-1.0938,-1.43,0.886,0.832
58745244.0,0.0142,-0.0195,-0.98,0.584,-1.311,0.649
58758244.0,0.0366,-0.0015,-1.144,-0.21,0.52,0.71
58771244.0,0.0308,-0.0054,-1.0034,-0.698,0.093,0.71
58784244.0,0.0767,-0.0942,-1.3286,6.626,-1.86,0.832
58797244.0,0.0474,0.0264,-1.4048,0.34,5.525,1.076
58810244.0,-0.0723,0.0146,-0.5679,6.87,-3.874,0.954
58823244.0,0.0684,-0.0391,-1.3018,-0.149,-2.226,0.527
58836244.0,-0.0254,-0.0303,-0.7847,0.889,-0.761,1.015
58849244.0,0.0796,-0.0493,-1.3091,0.462,0.764,0.588
58862244.0,0.0298,-0.0088,-1.0586,-0.271,2.229,0.71
58875244.0,0.0586,0.0298,-1.0713,-1.247,-1.189,0.466
58888244.0,0.0308,0.0215,-1.0923,-1.308,0.642,0.588
58901244.0,0.019,-0.0156,-1.0103,0.156,-0.7,0.405
58914244.0,0.0327,0.0,-1.1196,-0.149,0.398,0.649
58927244.0,0.0342,-0.0029,-1.0332,0.095,-0.09,0.893
58940244.0,0.0352,0.0176,-1.063,-1.552,-0.273,0.649
58953244.0,0.0483,-0.04,-1.1289,1.927,-2.287,0.527
58966244.0,0.0669,0.0083,-1.3218,1.255,4.976,0.832
58979244.0,-0.0122,0.0103,-0.8267,2.476,-0.7,0.588
58992244.0,0.0698,-0.0005,-1.2041,-1.369,-0.456,0.649
59005244.0,0.0093,-0.0083,-0.9204,1.377,0.093,0.71
59018244.0,0.0366,-0.0244,-1.1533,0.218,-0.151,0.466
59031244.0,0.0166,0.0088,-1.0308,-0.637,0.703,0.527
59044244.0,0.0474,0.0122,-1.0645,-0.759,-0.7,0.527
59057244.0,0.0288,-0.0024,-1.0654,-0.332,0.581,0.832
59070244.0,0.0283,-0.0083,-1.0439,0.584,-0.334,0.527
59083244.0,0.0308,0.0054,-1.0972,-0.576,0.093,0.71
59096244.0,0.0342,0.001,-1.0356,0.156,-0.273,0.893
59109244.0,0.0332,0.0039,-1.0605,-0.332,-0.334,0.527
59122244.0,0.0103,-0.0371,-0.9575,1.804,-4.24,0.649
59135244.0,0.0898,-0.0063,-1.4644,3.33,5.708,0.954
59148244.0,-0.0288,0.0015,-0.7544,4.307,-0.945,0.71
59161244.0,0.0845,0.001,-1.2739,-1.675,-1.006,0.649
59174244.0,0.0039,-0.0083,-0.8726,0.034,0.398,0.771
59187244.0,0.0283,-0.0166,-1.1318,0.523,-0.761,0.588
59200244.0,0.0127,0.0063,-1.04,-0.637,0.276,0.527
59213244.0,0.0444,0.0176,-1.0444,-0.515,-0.884,0.527
59226244.0,0.0386,0.002,-1.0884,-0.576,0.459,0.771
59239244.0,0.0161,-0.0137,-1.0083,0.767,-0.456,0.771
59252244.0,0.0342,0.0015,-1.0972,-0.088,0.032,0.893
59265244.0,0.0342,0.0005,-1.0337,-0.027,0.032,0.649
59278244.0,0.0269,0.0063,-1.0547,-0.454,-0.334,0.71
59291244.0,-0.0059,0.0137,-0.8511,-3.017,-2.165,0.954
59304244.0,0.061,0.0845,-1.3047,-6.985,-2.837,0.466
59317244.0,-0.0322,-0.0215,-0.7178,-3.261,4.304,0.466
59330244.0,0.0298,0.0215,-1.0073,-0.576,-3.569,0.344
59343244.0,0.0781,0.0249,-1.2661,-0.271,2.718,0.771
59356244.0,-0.0068,0.0405,-0.9194,0.523,-1.433,0.832
59369244.0,0.0273,0.0352,-1.1597,-3.139,-1.067,0.527
59382244.0,0.0122,-0.0186,-0.9141,1.743,-0.761,0.588
59395244.0,0.0972,-0.041,-1.2212,2.842,1.619,0.893
59408244.0,0.0103,-0.0039,-1.0229,0.645,0.093,0.649
59421244.0,0.0278,0.0107,-1.0854,-0.759,-0.395,0.405
59434244.0,0.0283,0.0044,-1.0391,-0.149,0.032,0.893
59447244.0,0.0303,-0.0107,-1.0488,0.828,-0.517,0.71
59460244.0,0.0322,-0.0015,-1.0635,-0.393,-0.151,0.771
59473244.0,0.0425,-0.0967,-1.2021,6.992,-1.86,0.832
59486244.0,0.0244,0.0244,-1.3403,0.034,3.999,1.015
59499244.0,-0.0454,0.0337,-0.6479,4.978,-3.63,0.771
59512244.0,0.1621,-0.002,-1.3647,-1.308,1.802,0.588
59525244.0,-0.0068,-0.0273,-0.7832,2.354,-0.578,1.137
59538244.0,0.0645,-0.0522,-1.2773,2.232,0.703,0.832
59551244.0,-0.021,0.0049,-0.9702,-1.369,-1.006,0.527
59564244.0,0.0322,0.0288,-1.0469,-2.773,-2.226,0.466
59577244.0,0.0171,0.001,-1.0142,-0.881,0.154,0.71
59590244.0,0.0254,-0.0273,-1.0254,1.438,-0.456,0.527
59603244.0,0.0293,-0.0015,-1.1045,-0.393,0.154,0.649
59616244.0,0.0308,0.0044,-1.0273,-0.637,-0.273,0.588
59629244.0,-0.0225,0.0215,-0.8223,-3.872,-2.898,0.344
59642244.0,0.0225,0.0767,-1.1704,-6.924,-8.391,0.649
59655244.0,-0.0684,-0.0371,-0.6113,-1.43,2.718,0.588
59668244.0,0.0029,0.0166,-1.0771,-0.881,-4.607,0.344
59681244.0,0.0894,0.0269,-1.2549,-2.163,4.243,0.71
59694244.0,-0.0132,0.063,-0.9155,-0.393,-1.494,0.588
59707244.0,0.0142,0.0117,-1.168,-2.773,-1.433,0.71
59720244.0,-0.0078,-0.0073,-0.8584,1.438,-1.555,0.832
59733244.0,0.1064,-0.0415,-1.2397,2.171,2.29,0.893
59746244.0,0.0,-0.0156,-1.0054,1.621,0.093,0.893
59759244.0,0.0312,0.0127,-1.0879,-0.576,-0.212,0.527
59772244.0,0.0366,0.0093,-1.041,-0.515,0.093,0.405
59785244.0,0.0337,-0.0078,-1.041,0.584,-0.395,0.771
59798244.0,0.0161,-0.0117,-1.0601,0.034,-0.578,0.771
59811244.0,0.0,0.0088,-0.9136,-2.041,-1.677,0.466
59824244.0,0.0786,0.0215,-1.375,-2.59,-0.884,0.527
59837244.0,-0.0161,0.0068,-0.8877,-2.773,3.267,0.649
59850244.0,0.021,0.0244,-0.9458,-1.491,-3.081,0.344
59863244.0,0.0898,0.001,-1.2344,0.462,2.595,0.771
59876244.0,0.021,-0.0073,-0.9556,2.415,-1.189,0.832
59889244.0,0.0303,-0.0034,-1.168,-1.064,-0.151,0.588
59902244.0,0.0127,-0.0117,-0.9888,1.133,-0.578,0.71
59915244.0,0.0513,-0.0044,-1.1221,0.523,0.581,0.649
59928244.0,0.0273,0.0049,-1.0366,-0.149,0.215,0.832
59941244.0,0.0249,-0.001,-1.0757,-0.149,-0.09,0.771
59954244.0,0.0312,-0.0024,-1.0669,-0.454,0.032,0.771
59967244.0,0.0298,-0.0005,-1.0474,0.218,-0.212,0.832
59980244.0,0.0293,0.0146,-1.0049,-2.529,-0.517,0.71
59993244.0,0.1284,-0.0225,-1.583,-0.149,1.741,0.588
60006244.0,-0.0024,0.0547,-0.9458,-5.215,4.121,0.466
60019244.0,0.0093,0.0444,-0.8604,-1.43,-1.982,0.405
60032244.0,0.145,-0.0337,-1.3423,1.927,3.816,0.71
60045244.0,0.0107,-0.019,-0.9624,3.147,-0.578,0.832
60058244.0,0.0522,-0.0029,-1.2197,-1.614,0.154,0.466
60071244.0,0.0156,0.0015,-0.9644,0.279,-0.639,0.649
60084244.0,0.0625,-0.0112,-1.1343,0.828,0.398,0.832
60097244.0,0.0244,-0.001,-1.0371,-0.027,0.093,0.649
60110244.0,0.0303,-0.0044,-1.0757,0.156,-0.029,0.527
60123244.0,0.0327,-0.0029,-1.0698,-0.332,0.032,0.71
60136244.0,0.0312,-0.0005,-1.0469,0.156,-0.151,0.649
60149244.0,0.0337,0.001,-1.0625,-0.271,-0.151,0.71
60162244.0,0.0132,-0.0122,-1.0005,-0.637,-3.325,0.649
60175244.0,0.0801,-0.0117,-1.335,2.72,3.816,0.954
60188244.0,-0.0171,0.0093,-0.8506,2.72,-0.029,0.527
60201244.0,0.0703,0.0117,-1.1841,-1.614,0.032,0.344
60214244.0,0.0249,-0.0068,-0.9883,0.584,0.337,0.588
60227244.0,0.0308,-0.0195,-1.1201,0.706,0.032,0.832
60240244.0,0.0132,0.0024,-1.0337,-0.271,0.093,0.527
60253244.0,0.042,0.0107,-1.0625,-0.393,-0.151,0.771
60266244.0,0.0361,-0.0029,-1.0596,-0.515,0.032,0.649
60279244.0,0.0273,-0.0083,-1.0518,0.462,-0.029,0.893
60292244.0,0.0283,0.001,-1.0786,-0.271,0.093,0.588
60305244.0,0.0342,0.0073,-1.0469,0.218,0.032,0.588
60318244.0,0.0327,0.0044,-1.0483,-0.576,-0.334,0.771
60331244.0,-0.0093,-0.0049,-0.8594,-2.102,-4.912,0.466
60344244.0,0.0864,-0.0386,-1.439,5.406,4.854,1.137
60357244.0,-0.0283,-0.0234,-0.8135,6.077,-0.884,0.588
60370244.0,0.0435,0.0234,-1.1787,-1.797,-1.311,0.71
60383244.0,-0.0015,0.0088,-0.9028,-1.858,-0.884,0.771
60396244.0,0.0054,-0.02,-1.083,-0.149,-2.47,0.954
60409244.0,0.0049,-0.0044,-1.0215,-0.393,-0.273,0.222
60422244.0,0.0518,0.0127,-1.0786,-0.088,-0.456,0.649
60435244.0,0.0332,0.0068,-1.0649,-0.942,0.398,0.71
60448244.0,0.0166,-0.0161,-1.0381,-0.027,-0.517,0.771
60461244.0,0.0269,-0.0015,-1.0864,-0.088,-0.334,0.405
60474244.0,0.0376,0.001,-1.0356,-0.027,-0.273,0.466
60487244.0,0.2847,-0.3389,-2.3447,21.519,1.863,1.26
60500244.0,-0.0278,0.1069,-1.1187,-1.736,11.385,1.076
60513244.0,-0.043,-0.0513,-0.645,17.063,-4.24,0.832
60526244.0,-0.0063,-0.0454,-0.9409,-8.572,-15.776,-0.022
60539244.0,0.0396,-0.0664,-0.8555,0.889,2.84,0.832
60552244.0,0.085,-0.0186,-1.3433,2.903,1.863,0.832
60565244.0,-0.0586,0.0146,-0.855,-2.529,-2.959,0.649
60578244.0,0.0659,-0.0376,-1.2222,2.72,-1.067,0.588
60591244.0,0.0474,0.0337,-1.1553,0.523,1.741,0.771
60604244.0,0.02,0.0024,-0.9585,-2.163,-0.7,0.649
60617244.0,0.0229,-0.0239,-1.1118,0.523,-0.029,0.649
60630244.0,0.043,-0.0288,-1.0576,1.865,0.398,0.588
60643244.0,0.0317,0.0229,-1.0747,0.401,0.215,0.71
60656244.0,0.0342,0.0,-1.0571,-0.088,0.032,0.771
60669244.0,0.0269,-0.0073,-1.0703,0.34,0.215,0.893
60682244.0,0.0259,-0.0093,-1.0449,0.095,0.032,0.771
60695244.0,0.0322,-0.0073,-1.0786,0.218,-0.029,0.771
60708244.0,0.0254,0.001,-1.0571,0.218,-0.029,0.71
60721244.0,0.0259,0.0059,-1.0459,0.034,-0.273,0.71
60734244.0,0.0352,0.0,-1.0713,-0.027,-0.212,0.649
60747244.0,0.0283,0.002,-1.0508,0.279,-0.151,0.649
60760244.0,0.0283,0.0029,-1.0664,-0.271,-0.334,0.771
60773244.0,0.0312,-0.0015,-1.0708,-0.149,0.337,0.649
60786244.0,0.0269,0.0039,-1.0532,0.218,0.093,0.71
60799244.0,0.0347,-0.0044,-1.0586,-0.088,-0.029,0.588
60812244.0,0.0308,0.0068,-1.0669,-0.027,0.154,0.832
60825244.0,0.0269,0.0034,-1.0557,-0.027,-0.151,0.588
60838244.0,0.0352,0.0005,-1.0659,-0.332,-0.09,0.893
60851244.0,0.0298,0.0029,-1.063,-0.027,0.032,0.71
60864244.0,0.0264,-0.0005,-1.0625,-0.149,0.154,0.283
60877244.0,0.0303,0.0049,-1.0674,0.034,0.032,0.527
60890244.0,0.0347,0.0034,-1.061,0.34,-0.029,0.588
60903244.0,0.0308,0.0039,-1.0542,-0.088,-0.029,0.649
60916244.0,0.0312,0.001,-1.0654,0.034,-0.029,0.649
60929244.0,0.0312,0.0005,-1.0615,-0.21,-0.212,0.832
60942244.0,0.0308,-0.0005,-1.061,0.095,0.215,0.71
60955244.0,0.0298,0.0015,-1.0669,-0.088,0.215,0.832
60968244.0,0.0298,0.001,-1.0557,-0.088,0.093,0.71
60981244.0,0.0312,-0.0044,-1.0425,-0.332,-0.395,0.649
60994244.0,0.0293,0.0166,-1.103,-1.369,-2.043,0.466
61007244.0,0.0278,-0.0151,-1.0527,0.523,0.948,0.893
61020244.0,0.0122,0.0005,-1.0039,0.523,-0.7,0.649
61033244.0,0.0542,0.0063,-1.1143,-0.576,-0.029,0.588
61046244.0,0.0303,0.0078,-1.0596,0.523,0.215,0.832
61059244.0,0.0176,-0.0039,-1.0723,-0.149,0.459,0.71
61072244.0,0.0322,-0.001,-1.0454,0.401,0.093,0.527
61085244.0,0.0449,0.0112,-1.0767,-0.088,0.154,0.527
61098244.0,0.0254,-0.0044,-1.0449,0.034,-0.09,0.954
61111244.0,0.0161,0.0044,-1.0532,-0.271,-0.517,0.649
61124244.0,0.0405,-0.0049,-1.0928,-0.088,0.032,0.649
61137244.0,0.0298,0.0034,-1.063,0.401,0.276,0.71
61150244.0,0.0254,-0.0005,-1.0439,-0.149,-0.029,0.649
61163244.0,0.0303,0.0034,-1.0684,-0.027,-0.029,0.588
61176244.0,0.0391,0.0015,-1.0601,-0.088,0.032,0.832
61189244.0,0.0244,0.001,-1.0586,-0.149,-0.09,0.649
61202244.0,0.0312,-0.0039,-1.0771,0.156,0.154,0.527
61215244.0,0.0308,-0.0029,-1.0562,0.156,0.276,0.771
61228244.0,0.0293,0.0063,-1.0552,-0.271,0.032,0.405
61241244.0,0.0356,0.0049,-1.0659,0.034,-0.09,0.649
61254244.0,0.0205,0.0005,-1.0571,0.095,-0.09,0.405
61267244.0,0.0386,-0.0127,-1.0767,-0.027,0.032,0.71
61280244.0,0.0288,0.0054,-1.0635,0.095,0.337,0.649
61293244.0,0.0312,0.0,-1.0527,-0.149,-0.09,0.405
61306244.0,0.0249,0.0068,-1.0742,0.095,0.032,0.71
61319244.0,0.0317,0.0,-1.0591,0.095,-0.029,0.832
61332244.0,0.0337,0.0024,-1.0601,-0.393,-0.09,0.527
61345244.0,0.0303,-0.0112,-1.0679,-0.149,-0.029,0.71
61358244.0,0.0229,-0.002,-1.0562,-0.271,0.032,0.527
61371244.0,0.0269,0.0039,-1.0488,0.156,0.215,0.527
61384244.0,0.0415,0.0063,-1.0591,-0.21,-0.151,0.771
61397244.0,0.0308,-0.0005,-1.0674,-0.149,0.276,0.71
61410244.0,0.0215,-0.0015,-1.0679,-0.027,-0.151,0.588
61423244.0,0.0288,-0.0029,-1.0615,0.218,0.093,0.832
61436244.0,0.0347,0.0,-1.0562,-0.027,0.154,0.649
61449244.0,0.0293,0.0029,-1.0654,-0.088,-0.151,0.466
61462244.0,0.019,0.0,-1.0596,0.095,0.032,0.588
61475244.0,0.0288,-0.0049,-1.0576,-0.027,-0.09,0.771
61488244.0,0.0303,0.0034,-1.0576,0.095,-0.029,0.588
61501244.0,0.0303,-0.0005,-1.0625,-0.027,0.215,0.771
61514244.0,0.0273,-0.0005,-1.0659,-0.027,-0.212,0.71
61527244.0,0.0288,-0.0005,-1.0581,0.034,0.093,0.771
61540244.0,0.0298,0.0029,-1.0625,-0.088,-0.09,0.71
61553244.0,0.0337,0.001,-1.0576,-0.21,0.032,0.771
61566244.0,0.0259,-0.0029,-1.062,-0.027,-0.151,0.588
61579244.0,0.0332,0.002,-1.0581,0.034,-0.09,0.649
61592244.0,0.0317,0.0005,-1.0605,-0.027,-0.09,0.954
61605244.0,0.0322,-0.001,-1.0586,-0.21,0.032,0.588
61618244.0,0.0273,-0.0039,-1.0576,-0.088,0.032,0.771
61631244.0,0.0303,-0.001,-1.0649,-0.21,0.093,0.771
61644244.0,0.0342,0.0005,-1.0562,-0.21,0.154,0.71
61657244.0,0.0259,0.0015,-1.062,-0.027,-0.151,0.71
61670244.0,0.0254,0.0005,-1.0669,-0.027,-0.273,0.71
61683244.0,0.0269,0.0005,-1.0615,-0.088,0.032,0.71
61696244.0,0.0303,0.0015,-1.0698,0.218,0.032,0.649
61709244.0,0.0278,0.0,-1.0581,-0.21,-0.09,0.771
61722244.0,0.0298,-0.001,-1.063,-0.21,-0.029,0.466
61735244.0,0.0283,0.0039,-1.0557,-0.088,-0.09,0.588
61748244.0,0.0337,0.001,-1.063,0.034,-0.09,0.527
61761244.0,0.0312,0.0044,-1.0635,-0.332,-0.029,0.649
61774244.0,0.0308,0.0034,-1.0596,0.034,-0.029,0.649
61787244.0,0.0327,0.0015,-1.061,0.218,-0.09,0.71
61800244.0,0.0288,-0.0015,-1.062,-0.088,0.032,0.832
61813244.0,0.0327,0.0044,-1.0586,-0.027,-0.09,0.954
61826244.0,0.0254,0.0024,-1.0615,-0.027,0.093,0.71
61839244.0,0.0278,-0.001,-1.0576,-0.027,-0.029,0.771
61852244.0,0.0317,0.001,-1.0601,-0.088,0.032,0.771
61865244.0,0.0322,0.0034,-1.064,-0.027,0.032,0.649
61878244.0,0.0293,-0.0024,-1.0605,-0.149,-0.029,0.588
61891244.0,0.0293,0.002,-1.0645,0.156,0.276,0.71
61904244.0,0.0308,0.0,-1.0586,0.034,0.032,0.527
61917244.0,0.0288,0.0,-1.0586,0.095,0.093,0.893
61930244.0,0.0308,0.0049,-1.0571,0.095,0.032,0.649
61943244.0,0.0298,0.0024,-1.0605,0.034,0.215,0.832
61956244.0,0.0327,0.0015,-1.0542,-0.149,0.093,0.344
61969244.0,0.0254,0.002,-1.0513,-0.027,-0.09,0.771
61982244.0,0.0298,-0.0015,-1.0635,-0.027,-0.334,0.771
61995244.0,0.0322,-0.0049,-1.0605,0.034,-0.151,0.649
62008244.0,0.0288,0.0034,-1.063,-0.21,-0.09,0.588
62021244.0,0.0303,-0.0005,-1.062,-0.088,-0.029,0.649
62034244.0,0.0293,-0.0005,-1.0625,0.034,0.032,0.71
62047244.0,0.0278,0.0005,-1.062,0.034,-0.151,0.527
62060244.0,0.0308,0.002,-1.0664,-0.027,-0.151,0.832
62073244.0,0.0298,0.0015,-1.0562,0.156,-0.029,0.893
62086244.0,0.0249,0.0044,-1.0566,0.034,0.154,0.527
62099244.0,0.0298,0.0034,-1.061,-0.21,-0.151,0.649
62112244.0,0.0298,0.0034,-1.061,-0.027,0.093,0.649
62125244.0,0.0288,-0.0015,-1.0615,0.095,-0.212,0.71
62138244.0,0.0259,0.0015,-1.064,0.034,-0.09,0.71
62151244.0,0.0337,-0.0015,-1.0571,0.218,-0.09,0.527
62164244.0,0.0322,0.0024,-1.0654,-0.027,-0.029,0.588
62177244.0,0.0317,0.0005,-1.0654,-0.21,-0.212,0.344
62190244.0,0.0288,0.0044,-1.0674,0.156,-0.029,0.71
62203244.0,0.0308,-0.0005,-1.0601,-0.088,0.215,0.71
62216244.0,0.0298,0.0005,-1.0645,0.095,-0.09,0.588
62229244.0,0.0288,0.0005,-1.064,0.034,0.032,0.527
62242244.0,0.0278,0.0015,-1.0586,-0.149,0.215,0.771
62255244.0,0.0327,0.0015,-1.0601,-0.027,0.032,0.71
62268244.0,0.0288,-0.002,-1.0659,-0.149,0.093,0.771
62281244.0,0.0293,-0.0039,-1.0654,0.156,-0.151,0.527
62294244.0,0.0288,-0.0034,-1.063,-0.21,0.032,0.588
62307244.0,0.0361,0.0015,-1.0688,0.034,-0.029,0.71
62320244.0,0.0317,0.001,-1.0664,-0.149,-0.151,0.527
62333244.0,0.0322,0.0029,-1.0605,-0.088,0.093,0.954
62346244.0,0.0278,-0.0015,-1.0596,0.034,-0.09,0.771
62359244.0,0.0298,0.0,-1.062,-0.149,-0.09,0.527
62372244.0,0.0264,-0.001,-1.0645,0.034,0.032,0.893
62385244.0,0.0298,0.0015,-1.064,0.095,-0.212,0.893
62398244.0,0.0288,0.0029,-1.0596,-0.271,-0.151,0.527
62411244.0,0.0308,0.001,-1.0649,-0.027,-0.029,0.771
62424244.0,0.0298,-0.0005,-1.062,0.095,0.032,0.527
62437244.0,0.0278,0.0,-1.0649,-0.21,-0.212,0.832
62450244.0,0.0298,-0.0039,-1.0571,-0.088,-0.212,0.588
62463244.0,0.0303,0.0034,-1.063,-0.088,-0.09,0.466
62476244.0,0.0303,0.0005,-1.0552,-0.149,0.154,0.832
62489244.0,0.0298,0.0034,-1.0664,-0.088,0.032,0.527
62502244.0,0.0317,0.0,-1.0635,0.034,-0.029,0.588
62515244.0,0.0264,0.0024,-1.0605,0.156,0.032,0.832
62528244.0,0.0278,0.002,-1.063,-0.149,-0.09,0.405
62541244.0,0.0298,-0.0015,-1.064,0.218,-0.212,0.71
62554244.0,0.0303,0.002,-1.0601,-0.027,-0.151,0.71
62567244.0,0.0298,0.0005,-1.063,0.156,-0.029,0.954
62580244.0,0.0278,-0.001,-1.0596,-0.149,-0.029,0.771
62593244.0,0.0303,0.0063,-1.0625,-0.027,0.032,0.466
62606244.0,0.0327,0.0015,-1.0688,0.034,0.093,0.527
62619244.0,0.0215,0.002,-1.061,0.034,-0.151,0.527
62632244.0,0.0303,-0.0029,-1.0605,-0.088,0.093,0.771
62645244.0,0.0352,0.0024,-1.0596,-0.21,-0.09,0.527
62658244.0,0.0337,0.001,-1.0591,-0.149,-0.029,0.527
62671244.0,0.0288,0.0024,-1.0645,-0.088,0.093,0.832
62684244.0,0.0244,0.0,-1.0645,0.034,-0.029,0.71
62697244.0,0.0254,0.0005,-1.0649,-0.088,-0.09,0.649
62710244.0,0.0278,0.0005,-1.0659,-0.088,-0.09,0.771
62723244.0,0.0405,0.0005,-1.0684,-0.271,-0.09,0.649
62736244.0,0.0366,-0.0049,-1.0552,-0.149,-0.273,0.527
62749244.0,0.0264,0.0093,-1.0571,-0.149,0.032,1.198
62762244.0,0.0337,-0.0005,-1.0601,-0.027,-0.029,0.71
62775244.0,0.0317,-0.0005,-1.0601,0.034,0.093,0.588
62788244.0,0.0332,0.0083,-1.061,-0.088,0.215,0.588
62801244.0,0.0308,0.0,-1.063,0.095,0.032,0.771
62814244.0,0.0273,-0.0024,-1.0596,0.156,-0.151,0.771
62827244.0,0.0293,0.002,-1.0591,-0.027,0.032,0.71
62840244.0,0.0322,0.0005,-1.0645,0.095,-0.09,0.649
62853244.0,0.0283,0.0005,-1.064,-0.027,0.093,0.771
62866244.0,0.0322,0.0005,-1.0649,0.095,0.093,0.71
62879244.0,0.0298,0.0005,-1.062,0.034,-0.029,0.588
62892244.0,0.0283,0.0005,-1.0527,-0.027,-0.151,0.466
62905244.0,0.0317,0.0029,-1.0635,0.034,-0.151,0.893
62918244.0,0.0322,-0.0015,-1.0576,0.156,-0.151,0.771
62931244.0,0.0322,-0.0034,-1.0635,0.095,-0.151,0.71
62944244.0,0.0317,-0.001,-1.0659,0.095,-0.029,0.527
62957244.0,0.0283,0.0015,-1.0581,-0.088,-0.151,0.71
62970244.0,0.0317,0.001,-1.062,-0.027,0.093,0.771
62983244.0,0.0327,0.0049,-1.063,-0.027,-0.09,0.588
62996244.0,0.0298,-0.0005,-1.0679,-0.149,-0.029,0.588
63009244.0,0.0269,0.002,-1.0601,0.095,0.093,0.71
63022244.0,0.0303,0.0049,-1.0571,-0.21,0.032,0.771
63035244.0,0.0264,0.002,-1.0586,0.034,-0.029,0.649
63048244.0,0.0298,-0.001,-1.0654,0.095,0.154,0.71
63061244.0,0.0283,0.0005,-1.064,-0.027,0.032,0.832
63074244.0,0.0298,0.0034,-1.063,-0.149,0.093,0.527
63087244.0,0.0298,0.001,-1.0664,0.095,-0.09,0.771
63100244.0,0.0298,-0.002,-1.0684,0.095,-0.09,0.71
63113244.0,0.0269,0.0029,-1.0581,-0.088,0.032,0.649
63126244.0,0.0347,-0.0005,-1.0566,-0.149,0.032,0.71
63139244.0,0.0288,0.0,-1.0615,-0.088,-0.09,0.588
63152244.0,0.0273,0.0015,-1.064,0.034,-0.029,0.466
63165244.0,0.0264,-0.0015,-1.0669,0.218,0.093,0.588
63178244.0,0.0356,-0.0029,-1.0649,0.034,0.032,0.649
63191244.0,0.0283,-0.0049,-1.0674,-0.088,-0.029,0.649
63204244.0,0.0269,-0.0024,-1.063,0.218,0.032,0.649
63217244.0,0.0303,0.002,-1.0708,0.095,0.093,0.832
63230244.0,0.0342,0.0039,-1.0625,0.095,0.154,0.771
63243244.0,0.0322,0.0015,-1.0581,0.095,0.215,0.466
63256244.0,0.0239,0.0015,-1.0654,0.034,0.337,0.71
63269244.0,0.0317,-0.0024,-1.0664,0.218,0.093,0.771
63282244.0,0.0322,0.001,-1.0669,0.034,0.093,0.771
63295244.0,0.0298,0.0034,-1.0605,0.034,0.093,0.649
63308244.0,0.0283,0.001,-1.0557,0.095,-0.029,0.832
63321244.0,0.0317,-0.0039,-1.0664,0.218,0.154,0.649
63334244.0,0.0303,0.0034,-1.0605,0.095,0.154,0.771
63347244.0,0.0298,0.0,-1.062,-0.027,-0.212,0.71
63360244.0,0.0317,-0.0024,-1.063,0.034,0.032,0.71
63373244.0,0.0322,0.0015,-1.0605,-0.027,0.032,0.466
63386244.0,0.0205,0.0044,-1.0527,-0.088,-0.212,0.649
63399244.0,0.0298,0.0044,-1.0576,-0.027,-0.029,0.71
63412244.0,0.0342,-0.0005,-1.063,0.095,-0.151,0.649
63425244.0,0.0342,0.0024,-1.0625,-0.149,-0.273,0.71
63438244.0,0.0308,0.001,-1.0674,0.095,0.093,0.832
63451244.0,0.0249,0.002,-1.0581,-0.149,-0.029,0.649
63464244.0,0.0312,-0.0005,-1.0605,-0.088,0.032,0.588
63477244.0,0.0332,0.0024,-1.0654,0.218,0.276,0.649
63490244.0,0.0259,0.0034,-1.0605,0.095,-0.029,0.893
63503244.0,0.0264,-0.002,-1.0703,-0.027,0.032,0.588
63516244.0,0.0303,0.0024,-1.0581,-0.088,-0.029,0.649
63529244.0,0.0356,0.0063,-1.0586,-0.027,0.154,0.466
63542244.0,0.0308,0.001,-1.0625,-0.149,-0.151,0.71
63555244.0,0.0264,-0.0039,-1.0615,0.034,-0.273,0.71
63568244.0,0.0269,0.0,-1.0591,0.156,-0.09,0.832
63581244.0,0.0303,0.0024,-1.0674,-0.027,0.276,0.527
63594244.0,0.0303,0.0024,-1.0562,-0.027,0.093,0.71
63607244.0,0.0283,-0.0005,-1.0654,-0.027,0.215,0.649
63620244.0,0.0278,0.001,-1.0674,0.034,-0.09,0.71
63633244.0,0.0332,0.001,-1.0591,-0.149,-0.029,0.649
63646244.0,0.0322,0.0015,-1.0576,-0.088,-0.029,0.588
63659244.0,0.0278,-0.001,-1.063,-0.027,0.154,0.893
63672244.0,0.0273,0.0005,-1.061,-0.271,0.032,0.832
63685244.0,0.0312,0.0024,-1.0596,-0.088,0.093,0.649
63698244.0,0.0283,0.0039,-1.0557,-0.21,-0.212,0.954
63711244.0,0.0225,0.0044,-1.0591,-0.271,-0.029,0.588
63724244.0,0.0288,-0.0015,-1.0679,-0.088,-0.029,0.649
63737244.0,0.0366,0.0073,-1.0635,-0.149,-0.029,0.588
63750244.0,0.0347,0.0,-1.0674,-0.027,0.093,0.649
63763244.0,0.0278,0.002,-1.0601,0.095,0.093,0.71
63776244.0,0.0273,-0.001,-1.0625,0.095,0.032,0.588
63789244.0,0.0269,0.0029,-1.0581,0.156,-0.151,0.527
63802244.0,0.0293,0.0034,-1.0693,-0.088,-0.212,0.588
63815244.0,0.0259,0.0029,-1.0596,-0.332,-0.212,0.649
63828244.0,0.0273,0.0005,-1.0664,-0.21,-0.212,0.71
63841244.0,0.0361,0.0024,-1.0562,-0.149,-0.151,0.71
63854244.0,0.0312,0.0073,-1.0591,0.156,0.154,0.832
63867244.0,0.0293,-0.0015,-1.0659,-0.027,-0.029,0.588
63880244.0,0.0269,0.0,-1.0601,-0.027,0.154,0.71
63893244.0,0.0312,0.0029,-1.062,-0.027,-0.151,0.832
63906244.0,0.0308,0.0015,-1.0576,0.034,-0.212,0.771
63919244.0,0.0273,0.002,-1.061,-0.027,0.215,0.71
63932244.0,0.0298,0.002,-1.063,-0.149,-0.151,0.71
63945244.0,0.0303,0.001,-1.0571,0.095,-0.334,0.771
63958244.0,0.0308,0.0029,-1.0669,-0.271,0.032,0.893
